loan_id,no_of_dependents, education, self_employed, income_annum, loan_amount, loan_term, cibil_score, residential_assets_value, commercial_assets_value, luxury_assets_value, bank_asset_value, loan_status
1,2, Graduate, No,9600000,29900000,12,778,2400000,17600000,22700000,8000000, Approved
2,0, Not Graduate, Yes,4100000,12200000,8,417,2700000,2200000,8800000,3300000, Rejected
3,3, Graduate, No,9100000,29700000,20,506,7100000,4500000,33300000,12800000, Rejected
4,3, Graduate, No,8200000,30700000,8,467,18200000,3300000,23300000,7900000, Rejected
5,5, Not Graduate, Yes,9800000,24200000,20,382,12400000,8200000,29400000,5000000, Rejected
6,0, Graduate, Yes,4800000,13500000,10,319,6800000,8300000,13700000,5100000, Rejected
7,5, Graduate, No,8700000,33000000,4,678,22500000,14800000,29200000,4300000, Approved
8,2, Graduate, Yes,5700000,15000000,20,382,13200000,5700000,11800000,6000000, Rejected
9,0, Graduate, Yes,800000,2200000,20,782,1300000,800000,2800000,600000, Approved
10,5, Not Graduate, No,1100000,4300000,10,388,3200000,1400000,3300000,1600000, Rejected
11,4, Graduate, Yes,2900000,11200000,2,547,8100000,4700000,9500000,3100000, Approved
12,2, Not Graduate, Yes,6700000,22700000,18,538,15300000,5800000,20400000,6400000, Rejected
13,3, Not Graduate, Yes,5000000,11600000,16,311,6400000,9600000,14600000,4300000, Rejected
14,2, Graduate, Yes,9100000,31500000,14,679,10800000,16600000,20900000,5000000, Approved
15,1, Not Graduate, No,1900000,7400000,6,469,1900000,1200000,5900000,1900000, Rejected
16,5, Not Graduate, No,4700000,10700000,10,794,5700000,3900000,16400000,4400000, Approved
17,2, Graduate, Yes,500000,1600000,4,663,1300000,100000,1300000,700000, Approved
18,4, Not Graduate, Yes,2900000,9400000,14,780,2900000,2800000,6700000,4300000, Approved
19,2, Graduate, No,2700000,10300000,10,736,1000000,0,6200000,3300000, Approved
20,5, Graduate, No,6300000,14600000,12,652,10300000,3500000,23500000,5900000, Approved
21,2, Graduate, No,5000000,19400000,12,315,9500000,1600000,18000000,6100000, Rejected
22,4, Graduate, No,5800000,14000000,16,530,3800000,11300000,22200000,5400000, Rejected
23,4, Graduate, Yes,6500000,25700000,18,311,13100000,1700000,19500000,8500000, Rejected
24,0, Not Graduate, Yes,500000,1400000,2,551,900000,600000,1100000,300000, Approved
25,0, Not Graduate, No,4900000,9800000,16,324,3800000,8700000,10000000,3300000, Rejected
26,5, Not Graduate, No,3100000,9500000,20,514,7900000,3100000,6600000,2600000, Rejected
27,4, Graduate, No,8200000,28100000,12,696,11500000,10600000,25300000,7200000, Approved
28,4, Not Graduate, Yes,2400000,5600000,4,662,4500000,4200000,5400000,2500000, Approved
29,5, Not Graduate, Yes,7000000,24000000,6,336,2300000,11900000,27500000,9700000, Rejected
30,3, Not Graduate, Yes,9000000,31500000,10,850,21800000,12400000,33700000,8000000, Approved
31,2, Not Graduate, No,9800000,25300000,12,313,20200000,5200000,25500000,9300000, Rejected
32,2, Graduate, No,5700000,12000000,6,363,3600000,7400000,21700000,4300000, Rejected
33,1, Not Graduate, Yes,800000,1600000,10,436,700000,200000,2200000,1000000, Rejected
34,5, Not Graduate, Yes,8400000,22000000,2,830,3800000,3900000,19900000,5400000, Approved
35,3, Graduate, No,4900000,11900000,8,612,9700000,1200000,19000000,5800000, Approved
36,2, Graduate, Yes,1700000,3400000,8,691,2700000,2800000,6000000,900000, Approved
37,3, Not Graduate, No,1600000,6200000,18,636,3400000,700000,5300000,1400000, Approved
38,5, Graduate, Yes,8000000,27200000,6,348,6400000,300000,16700000,7100000, Rejected
39,5, Graduate, No,3600000,7700000,16,830,7000000,1300000,10000000,2900000, Approved
40,3, Not Graduate, Yes,1500000,5100000,6,352,100000,200000,5600000,900000, Rejected
41,1, Graduate, No,7800000,18100000,2,712,8600000,11200000,21700000,9000000, Approved
42,2, Not Graduate, No,9100000,24900000,16,822,22300000,12100000,31000000,5200000, Approved
43,3, Graduate, No,1400000,3400000,6,540,200000,1500000,3900000,800000, Rejected
44,2, Graduate, Yes,800000,2300000,12,342,2200000,1300000,1800000,800000, Rejected
45,5, Graduate, No,6500000,13400000,18,787,18200000,300000,16200000,5400000, Approved
46,4, Graduate, No,8000000,27800000,16,331,13000000,6300000,21400000,10900000, Rejected
47,3, Not Graduate, Yes,4200000,14600000,6,679,2400000,6900000,8700000,4900000, Approved
48,1, Graduate, Yes,4900000,19100000,14,677,5400000,9100000,17700000,6500000, Approved
49,3, Not Graduate, No,5500000,20500000,12,634,800000,8600000,18500000,8200000, Approved
50,1, Not Graduate, Yes,9500000,19100000,16,662,100000,10500000,37700000,11700000, Approved
51,4, Graduate, No,7300000,25400000,16,502,500000,1800000,20500000,10500000, Rejected
52,2, Graduate, No,8700000,24700000,10,435,6800000,3500000,21800000,11300000, Rejected
53,5, Not Graduate, No,3800000,7600000,4,689,8700000,100000,9300000,3400000, Approved
54,1, Not Graduate, Yes,8400000,23000000,12,657,15400000,14800000,31900000,8200000, Approved
55,2, Graduate, Yes,5100000,19700000,20,590,7400000,9300000,19400000,3400000, Approved
56,5, Not Graduate, No,6700000,24500000,12,818,1200000,5600000,16300000,6200000, Approved
57,2, Not Graduate, No,4300000,10600000,18,431,2100000,1500000,9300000,5200000, Rejected
58,5, Graduate, Yes,9300000,30500000,18,841,19300000,10300000,34600000,8700000, Approved
59,1, Graduate, No,7400000,18400000,20,421,18500000,9100000,17500000,4100000, Rejected
60,4, Not Graduate, Yes,5500000,18200000,16,797,-100000,4900000,18600000,4800000, Approved
61,2, Not Graduate, No,8500000,18900000,18,478,23800000,16300000,25900000,11400000, Rejected
62,3, Not Graduate, Yes,9600000,30500000,18,669,4700000,1900000,26500000,9300000, Approved
63,5, Not Graduate, Yes,8800000,28900000,6,365,24400000,8600000,27400000,4700000, Rejected
64,3, Not Graduate, Yes,3300000,7500000,20,586,1600000,5600000,10500000,2900000, Approved
65,4, Graduate, Yes,3900000,12300000,18,784,7600000,6900000,13100000,2800000, Approved
66,1, Graduate, No,4100000,10300000,12,364,9500000,6100000,14900000,2800000, Rejected
67,3, Not Graduate, No,8300000,29100000,10,715,6100000,11900000,24100000,11900000, Approved
68,0, Not Graduate, Yes,2700000,10100000,20,693,200000,1700000,5900000,1400000, Rejected
69,4, Graduate, No,5600000,12400000,4,777,5500000,3100000,11800000,5500000, Approved
70,0, Graduate, No,1900000,5000000,12,312,4000000,2800000,4900000,2400000, Rejected
71,4, Not Graduate, Yes,500000,1500000,20,340,100000,200000,1900000,600000, Rejected
72,5, Graduate, Yes,5300000,18600000,4,386,2700000,9700000,11900000,4200000, Approved
73,5, Not Graduate, No,7000000,18300000,4,418,18400000,11700000,21500000,7600000, Rejected
74,3, Not Graduate, Yes,5800000,16700000,16,735,3900000,9400000,12600000,5600000, Approved
75,2, Not Graduate, No,2600000,8400000,6,494,6500000,3800000,5600000,2000000, Rejected
76,2, Not Graduate, No,1900000,6500000,18,671,600000,2500000,4800000,1100000, Approved
77,4, Graduate, No,5700000,14800000,16,697,14300000,7800000,12900000,6300000, Approved
78,0, Graduate, No,9000000,33500000,8,801,11600000,8900000,35400000,11100000, Approved
79,2, Not Graduate, No,8500000,29400000,12,576,17600000,5600000,25200000,9000000, Approved
80,0, Not Graduate, No,700000,1400000,14,639,1900000,700000,2400000,900000, Approved
81,4, Graduate, No,3500000,8900000,4,470,1300000,2200000,12300000,2000000, Rejected
82,0, Not Graduate, No,8800000,31200000,4,826,2900000,500000,33300000,8600000, Approved
83,2, Not Graduate, Yes,9900000,21200000,16,363,25500000,11400000,26600000,6800000, Rejected
84,3, Graduate, No,3600000,8600000,20,613,9400000,300000,10300000,3300000, Approved
85,3, Not Graduate, Yes,3000000,8200000,16,713,5300000,5800000,11000000,3400000, Approved
86,2, Graduate, No,6800000,21200000,16,439,17100000,4700000,23300000,3600000, Rejected
87,5, Not Graduate, Yes,1100000,3800000,18,387,1300000,1200000,3800000,1600000, Rejected
88,1, Not Graduate, Yes,8700000,28300000,8,402,20400000,13600000,27900000,10200000, Rejected
89,4, Graduate, Yes,2000000,8000000,6,837,5100000,2600000,3900000,2900000, Approved
90,2, Not Graduate, No,9800000,37600000,10,641,24100000,0,23400000,7600000, Approved
91,4, Graduate, No,5700000,21100000,18,489,500000,4300000,12500000,6000000, Rejected
92,4, Graduate, No,8800000,20700000,18,540,19200000,3200000,22400000,12700000, Rejected
93,4, Graduate, No,3800000,8900000,4,844,9100000,3500000,13100000,4700000, Approved
94,1, Graduate, No,1700000,6400000,10,452,900000,1100000,5600000,2100000, Rejected
95,2, Graduate, No,1000000,2000000,10,366,1200000,400000,3200000,1300000, Rejected
96,5, Graduate, No,300000,1100000,2,300,100000,500000,700000,400000, Approved
97,2, Graduate, Yes,6600000,15000000,18,470,1200000,4800000,18200000,7000000, Rejected
98,2, Not Graduate, No,8700000,25000000,20,861,14700000,8500000,23200000,7300000, Approved
99,4, Graduate, No,9400000,29400000,12,562,25900000,15200000,36400000,7100000, Approved
100,0, Graduate, No,4400000,10800000,14,463,2400000,4800000,13800000,4700000, Rejected
101,4, Not Graduate, No,400000,900000,12,478,700000,100000,1200000,100000, Rejected
102,2, Not Graduate, Yes,300000,1100000,2,702,300000,200000,500000,200000, Approved
103,2, Not Graduate, Yes,4300000,12900000,20,618,11400000,3600000,11400000,2400000, Approved
104,4, Graduate, No,1600000,4500000,12,633,700000,1700000,4100000,1900000, Approved
105,5, Not Graduate, Yes,6200000,23600000,10,331,18500000,10300000,23800000,8700000, Rejected
106,3, Not Graduate, Yes,4200000,9700000,16,841,7800000,300000,16700000,5100000, Approved
107,4, Not Graduate, Yes,9000000,18100000,12,764,600000,16500000,20800000,11600000, Approved
108,0, Graduate, No,2700000,10600000,6,591,1300000,2700000,9900000,1800000, Approved
109,1, Graduate, Yes,9700000,35900000,2,719,19600000,7600000,20400000,10900000, Approved
110,2, Graduate, No,3300000,6800000,14,317,3400000,300000,11700000,3600000, Rejected
111,0, Not Graduate, No,300000,1100000,8,778,800000,200000,900000,100000, Approved
112,3, Graduate, Yes,7400000,18200000,14,302,5600000,3100000,17900000,5000000, Rejected
113,5, Not Graduate, No,7100000,19700000,8,502,7300000,5600000,25300000,9800000, Rejected
114,5, Not Graduate, Yes,7300000,22100000,18,879,19500000,10600000,19300000,9800000, Approved
115,1, Not Graduate, No,8400000,23400000,14,437,15400000,5800000,33400000,8100000, Rejected
116,0, Not Graduate, Yes,3300000,10800000,12,797,600000,6000000,7700000,3300000, Approved
117,4, Not Graduate, Yes,5800000,23200000,18,456,16100000,4200000,22600000,7500000, Rejected
118,0, Not Graduate, No,600000,1600000,6,647,1500000,600000,1500000,700000, Approved
119,0, Not Graduate, No,7200000,15800000,12,379,12700000,12200000,21500000,3600000, Rejected
120,1, Not Graduate, Yes,9100000,32900000,2,717,2200000,2000000,23600000,5900000, Approved
121,5, Graduate, No,900000,2300000,16,545,100000,200000,2700000,800000, Rejected
122,2, Graduate, No,800000,3200000,8,317,300000,1000000,2000000,900000, Rejected
123,1, Not Graduate, No,8500000,32900000,10,570,5100000,6200000,20500000,5500000, Approved
124,0, Not Graduate, Yes,9000000,18700000,18,865,26800000,0,20900000,11300000, Approved
125,3, Graduate, No,7000000,19500000,14,719,12200000,10300000,18200000,10200000, Approved
126,3, Graduate, No,200000,600000,16,821,400000,100000,500000,100000, Approved
127,4, Not Graduate, Yes,400000,800000,10,859,900000,500000,800000,200000, Approved
128,3, Not Graduate, No,5100000,18200000,10,395,100000,8000000,15500000,6300000, Rejected
129,2, Not Graduate, Yes,700000,2600000,12,429,1600000,1300000,2700000,800000, Rejected
130,3, Graduate, No,400000,1200000,12,861,200000,600000,1100000,200000, Approved
131,0, Not Graduate, Yes,9500000,20800000,14,565,15100000,11900000,33900000,13400000, Approved
132,5, Graduate, No,8800000,22600000,10,357,7900000,8600000,18200000,4900000, Rejected
133,3, Not Graduate, Yes,1800000,3600000,18,465,600000,500000,5400000,2600000, Rejected
134,4, Not Graduate, Yes,6800000,13900000,8,479,11700000,9100000,25700000,9600000, Rejected
135,3, Not Graduate, No,1500000,5500000,16,717,2100000,800000,4400000,1300000, Approved
136,3, Graduate, No,1600000,5500000,12,425,600000,800000,5400000,900000, Rejected
137,2, Not Graduate, No,4600000,16700000,2,786,200000,5900000,13900000,6100000, Approved
138,5, Not Graduate, Yes,2200000,6700000,6,382,4400000,1300000,8600000,1100000, Rejected
139,3, Not Graduate, Yes,2900000,8500000,12,564,1000000,3100000,7500000,1800000, Approved
140,0, Graduate, No,200000,700000,8,501,500000,200000,700000,100000, Rejected
141,2, Not Graduate, Yes,2500000,9400000,10,727,6600000,4100000,9500000,3300000, Approved
142,4, Not Graduate, No,3600000,7500000,6,894,1100000,6500000,7400000,2800000, Approved
143,0, Graduate, Yes,5500000,16700000,18,829,5500000,1300000,12800000,5900000, Approved
144,4, Not Graduate, No,6600000,17400000,20,506,2600000,10000000,25900000,7200000, Rejected
145,2, Graduate, Yes,8600000,32100000,6,802,9400000,16700000,24500000,9800000, Approved
146,5, Not Graduate, No,600000,1500000,14,543,300000,900000,2100000,300000, Rejected
147,3, Graduate, Yes,1400000,3200000,20,772,2400000,900000,5100000,1600000, Approved
148,3, Graduate, No,4000000,11100000,12,572,9700000,100000,12500000,2400000, Approved
149,0, Not Graduate, Yes,4900000,11900000,16,709,14600000,900000,18500000,3800000, Approved
150,5, Graduate, No,2000000,6200000,18,402,4000000,2100000,7200000,1100000, Rejected
151,1, Not Graduate, Yes,5200000,19300000,8,481,14300000,9500000,18800000,4200000, Rejected
152,5, Graduate, Yes,8900000,28800000,6,772,13600000,5500000,20400000,8400000, Approved
153,1, Graduate, Yes,6500000,20600000,2,306,15900000,1900000,18100000,3200000, Approved
154,2, Not Graduate, No,1300000,4500000,6,415,0,900000,2900000,1200000, Rejected
155,3, Not Graduate, No,9400000,35000000,16,548,18200000,4400000,36100000,4800000, Rejected
156,5, Not Graduate, No,5000000,11200000,8,701,9100000,500000,14000000,4600000, Approved
157,2, Graduate, No,3000000,7700000,12,890,4700000,4300000,8400000,2100000, Approved
158,5, Not Graduate, Yes,9900000,33300000,6,364,5300000,18700000,27800000,8300000, Rejected
159,5, Graduate, Yes,700000,1300000,20,704,1600000,0,2200000,600000, Approved
160,3, Graduate, Yes,4000000,10600000,10,318,1500000,5100000,8000000,4900000, Rejected
161,5, Not Graduate, No,3100000,9600000,2,761,5800000,1800000,10400000,4200000, Approved
162,4, Not Graduate, No,4500000,15100000,6,693,3700000,1500000,17800000,6000000, Approved
163,3, Not Graduate, No,9700000,20600000,16,524,24200000,11100000,27400000,6100000, Rejected
164,2, Not Graduate, Yes,2000000,5300000,10,681,4900000,1400000,4300000,2900000, Approved
165,2, Graduate, Yes,8100000,22300000,18,737,22300000,12600000,27000000,7300000, Approved
166,0, Not Graduate, No,5700000,15900000,16,638,100000,9500000,16300000,4500000, Approved
167,4, Not Graduate, No,5800000,12800000,2,656,500000,5000000,16000000,2800000, Approved
168,1, Graduate, No,1800000,6500000,6,540,2500000,3200000,5000000,1100000, Rejected
169,4, Not Graduate, Yes,9100000,35200000,6,341,1000000,300000,23100000,8200000, Rejected
170,0, Not Graduate, Yes,4800000,17500000,2,371,11700000,6800000,18700000,3500000, Approved
171,3, Not Graduate, Yes,3800000,10500000,12,886,4000000,500000,14900000,2300000, Approved
172,0, Not Graduate, No,1900000,4100000,18,801,400000,800000,4800000,1200000, Approved
173,3, Not Graduate, Yes,3600000,9500000,16,748,7700000,2400000,9700000,2600000, Approved
174,2, Not Graduate, Yes,7400000,28200000,8,376,21900000,5000000,17400000,5200000, Rejected
175,4, Not Graduate, Yes,6600000,14300000,8,371,10800000,9500000,18500000,7400000, Rejected
176,2, Graduate, No,1800000,5300000,6,826,4500000,700000,6500000,1300000, Approved
177,4, Not Graduate, No,9200000,27200000,12,873,4500000,1800000,33800000,11400000, Approved
178,5, Not Graduate, Yes,2400000,8600000,8,309,500000,600000,5700000,2800000, Rejected
179,4, Not Graduate, No,5600000,13300000,20,869,3300000,7500000,20000000,6500000, Approved
180,5, Graduate, No,3800000,13900000,12,534,4700000,2900000,8200000,2800000, Rejected
181,3, Not Graduate, Yes,4500000,17900000,6,787,9800000,3600000,14300000,4200000, Approved
182,0, Graduate, Yes,900000,2200000,16,566,100000,700000,2000000,600000, Approved
183,0, Not Graduate, No,2800000,9900000,8,742,4900000,1300000,6700000,1700000, Approved
184,2, Not Graduate, No,7500000,23100000,4,824,12100000,10900000,26300000,9500000, Approved
185,4, Graduate, No,1400000,3100000,14,575,3000000,2100000,4900000,1400000, Approved
186,2, Graduate, Yes,3800000,10900000,10,766,1900000,3900000,8600000,3000000, Approved
187,1, Not Graduate, Yes,1700000,5000000,10,888,2900000,900000,4100000,2200000, Approved
188,3, Graduate, Yes,9000000,30400000,6,638,16800000,11000000,26900000,9200000, Approved
189,5, Not Graduate, Yes,7300000,23300000,6,622,7100000,11600000,26400000,10500000, Approved
190,1, Not Graduate, No,7400000,19800000,18,458,12600000,6200000,27700000,4000000, Rejected
191,1, Not Graduate, No,9000000,28200000,16,327,1700000,2300000,24000000,11200000, Rejected
192,0, Not Graduate, No,3000000,6500000,2,612,8800000,3400000,6700000,1700000, Approved
193,1, Graduate, No,800000,2900000,8,682,2200000,1100000,2900000,700000, Approved
194,2, Graduate, No,4800000,13200000,2,583,13700000,5800000,9500000,5200000, Approved
195,5, Not Graduate, No,6400000,18300000,8,697,10000000,3600000,22500000,3600000, Approved
196,3, Graduate, No,9200000,27100000,12,306,5800000,11500000,28000000,9600000, Rejected
197,4, Not Graduate, Yes,400000,1500000,2,669,-100000,600000,900000,500000, Approved
198,2, Not Graduate, No,2800000,6000000,18,816,6300000,4200000,8000000,3400000, Approved
199,4, Not Graduate, Yes,8500000,28900000,20,455,15200000,5800000,22500000,9400000, Rejected
200,3, Graduate, Yes,4700000,16400000,10,318,11400000,8100000,16200000,4300000, Rejected
201,4, Not Graduate, Yes,9800000,21200000,20,355,22000000,8900000,31800000,14400000, Rejected
202,2, Not Graduate, Yes,3800000,8900000,16,389,200000,5600000,12200000,2200000, Rejected
203,2, Graduate, No,500000,1500000,2,888,1500000,300000,1500000,600000, Approved
204,2, Graduate, Yes,6900000,15600000,6,352,13000000,5300000,22600000,10000000, Rejected
205,4, Not Graduate, Yes,9600000,30100000,12,870,300000,6700000,38200000,5600000, Approved
206,3, Not Graduate, No,2900000,6500000,18,827,8300000,600000,10400000,3200000, Approved
207,2, Graduate, No,9800000,20900000,12,768,3400000,10200000,38600000,13400000, Approved
208,0, Graduate, No,7100000,15400000,18,707,10300000,10800000,19600000,5800000, Approved
209,1, Not Graduate, Yes,7700000,19100000,10,355,11300000,4900000,21900000,6600000, Rejected
210,3, Graduate, No,1400000,3300000,2,652,100000,2100000,3500000,1900000, Approved
211,3, Graduate, No,7800000,15900000,2,665,14400000,900000,27200000,5400000, Approved
212,5, Not Graduate, Yes,1700000,6000000,18,420,500000,1600000,3700000,2300000, Rejected
213,2, Not Graduate, No,8500000,32700000,18,471,12600000,9400000,33900000,12500000, Rejected
214,5, Not Graduate, No,1900000,7500000,20,715,5100000,2800000,6500000,2800000, Approved
215,2, Not Graduate, Yes,6700000,15200000,10,689,0,8200000,15000000,6800000, Approved
216,3, Graduate, Yes,6900000,16400000,4,787,11100000,6100000,26400000,3800000, Approved
217,2, Graduate, No,2600000,7800000,4,819,3100000,4300000,5700000,1500000, Approved
218,4, Graduate, Yes,9600000,21100000,6,809,16100000,9500000,34700000,8700000, Approved
219,1, Not Graduate, Yes,6800000,17000000,2,744,15500000,3900000,23700000,3500000, Approved
220,0, Not Graduate, No,3200000,11300000,6,484,3500000,5500000,8500000,2100000, Rejected
221,4, Not Graduate, No,2900000,10400000,6,673,5100000,1700000,10600000,1700000, Approved
222,3, Graduate, Yes,7900000,21200000,18,695,13800000,10600000,21800000,4900000, Approved
223,4, Not Graduate, Yes,3900000,12400000,12,473,6400000,4700000,13100000,3800000, Rejected
224,4, Graduate, Yes,4600000,11000000,2,491,9000000,4000000,16100000,3500000, Rejected
225,3, Not Graduate, Yes,700000,1700000,8,733,1200000,800000,2400000,500000, Approved
226,0, Not Graduate, No,5200000,15600000,20,434,14100000,5800000,18100000,5500000, Rejected
227,3, Not Graduate, Yes,5900000,20600000,10,777,1900000,4600000,21200000,6400000, Approved
228,4, Graduate, No,7200000,19100000,4,774,9400000,7000000,17900000,3600000, Approved
229,1, Not Graduate, Yes,8700000,27000000,10,717,25500000,8600000,17500000,9100000, Approved
230,3, Not Graduate, Yes,1100000,3500000,12,503,3000000,400000,2200000,1200000, Rejected
231,1, Graduate, Yes,4000000,10900000,14,598,3600000,6600000,13600000,4400000, Approved
232,2, Graduate, No,9800000,32400000,2,543,24200000,17500000,25700000,7700000, Approved
233,0, Not Graduate, Yes,2700000,6800000,20,796,700000,4200000,7000000,1900000, Approved
234,3, Not Graduate, Yes,8800000,34600000,8,386,14800000,16500000,18400000,6000000, Rejected
235,5, Not Graduate, Yes,3300000,7800000,16,632,8500000,500000,7100000,4900000, Approved
236,1, Graduate, Yes,6900000,23400000,4,481,18700000,1100000,23400000,10200000, Approved
237,3, Graduate, Yes,900000,3500000,4,770,700000,0,2000000,600000, Rejected
238,3, Graduate, Yes,4100000,15500000,6,667,2800000,1600000,14700000,4000000, Approved
239,3, Not Graduate, Yes,4700000,17500000,8,585,1200000,3100000,9600000,4900000, Approved
240,5, Graduate, Yes,3400000,11600000,16,479,9200000,5700000,11200000,2400000, Rejected
241,2, Graduate, No,9600000,22500000,18,851,7400000,16200000,24300000,12700000, Approved
242,3, Not Graduate, Yes,7000000,16200000,6,378,20000000,12600000,20300000,5500000, Rejected
243,5, Graduate, No,5700000,12900000,18,807,4100000,900000,18600000,5500000, Approved
244,1, Not Graduate, Yes,8200000,32400000,18,831,22800000,12300000,17700000,7800000, Approved
245,2, Not Graduate, No,2100000,5100000,12,674,2200000,3200000,6400000,2400000, Approved
246,1, Not Graduate, Yes,8000000,28100000,18,725,1900000,12800000,23000000,7500000, Approved
247,2, Not Graduate, No,8000000,29300000,4,600,16500000,13200000,29400000,6500000, Approved
248,0, Not Graduate, Yes,9400000,27000000,10,536,4400000,1700000,33800000,4800000, Rejected
249,0, Graduate, No,8400000,20600000,10,477,1500000,1500000,25000000,11900000, Rejected
250,1, Not Graduate, Yes,1900000,5000000,6,560,1000000,1900000,6300000,1400000, Approved
251,0, Not Graduate, Yes,4200000,16400000,20,539,9500000,2100000,11400000,3100000, Rejected
252,5, Graduate, No,2600000,9100000,8,852,3700000,700000,10300000,3300000, Approved
253,3, Not Graduate, No,3700000,8500000,20,853,8300000,5700000,7500000,4900000, Approved
254,0, Graduate, No,8800000,30900000,12,729,1700000,700000,25700000,11400000, Approved
255,2, Not Graduate, No,2100000,4700000,2,546,6000000,3200000,5700000,1500000, Rejected
256,3, Graduate, Yes,900000,2400000,10,489,800000,0,2800000,500000, Rejected
257,3, Graduate, Yes,9800000,35400000,6,869,14400000,16400000,22800000,10300000, Approved
258,2, Not Graduate, No,8000000,20000000,2,502,4100000,2200000,31600000,9900000, Rejected
259,0, Graduate, No,9800000,38800000,8,652,23200000,19000000,29700000,5400000, Approved
260,0, Not Graduate, Yes,300000,1100000,8,789,400000,100000,800000,400000, Approved
261,4, Not Graduate, No,2700000,8100000,4,325,5000000,800000,9900000,3400000, Approved
262,3, Graduate, Yes,7400000,19600000,2,716,4100000,8900000,29100000,4200000, Approved
263,3, Graduate, No,9200000,34300000,18,523,25600000,4000000,29100000,8800000, Rejected
264,5, Not Graduate, No,9500000,22200000,20,352,24500000,0,30800000,7000000, Rejected
265,5, Graduate, Yes,3800000,14400000,2,345,3300000,800000,13000000,4700000, Approved
266,0, Graduate, No,8300000,19400000,18,649,2500000,16100000,24300000,11300000, Approved
267,2, Graduate, Yes,2800000,7400000,18,666,100000,2300000,6300000,3400000, Approved
268,0, Graduate, No,8600000,20900000,10,813,11300000,11900000,26000000,4800000, Approved
269,0, Not Graduate, No,5400000,16800000,10,599,5300000,7400000,14500000,7600000, Approved
270,5, Graduate, Yes,4200000,9400000,6,678,4700000,5500000,9900000,5700000, Approved
271,5, Not Graduate, No,5200000,12200000,20,513,13400000,2000000,16800000,5400000, Rejected
272,5, Graduate, No,9400000,27900000,4,870,1100000,200000,29500000,10400000, Approved
273,3, Graduate, No,8800000,20400000,8,483,3200000,11400000,28200000,11800000, Rejected
274,1, Graduate, Yes,5900000,16700000,16,308,5800000,8800000,19100000,5300000, Rejected
275,3, Graduate, Yes,1700000,4900000,16,591,4700000,1000000,4300000,1400000, Approved
276,1, Not Graduate, No,7000000,23000000,10,886,14000000,3700000,26700000,3600000, Approved
277,4, Not Graduate, No,1700000,4000000,6,829,0,1600000,5200000,1700000, Approved
278,0, Not Graduate, No,1500000,4900000,12,651,1600000,2800000,4600000,800000, Approved
279,4, Not Graduate, No,2000000,4700000,18,733,3700000,3700000,7000000,2800000, Approved
280,5, Graduate, Yes,3900000,15500000,12,433,9500000,5400000,7900000,4600000, Rejected
281,1, Graduate, Yes,900000,3600000,14,713,1300000,1000000,1800000,1200000, Approved
282,1, Graduate, No,6900000,22500000,18,403,800000,8400000,16900000,6300000, Rejected
283,0, Graduate, Yes,2800000,7800000,10,405,7800000,2500000,7100000,3400000, Rejected
284,3, Graduate, Yes,6800000,19900000,10,516,16000000,6000000,26000000,8500000, Rejected
285,4, Not Graduate, Yes,600000,1800000,8,417,1700000,700000,1800000,800000, Rejected
286,1, Not Graduate, No,4700000,14000000,6,468,11300000,1800000,10600000,4600000, Rejected
287,5, Graduate, Yes,3000000,11800000,10,672,8700000,3600000,9800000,4100000, Approved
288,5, Not Graduate, No,4000000,13900000,6,530,6000000,5600000,12500000,6000000, Rejected
289,1, Not Graduate, Yes,3100000,11300000,14,824,3700000,6000000,11000000,4400000, Approved
290,1, Not Graduate, Yes,7700000,25500000,12,549,18100000,10600000,20500000,7000000, Rejected
291,5, Not Graduate, Yes,4300000,9300000,10,450,2100000,6700000,10000000,4100000, Rejected
292,1, Graduate, Yes,5800000,19500000,20,431,13800000,5000000,15600000,3300000, Rejected
293,3, Graduate, Yes,3600000,10700000,16,312,2300000,1600000,13100000,5200000, Rejected
294,0, Not Graduate, Yes,2900000,7600000,8,320,8000000,5600000,9600000,3100000, Rejected
295,0, Graduate, No,8800000,20200000,4,433,16000000,4200000,30500000,12400000, Rejected
296,1, Not Graduate, Yes,300000,1000000,10,431,400000,500000,900000,100000, Rejected
297,5, Not Graduate, Yes,8600000,28900000,8,516,9900000,1800000,30200000,6800000, Rejected
298,2, Not Graduate, Yes,3500000,12000000,14,476,1100000,6800000,12400000,2900000, Rejected
299,5, Graduate, No,800000,2600000,6,560,100000,200000,3000000,1000000, Approved
300,2, Graduate, No,8000000,27100000,12,674,14400000,400000,25300000,6400000, Approved
301,0, Not Graduate, Yes,9900000,38200000,6,573,17200000,10000000,20100000,5900000, Approved
302,2, Not Graduate, No,3300000,6600000,6,331,6300000,2000000,8900000,2700000, Rejected
303,4, Graduate, Yes,2000000,6700000,12,633,100000,800000,4800000,2000000, Approved
304,3, Not Graduate, No,4900000,12900000,18,877,1800000,7000000,17900000,3300000, Approved
305,5, Not Graduate, Yes,9200000,23600000,12,656,1400000,11200000,36400000,4900000, Approved
306,0, Not Graduate, No,7500000,18200000,6,782,7400000,12000000,19800000,4100000, Approved
307,5, Not Graduate, No,9000000,29300000,4,531,10400000,9500000,35500000,5800000, Approved
308,3, Not Graduate, No,1400000,4100000,8,455,3000000,1400000,2900000,2100000, Rejected
309,3, Graduate, No,9600000,19900000,14,452,4200000,16200000,28500000,6600000, Rejected
310,2, Graduate, No,8400000,33200000,14,474,19600000,15000000,25400000,11500000, Rejected
311,3, Not Graduate, No,6400000,24400000,4,483,7800000,2400000,19100000,4500000, Approved
312,4, Graduate, No,5900000,16800000,8,481,6900000,11400000,19500000,3300000, Rejected
313,2, Graduate, Yes,2200000,5100000,20,859,3800000,1200000,6400000,3100000, Approved
314,4, Graduate, Yes,5600000,14100000,14,696,9000000,9200000,16500000,6800000, Approved
315,4, Not Graduate, No,9800000,28700000,6,778,16600000,7400000,29700000,11100000, Approved
316,4, Graduate, No,4400000,14600000,4,499,1300000,6500000,16100000,5700000, Approved
317,2, Not Graduate, Yes,2400000,4900000,4,888,6400000,4300000,5100000,3400000, Approved
318,1, Graduate, No,4400000,10800000,12,674,9600000,2700000,17200000,5300000, Approved
319,4, Graduate, No,3700000,13200000,4,802,9800000,2400000,12500000,4300000, Approved
320,4, Not Graduate, Yes,2300000,7800000,8,540,1500000,3400000,4700000,2800000, Rejected
321,4, Graduate, Yes,5900000,19600000,8,726,17400000,6800000,20100000,8000000, Approved
322,4, Not Graduate, Yes,6400000,23500000,2,485,7300000,2700000,23600000,3900000, Approved
323,4, Graduate, Yes,4900000,17100000,6,612,1300000,7000000,19500000,5000000, Approved
324,3, Not Graduate, Yes,9500000,24200000,8,879,3100000,17200000,26400000,12700000, Approved
325,2, Not Graduate, No,5700000,16400000,12,708,3700000,800000,15000000,4400000, Approved
326,2, Not Graduate, Yes,2700000,5700000,8,850,3500000,5000000,10500000,3900000, Approved
327,2, Not Graduate, Yes,3900000,11300000,12,516,3100000,0,10400000,4600000, Rejected
328,0, Not Graduate, No,7800000,28800000,12,465,4700000,7500000,28800000,7400000, Rejected
329,0, Graduate, No,1100000,3200000,20,716,1800000,1400000,3600000,1500000, Approved
330,4, Not Graduate, No,200000,600000,10,404,0,100000,400000,0, Rejected
331,0, Not Graduate, Yes,4700000,10600000,20,512,8400000,4000000,12300000,7000000, Rejected
332,3, Not Graduate, Yes,8200000,20600000,10,441,16100000,11400000,29100000,6100000, Rejected
333,2, Not Graduate, Yes,4600000,18400000,2,555,7700000,2400000,14200000,4200000, Approved
334,5, Not Graduate, No,1800000,7000000,18,466,2600000,2100000,6000000,1900000, Rejected
335,3, Graduate, Yes,3200000,8600000,2,427,3900000,1800000,7100000,4700000, Rejected
336,4, Not Graduate, Yes,5500000,20000000,14,593,15100000,2700000,19900000,4900000, Approved
337,3, Graduate, No,7900000,18300000,10,731,4200000,3400000,22200000,8400000, Approved
338,1, Graduate, Yes,4000000,10100000,16,451,7000000,3900000,14300000,3900000, Rejected
339,3, Not Graduate, Yes,6800000,16900000,18,628,3600000,900000,15600000,4900000, Approved
340,1, Not Graduate, No,2700000,9400000,18,704,5300000,2300000,6400000,2400000, Approved
341,2, Not Graduate, No,6800000,23500000,12,341,19300000,11800000,14300000,8500000, Rejected
342,5, Graduate, No,8600000,21000000,8,465,11700000,14900000,19500000,9900000, Rejected
343,4, Graduate, No,8000000,30100000,4,431,11900000,13800000,18800000,11500000, Approved
344,1, Graduate, Yes,3700000,12600000,10,424,5400000,1100000,14200000,4400000, Rejected
345,0, Graduate, No,2600000,5100000,14,678,500000,1200000,6000000,3100000, Approved
346,4, Graduate, No,4200000,16800000,6,381,9600000,3800000,14800000,5900000, Rejected
347,5, Graduate, Yes,8000000,28000000,10,449,18500000,1500000,17400000,3900000, Rejected
348,1, Not Graduate, No,7100000,23500000,12,768,6400000,12100000,22400000,7300000, Approved
349,0, Not Graduate, No,2000000,7000000,6,666,0,1200000,4300000,1400000, Rejected
350,4, Not Graduate, Yes,5800000,13300000,14,742,16100000,9300000,16300000,7000000, Approved
351,3, Not Graduate, Yes,6700000,15800000,4,445,10500000,7600000,14100000,9100000, Rejected
352,2, Graduate, No,7300000,28700000,14,634,5900000,3800000,21200000,10800000, Approved
353,4, Not Graduate, No,3300000,9700000,14,782,2500000,0,10400000,2200000, Approved
354,0, Graduate, No,3000000,7000000,10,781,7200000,600000,11700000,2700000, Approved
355,4, Not Graduate, No,7900000,17200000,14,318,14200000,9500000,23200000,9000000, Rejected
356,5, Not Graduate, No,7600000,24100000,18,721,21900000,11500000,22900000,7200000, Approved
357,5, Not Graduate, No,3700000,9800000,4,563,9500000,5100000,11200000,3000000, Approved
358,2, Not Graduate, No,8400000,26300000,4,419,22900000,7900000,29200000,6200000, Approved
359,0, Graduate, Yes,8200000,20800000,14,372,3800000,100000,26100000,5200000, Rejected
360,0, Not Graduate, No,2900000,9500000,18,885,4300000,2300000,6500000,3500000, Approved
361,1, Not Graduate, Yes,9900000,38400000,12,596,10000000,9300000,36500000,6800000, Approved
362,0, Graduate, No,4400000,14100000,2,349,3300000,1300000,8800000,6200000, Approved
363,1, Not Graduate, Yes,9000000,32200000,16,468,4500000,16400000,28600000,10900000, Rejected
364,3, Not Graduate, Yes,6800000,26900000,16,818,14700000,10400000,26300000,7300000, Approved
365,2, Not Graduate, No,8700000,28000000,12,543,16900000,6000000,22900000,6700000, Rejected
366,3, Graduate, No,9400000,21900000,16,685,8100000,5600000,34500000,5000000, Approved
367,3, Not Graduate, Yes,6000000,12500000,18,851,14600000,5000000,16800000,5000000, Approved
368,1, Not Graduate, Yes,9400000,29800000,10,377,24100000,18500000,30900000,11700000, Rejected
369,0, Not Graduate, Yes,1000000,4000000,10,620,2400000,1300000,3700000,1100000, Approved
370,3, Graduate, Yes,900000,2300000,20,611,600000,1500000,1900000,500000, Approved
371,4, Not Graduate, No,2100000,7700000,4,767,1200000,1700000,6900000,1300000, Approved
372,5, Graduate, Yes,1100000,3200000,20,592,3200000,700000,3500000,500000, Approved
373,0, Graduate, Yes,600000,2300000,4,319,1600000,800000,2300000,700000, Approved
374,4, Not Graduate, Yes,9200000,25500000,10,900,9400000,10500000,27400000,12800000, Approved
375,2, Not Graduate, Yes,3600000,12800000,18,814,8600000,4100000,10300000,4100000, Approved
376,5, Not Graduate, Yes,1300000,5000000,10,755,2100000,2200000,4800000,1900000, Approved
377,5, Graduate, Yes,7700000,16800000,20,584,8600000,4800000,23400000,8000000, Approved
378,4, Graduate, Yes,9500000,23500000,14,380,22900000,6700000,25100000,7300000, Rejected
379,2, Not Graduate, Yes,5000000,17600000,20,465,6200000,5200000,16500000,5200000, Rejected
380,0, Not Graduate, No,500000,1800000,2,531,1300000,500000,1900000,700000, Approved
381,1, Graduate, Yes,8300000,32100000,16,814,18500000,2700000,28900000,7500000, Approved
382,0, Graduate, No,5300000,17900000,6,678,4700000,3900000,14400000,3600000, Approved
383,2, Not Graduate, Yes,9300000,29000000,12,655,7900000,6800000,29900000,4900000, Approved
384,3, Not Graduate, No,2300000,7400000,2,682,6500000,2400000,7600000,2100000, Approved
385,1, Not Graduate, No,400000,1300000,6,695,200000,500000,800000,100000, Approved
386,3, Not Graduate, No,3200000,10800000,4,833,2600000,1000000,8700000,2600000, Approved
387,5, Not Graduate, Yes,9400000,35300000,16,302,4100000,12500000,37000000,12900000, Rejected
388,1, Graduate, No,2300000,6600000,2,357,5900000,200000,6000000,2200000, Rejected
389,5, Not Graduate, No,4300000,14500000,12,302,12500000,4300000,12500000,5100000, Rejected
390,0, Graduate, Yes,6200000,22400000,18,873,15700000,6600000,15800000,8200000, Approved
391,0, Not Graduate, Yes,7200000,19800000,12,658,12700000,8100000,25000000,7300000, Approved
392,5, Graduate, Yes,2400000,8700000,18,877,2800000,2900000,7100000,1100000, Approved
393,3, Not Graduate, No,2900000,6300000,8,648,3400000,3400000,7600000,1400000, Approved
394,1, Graduate, No,1400000,5200000,12,730,2900000,0,3700000,700000, Approved
395,4, Not Graduate, Yes,2200000,8200000,14,737,5800000,2800000,8200000,1400000, Approved
396,2, Graduate, Yes,800000,3200000,10,584,0,200000,2100000,700000, Rejected
397,0, Graduate, No,600000,1700000,2,621,400000,400000,2000000,200000, Approved
398,4, Graduate, Yes,700000,2700000,16,583,1100000,1200000,1400000,300000, Approved
399,2, Not Graduate, No,8400000,25900000,16,621,8600000,13400000,33500000,4200000, Approved
400,2, Not Graduate, No,7100000,21500000,16,610,5800000,12100000,14200000,9300000, Approved
401,4, Graduate, No,5400000,15700000,18,452,13700000,2600000,16500000,6600000, Rejected
402,5, Graduate, No,3700000,7300000,18,339,9300000,100000,13900000,5300000, Rejected
403,3, Graduate, Yes,5200000,15200000,16,650,1300000,5700000,13500000,4100000, Approved
404,4, Not Graduate, Yes,200000,700000,10,672,200000,200000,300000,300000, Approved
405,3, Graduate, No,500000,1000000,20,501,800000,800000,900000,200000, Rejected
406,2, Not Graduate, Yes,1800000,5700000,4,809,1200000,1900000,6300000,2400000, Approved
407,5, Graduate, Yes,9200000,29400000,8,318,18000000,5900000,33800000,5400000, Rejected
408,4, Not Graduate, No,900000,3300000,10,649,0,400000,1800000,1200000, Approved
409,3, Not Graduate, No,7500000,28300000,12,367,9200000,11300000,22700000,7000000, Rejected
410,5, Not Graduate, No,3000000,11800000,6,847,8200000,2200000,7100000,2300000, Approved
411,5, Graduate, No,7100000,18900000,12,360,10700000,1100000,19800000,8500000, Rejected
412,1, Graduate, Yes,3500000,7200000,2,865,4100000,3200000,11900000,4200000, Approved
413,4, Not Graduate, No,4900000,18800000,16,880,4200000,4700000,13200000,2600000, Approved
414,1, Graduate, No,4100000,8400000,20,608,1400000,8000000,10000000,4400000, Approved
415,0, Graduate, Yes,800000,2100000,6,760,300000,100000,1600000,600000, Approved
416,3, Graduate, Yes,1700000,4600000,12,385,1500000,1300000,5200000,1700000, Rejected
417,0, Graduate, Yes,6100000,23300000,12,478,3800000,2300000,17700000,4900000, Rejected
418,1, Graduate, Yes,2100000,7700000,16,327,5000000,500000,4700000,2300000, Rejected
419,0, Graduate, No,3100000,9300000,6,663,1300000,1400000,8100000,3800000, Approved
420,2, Not Graduate, Yes,1700000,3500000,20,693,2200000,1400000,4800000,1700000, Approved
421,3, Graduate, No,1700000,5400000,6,710,4800000,700000,5800000,1700000, Approved
422,4, Not Graduate, Yes,4000000,14500000,6,711,2400000,5700000,10900000,4100000, Approved
423,5, Graduate, No,5600000,18400000,8,386,11300000,6700000,11300000,5600000, Rejected
424,4, Graduate, Yes,3900000,11900000,10,855,10200000,4000000,10200000,2800000, Approved
425,4, Graduate, Yes,6100000,15300000,14,573,1100000,9900000,13300000,8400000, Approved
426,0, Graduate, Yes,1100000,2800000,18,431,500000,300000,4300000,1400000, Rejected
427,2, Graduate, No,5500000,14800000,8,364,13000000,4500000,12600000,4500000, Rejected
428,4, Graduate, Yes,1100000,3600000,14,711,2500000,500000,3600000,600000, Approved
429,4, Not Graduate, Yes,400000,900000,20,771,1000000,500000,1600000,500000, Approved
430,3, Graduate, No,9200000,36400000,18,669,3100000,12700000,30900000,12300000, Approved
431,4, Not Graduate, Yes,9300000,27500000,18,338,21500000,500000,34900000,6600000, Rejected
432,1, Graduate, No,1100000,3500000,8,562,2300000,1200000,3200000,500000, Approved
433,3, Not Graduate, No,5600000,18700000,2,769,8000000,8200000,17300000,4800000, Approved
434,0, Graduate, Yes,6300000,21500000,8,629,600000,3400000,22000000,5200000, Approved
435,3, Graduate, No,8800000,18100000,6,699,6400000,2100000,18500000,9400000, Approved
436,0, Not Graduate, No,8400000,20800000,20,590,5100000,8900000,32100000,10800000, Approved
437,3, Graduate, Yes,1600000,5700000,4,707,3300000,2700000,6200000,2300000, Approved
438,3, Not Graduate, Yes,4500000,11400000,8,391,8500000,6800000,9900000,4500000, Rejected
439,5, Not Graduate, No,6500000,18500000,4,891,13600000,3300000,23600000,7100000, Approved
440,3, Graduate, Yes,9500000,20600000,2,731,13400000,3800000,20700000,9200000, Approved
441,3, Not Graduate, No,4700000,16700000,12,775,4000000,1700000,17300000,3500000, Approved
442,5, Graduate, Yes,9600000,32400000,2,897,3500000,15400000,26800000,6200000, Approved
443,5, Graduate, No,8000000,26700000,20,794,8000000,14700000,29900000,7800000, Approved
444,2, Graduate, No,7700000,16700000,6,555,12900000,2900000,18100000,8500000, Approved
445,1, Not Graduate, Yes,3600000,10300000,12,536,6800000,500000,12200000,2700000, Rejected
446,2, Not Graduate, No,700000,1700000,10,839,100000,700000,2000000,900000, Approved
447,0, Graduate, Yes,1400000,5100000,6,890,4100000,1900000,5200000,1900000, Approved
448,1, Graduate, Yes,8600000,27900000,20,415,12200000,14800000,27100000,7900000, Rejected
449,4, Graduate, No,4700000,15700000,4,868,3300000,2500000,13800000,4800000, Approved
450,3, Graduate, Yes,2900000,5800000,12,353,8400000,2600000,10100000,3100000, Rejected
451,4, Not Graduate, No,9000000,29000000,16,590,4600000,15600000,29200000,12300000, Approved
452,5, Graduate, Yes,500000,900000,18,618,1400000,600000,1200000,400000, Approved
453,2, Not Graduate, Yes,700000,1700000,10,539,1400000,1000000,1900000,900000, Rejected
454,0, Graduate, No,6800000,27000000,4,429,17100000,7600000,21400000,9400000, Approved
455,2, Graduate, No,1800000,4700000,8,792,4500000,1200000,4100000,2200000, Approved
456,0, Not Graduate, No,6000000,12400000,2,608,3000000,2100000,17900000,6800000, Approved
457,4, Graduate, Yes,5400000,21500000,14,555,4300000,1500000,14300000,7500000, Approved
458,5, Graduate, Yes,8400000,17500000,12,620,15300000,13600000,26000000,5800000, Approved
459,0, Graduate, No,7400000,20900000,6,635,15600000,14000000,21000000,7200000, Approved
460,2, Graduate, No,3200000,12500000,10,457,6100000,2000000,8200000,4300000, Rejected
461,1, Graduate, Yes,5400000,21400000,8,350,2600000,1000000,19700000,6800000, Rejected
462,5, Graduate, Yes,1000000,2500000,14,885,2200000,100000,2300000,1100000, Approved
463,0, Graduate, No,4400000,14700000,16,638,4000000,2700000,14400000,2700000, Approved
464,1, Graduate, Yes,3800000,10500000,12,710,1800000,6200000,12500000,2500000, Approved
465,3, Not Graduate, Yes,6100000,20900000,18,470,500000,8500000,18000000,7500000, Rejected
466,5, Not Graduate, Yes,5500000,17300000,16,874,1000000,2900000,13700000,7900000, Approved
467,5, Not Graduate, Yes,500000,1800000,18,411,1000000,500000,1300000,200000, Rejected
468,0, Not Graduate, Yes,300000,1100000,2,482,200000,100000,1100000,400000, Approved
469,1, Graduate, Yes,6200000,16900000,2,396,10600000,7500000,23700000,7600000, Rejected
470,0, Not Graduate, No,300000,900000,20,436,0,400000,600000,200000, Rejected
471,0, Not Graduate, Yes,6900000,22100000,20,303,13600000,4600000,22000000,6900000, Rejected
472,4, Graduate, No,3700000,11400000,12,728,4200000,5800000,7300000,2300000, Approved
473,3, Not Graduate, Yes,8800000,28600000,10,775,5200000,5000000,32000000,9600000, Approved
474,5, Graduate, Yes,8200000,23500000,12,402,15100000,1500000,24300000,5800000, Rejected
475,1, Not Graduate, Yes,9200000,31500000,18,698,5300000,6100000,20400000,8300000, Approved
476,0, Not Graduate, No,2400000,7800000,14,665,5200000,2900000,6200000,2900000, Approved
477,4, Not Graduate, No,4100000,13500000,18,490,4700000,6200000,13900000,2000000, Rejected
478,1, Graduate, No,8000000,31900000,12,504,23800000,1500000,22100000,6000000, Rejected
479,3, Not Graduate, Yes,3600000,8600000,8,790,5400000,5900000,9800000,5200000, Approved
480,1, Not Graduate, Yes,700000,2700000,20,669,100000,1000000,2600000,500000, Approved
481,4, Not Graduate, No,8300000,30700000,6,381,21700000,2300000,26700000,4600000, Rejected
482,0, Graduate, Yes,5300000,15000000,2,900,1700000,2100000,21000000,5800000, Approved
483,4, Graduate, No,8300000,24900000,16,506,15400000,5600000,26700000,7000000, Rejected
484,3, Not Graduate, Yes,2500000,8800000,12,538,4900000,1800000,9100000,3300000, Rejected
485,3, Graduate, Yes,5400000,14400000,8,677,11000000,7900000,20800000,3100000, Approved
486,4, Graduate, No,1600000,4900000,8,685,3200000,2000000,3800000,1500000, Approved
487,2, Not Graduate, No,2400000,6200000,12,860,4900000,3700000,9500000,1100000, Approved
488,5, Not Graduate, No,6300000,14800000,6,608,16100000,10500000,21800000,5400000, Approved
489,4, Graduate, Yes,2500000,5300000,10,540,2300000,2800000,7100000,1700000, Rejected
490,0, Graduate, Yes,7500000,16800000,16,492,21500000,4800000,25400000,11100000, Rejected
491,3, Not Graduate, No,2900000,8500000,14,834,1200000,4500000,8800000,1800000, Approved
492,3, Graduate, Yes,1000000,3500000,16,834,800000,1700000,3000000,700000, Approved
493,2, Graduate, Yes,8600000,28800000,8,890,23300000,5900000,21200000,7200000, Approved
494,1, Not Graduate, No,300000,1100000,12,443,600000,400000,1200000,200000, Rejected
495,5, Not Graduate, No,2300000,5700000,18,329,5600000,3300000,4900000,2700000, Rejected
496,2, Not Graduate, Yes,2400000,5400000,12,739,300000,2500000,5000000,3000000, Approved
497,5, Graduate, Yes,9800000,30300000,6,867,20800000,16000000,30200000,7600000, Approved
498,2, Not Graduate, No,8100000,24800000,6,307,200000,4000000,31100000,10500000, Rejected
499,3, Graduate, No,6700000,15500000,18,492,2100000,2000000,26300000,9400000, Rejected
500,1, Not Graduate, Yes,8400000,24700000,18,698,23000000,13200000,32700000,12200000, Approved
501,2, Graduate, No,200000,700000,8,851,400000,200000,800000,200000, Approved
502,2, Graduate, No,4700000,12500000,14,375,1300000,6300000,10100000,5400000, Rejected
503,0, Graduate, Yes,4300000,14300000,14,601,3800000,900000,16700000,5700000, Approved
504,4, Not Graduate, No,2200000,7000000,20,756,3600000,3900000,5700000,1200000, Approved
505,4, Graduate, Yes,8600000,19200000,4,868,20400000,1500000,32800000,9300000, Approved
506,4, Graduate, Yes,2000000,7200000,10,838,2500000,300000,7600000,1000000, Approved
507,4, Not Graduate, Yes,4200000,15900000,14,375,7200000,7900000,16200000,3000000, Rejected
508,0, Not Graduate, Yes,5100000,12500000,18,778,3300000,1000000,14800000,3200000, Approved
509,2, Graduate, Yes,4100000,11200000,6,442,12200000,4100000,10000000,4500000, Rejected
510,1, Graduate, Yes,9900000,39500000,12,808,11800000,3700000,30200000,13500000, Approved
511,1, Not Graduate, Yes,3200000,9000000,20,372,2700000,2800000,7200000,3800000, Rejected
512,2, Graduate, No,5500000,19000000,4,597,1100000,4000000,18700000,5300000, Approved
513,0, Graduate, Yes,7800000,29100000,20,435,21100000,13000000,17300000,9700000, Rejected
514,3, Graduate, Yes,3400000,9700000,20,728,1500000,1500000,7300000,2400000, Approved
515,4, Graduate, Yes,7900000,25900000,14,373,10900000,14300000,27700000,7600000, Rejected
516,3, Graduate, Yes,8900000,18500000,10,367,6100000,0,32000000,10300000, Rejected
517,2, Graduate, No,7300000,19100000,14,552,2000000,13400000,16800000,4000000, Approved
518,4, Not Graduate, Yes,3300000,10600000,8,465,500000,4400000,7300000,2800000, Rejected
519,4, Graduate, Yes,2900000,10500000,8,607,4400000,5500000,7600000,3800000, Approved
520,2, Graduate, Yes,500000,1300000,4,427,1400000,500000,1800000,600000, Rejected
521,3, Not Graduate, No,7200000,21200000,4,711,10800000,4200000,24900000,5700000, Approved
522,3, Not Graduate, No,8300000,24100000,14,823,5900000,700000,24000000,7700000, Approved
523,1, Not Graduate, Yes,8700000,20500000,6,523,19300000,6500000,23700000,4800000, Rejected
524,4, Not Graduate, Yes,7100000,27900000,10,328,9000000,13400000,26500000,7700000, Rejected
525,3, Graduate, Yes,9800000,28200000,12,721,15800000,6500000,21900000,9600000, Approved
526,0, Graduate, Yes,6900000,17000000,20,599,18100000,9400000,26600000,4300000, Approved
527,0, Not Graduate, No,2400000,5000000,14,580,5900000,4400000,5500000,3200000, Approved
528,1, Not Graduate, Yes,2100000,4900000,10,744,200000,2000000,5400000,1000000, Approved
529,2, Graduate, Yes,7200000,23900000,4,559,4200000,12200000,17800000,10800000, Approved
530,2, Graduate, No,4600000,13500000,16,587,7700000,5900000,10600000,5000000, Approved
531,5, Graduate, Yes,9900000,31800000,18,817,23400000,700000,32600000,11500000, Approved
532,4, Not Graduate, Yes,300000,1000000,20,655,0,100000,1100000,400000, Approved
533,5, Graduate, Yes,6900000,23900000,6,382,17100000,6900000,21500000,8900000, Rejected
534,2, Graduate, Yes,1700000,4300000,6,765,5000000,1500000,3400000,900000, Approved
535,2, Graduate, Yes,4400000,10000000,20,516,7400000,7600000,12200000,5100000, Rejected
536,4, Not Graduate, Yes,4300000,15000000,8,383,4700000,100000,9000000,4900000, Rejected
537,2, Not Graduate, No,3700000,14100000,6,633,800000,200000,11300000,3400000, Approved
538,1, Graduate, No,5900000,15200000,2,547,17100000,2000000,14700000,3600000, Rejected
539,5, Not Graduate, Yes,8600000,26300000,10,843,23300000,9800000,18100000,11300000, Approved
540,3, Not Graduate, Yes,3400000,13200000,8,783,6500000,300000,13000000,4900000, Approved
541,3, Not Graduate, Yes,1000000,3200000,14,790,1900000,100000,3600000,1100000, Approved
542,1, Not Graduate, Yes,4400000,14200000,16,409,12700000,1300000,12600000,4500000, Rejected
543,0, Not Graduate, No,3600000,7800000,14,376,9800000,6900000,11900000,3000000, Rejected
544,3, Not Graduate, No,1400000,2700000,8,625,3100000,1800000,3400000,1000000, Approved
545,0, Not Graduate, No,5300000,10900000,18,707,12900000,2600000,12700000,7600000, Approved
546,3, Graduate, Yes,9400000,20500000,6,645,17400000,13000000,24500000,10200000, Approved
547,4, Not Graduate, Yes,6600000,22100000,6,887,3600000,3500000,19800000,4700000, Approved
548,5, Graduate, No,9800000,37600000,18,319,19200000,5100000,19900000,5100000, Rejected
549,1, Not Graduate, No,1900000,4900000,20,647,4100000,2100000,6800000,1700000, Approved
550,2, Not Graduate, Yes,5800000,22500000,6,888,11900000,2600000,17100000,4800000, Approved
551,2, Not Graduate, No,3100000,10400000,10,420,6900000,5900000,10000000,3500000, Rejected
552,0, Graduate, No,6800000,18400000,2,791,4000000,900000,20200000,9900000, Approved
553,5, Not Graduate, No,4600000,16200000,12,891,5900000,1200000,10800000,3700000, Approved
554,2, Not Graduate, Yes,200000,700000,16,641,600000,200000,600000,100000, Approved
555,3, Not Graduate, Yes,9500000,22800000,6,319,200000,18800000,34100000,9400000, Rejected
556,5, Not Graduate, Yes,6200000,22200000,20,819,13500000,6600000,21700000,8700000, Approved
557,4, Not Graduate, Yes,9700000,32300000,18,387,11600000,14300000,20000000,5400000, Rejected
558,5, Graduate, Yes,4200000,12300000,2,686,10500000,200000,15600000,4200000, Approved
559,1, Graduate, Yes,5700000,12000000,4,415,15700000,900000,17300000,7400000, Rejected
560,2, Graduate, Yes,200000,500000,6,885,-100000,0,300000,200000, Rejected
561,4, Graduate, No,8000000,25500000,4,722,17200000,13900000,26200000,4900000, Approved
562,4, Graduate, No,5200000,20400000,20,761,4700000,1600000,14300000,6200000, Approved
563,1, Graduate, Yes,7100000,15200000,8,389,5900000,900000,24300000,5900000, Rejected
564,1, Graduate, Yes,9300000,27900000,12,600,2100000,4200000,29000000,6600000, Approved
565,5, Graduate, No,2000000,6100000,2,407,1900000,1900000,4600000,2000000, Approved
566,3, Graduate, Yes,3900000,14000000,18,829,5200000,4000000,11600000,2700000, Approved
567,2, Not Graduate, No,2800000,5900000,6,895,1000000,3900000,10900000,1500000, Approved
568,5, Graduate, Yes,3000000,11100000,12,441,8500000,2500000,7300000,2000000, Rejected
569,4, Not Graduate, No,4500000,9800000,16,895,9800000,8200000,13900000,5500000, Approved
570,4, Graduate, No,1900000,4300000,4,826,2400000,0,7000000,900000, Approved
571,1, Graduate, No,2300000,7200000,8,453,3000000,2100000,8100000,3400000, Rejected
572,0, Graduate, No,4700000,17500000,2,701,5400000,2300000,11700000,7000000, Approved
573,2, Not Graduate, Yes,1300000,2700000,8,627,100000,300000,2600000,1300000, Approved
574,3, Graduate, No,3100000,11000000,2,543,5900000,2200000,9000000,2400000, Approved
575,0, Graduate, No,8400000,17500000,18,411,13200000,5300000,31300000,10400000, Rejected
576,5, Graduate, Yes,1700000,5800000,4,583,2000000,1800000,6000000,2300000, Approved
577,2, Not Graduate, No,1900000,7500000,2,889,600000,1100000,7100000,2600000, Approved
578,3, Not Graduate, No,2400000,8600000,8,684,3400000,2400000,6200000,1600000, Approved
579,5, Graduate, No,6800000,20500000,10,578,500000,11800000,27200000,3400000, Approved
580,1, Graduate, No,2900000,10900000,20,445,6600000,2800000,9300000,2600000, Rejected
581,4, Graduate, Yes,8900000,26300000,10,369,23900000,7000000,27400000,12100000, Rejected
582,1, Not Graduate, No,8800000,22200000,18,794,8400000,11900000,21000000,10500000, Approved
583,0, Graduate, Yes,8200000,19200000,16,492,16500000,9200000,20000000,7200000, Rejected
584,3, Not Graduate, Yes,3600000,13200000,16,557,9800000,4000000,9900000,2100000, Approved
585,4, Graduate, Yes,9500000,31800000,6,519,5900000,1300000,28400000,12200000, Rejected
586,0, Not Graduate, Yes,1900000,5700000,18,699,5500000,200000,6500000,2000000, Approved
587,3, Not Graduate, Yes,9100000,24600000,2,741,8000000,4000000,35500000,13600000, Approved
588,5, Graduate, No,1100000,3800000,18,508,200000,1800000,2300000,900000, Rejected
589,5, Not Graduate, Yes,1100000,2800000,10,647,2700000,2000000,4300000,1400000, Approved
590,1, Graduate, No,9300000,28600000,14,656,17300000,9100000,27400000,12500000, Approved
591,4, Graduate, Yes,3900000,10600000,2,439,300000,7600000,14800000,2500000, Rejected
592,5, Not Graduate, Yes,1500000,4000000,12,350,2900000,1900000,4400000,1200000, Rejected
593,5, Graduate, No,800000,2200000,6,493,900000,500000,2800000,1000000, Rejected
594,4, Graduate, No,600000,1800000,6,851,100000,1100000,2100000,800000, Approved
595,2, Graduate, No,4400000,12500000,18,492,7900000,1200000,10100000,2700000, Rejected
596,4, Graduate, Yes,2700000,5400000,6,861,6300000,2400000,6700000,2700000, Approved
597,3, Not Graduate, Yes,6200000,14600000,2,664,18300000,8400000,16800000,6600000, Approved
598,5, Graduate, Yes,700000,1300000,16,362,2100000,1300000,2000000,1000000, Rejected
599,0, Graduate, No,3400000,9400000,6,703,600000,6000000,8600000,2600000, Approved
600,1, Not Graduate, Yes,4900000,16800000,12,758,1700000,2700000,11100000,5900000, Approved
601,3, Not Graduate, Yes,4200000,9700000,2,396,700000,8200000,8600000,4300000, Rejected
602,0, Graduate, Yes,5300000,10600000,2,828,8100000,6700000,17400000,5800000, Approved
603,5, Graduate, Yes,3700000,10000000,20,709,8000000,800000,12000000,2200000, Approved
604,4, Not Graduate, Yes,5600000,17500000,10,528,14200000,2300000,12100000,7200000, Rejected
605,2, Graduate, Yes,4300000,16000000,14,623,9800000,6700000,17000000,4500000, Approved
606,4, Not Graduate, Yes,7100000,24500000,14,599,9100000,7000000,20400000,6800000, Approved
607,4, Graduate, Yes,5400000,12700000,4,622,11000000,3300000,15100000,6500000, Approved
608,0, Not Graduate, No,6000000,13100000,6,385,16600000,7600000,22000000,7400000, Rejected
609,4, Graduate, Yes,4100000,12500000,2,579,10900000,7200000,12200000,2000000, Approved
610,4, Not Graduate, No,8300000,17900000,20,846,12700000,1300000,26800000,12200000, Approved
611,3, Graduate, No,8100000,23900000,10,449,7100000,6100000,28300000,8900000, Rejected
612,1, Not Graduate, No,7200000,24900000,14,666,3600000,11600000,16600000,5800000, Approved
613,5, Graduate, No,7200000,17500000,4,380,2300000,400000,17500000,6200000, Rejected
614,2, Graduate, Yes,3500000,8100000,4,589,3800000,6700000,12500000,2700000, Approved
615,1, Graduate, No,6200000,19500000,12,845,9100000,2900000,15300000,4000000, Approved
616,3, Not Graduate, No,5200000,17300000,10,401,2600000,1400000,12700000,6400000, Rejected
617,0, Not Graduate, No,4500000,14500000,2,766,6100000,8400000,17200000,6600000, Approved
618,5, Not Graduate, No,5400000,15100000,12,522,5200000,4700000,13900000,5700000, Rejected
619,3, Not Graduate, Yes,2000000,6900000,6,834,2200000,2800000,6400000,3000000, Approved
620,3, Graduate, No,8900000,25400000,8,588,19400000,12100000,18800000,4500000, Approved
621,2, Graduate, No,5000000,10600000,4,570,11900000,900000,14800000,7100000, Approved
622,2, Graduate, No,4900000,17600000,6,860,13600000,7500000,12700000,5600000, Approved
623,4, Graduate, Yes,5300000,19200000,4,655,14200000,6900000,17800000,3900000, Approved
624,3, Not Graduate, Yes,8500000,27700000,4,457,3600000,400000,18900000,5200000, Approved
625,5, Graduate, Yes,700000,2100000,14,863,100000,1200000,2700000,600000, Approved
626,3, Not Graduate, Yes,5900000,18900000,4,742,10800000,4500000,23200000,8000000, Approved
627,3, Graduate, No,3500000,13300000,4,798,7400000,5300000,12100000,3600000, Approved
628,5, Not Graduate, Yes,7700000,18900000,16,552,15600000,6100000,23900000,6600000, Approved
629,2, Not Graduate, Yes,4500000,12500000,12,418,400000,4300000,12400000,4300000, Rejected
630,0, Graduate, No,9100000,22200000,6,419,7400000,600000,18200000,9800000, Rejected
631,1, Not Graduate, Yes,9000000,29900000,2,668,22100000,7200000,24400000,4700000, Approved
632,2, Not Graduate, No,8900000,29200000,8,608,10800000,5200000,33500000,11700000, Approved
633,5, Not Graduate, No,6500000,13800000,10,342,15300000,2300000,14400000,7300000, Rejected
634,4, Not Graduate, Yes,8100000,18000000,8,817,1400000,7800000,16900000,10800000, Approved
635,1, Not Graduate, No,8400000,29900000,16,476,16100000,2400000,32700000,7500000, Rejected
636,0, Not Graduate, No,5300000,20000000,6,881,15900000,3700000,19500000,4000000, Approved
637,2, Graduate, No,4100000,15600000,12,838,5500000,4800000,15100000,2700000, Approved
638,3, Not Graduate, No,6900000,27400000,4,406,10200000,6500000,23900000,5300000, Approved
639,1, Graduate, Yes,5200000,19500000,12,778,5200000,4300000,19900000,5800000, Approved
640,5, Not Graduate, Yes,2000000,7400000,14,799,3600000,3700000,4300000,1100000, Approved
641,3, Graduate, No,4600000,17800000,20,716,12600000,2600000,10800000,4500000, Approved
642,0, Graduate, Yes,7100000,20100000,16,756,8000000,5000000,17600000,5400000, Approved
643,0, Not Graduate, No,9300000,20100000,10,743,4800000,1800000,21900000,13600000, Approved
644,3, Not Graduate, No,5400000,19400000,20,731,13800000,3200000,20000000,4300000, Approved
645,3, Not Graduate, No,4100000,8500000,2,833,12000000,0,16200000,3400000, Approved
646,4, Not Graduate, No,4900000,11400000,8,470,12000000,7500000,14700000,4800000, Rejected
647,5, Graduate, Yes,5400000,21200000,20,734,7300000,1800000,11500000,7500000, Approved
648,0, Graduate, No,3000000,9600000,12,620,7900000,0,8600000,3600000, Approved
649,0, Not Graduate, Yes,6800000,14400000,8,812,15200000,4500000,21100000,6400000, Approved
650,4, Graduate, Yes,5100000,14000000,12,459,9800000,0,10400000,6800000, Rejected
651,0, Graduate, Yes,9800000,32600000,10,704,7000000,12100000,30000000,4900000, Approved
652,1, Graduate, Yes,1600000,4100000,6,391,4300000,1400000,5700000,700000, Rejected
653,4, Graduate, No,8000000,29100000,4,421,3100000,12000000,27000000,8800000, Approved
654,5, Graduate, No,2900000,6700000,14,796,3800000,3700000,9700000,4200000, Approved
655,4, Graduate, No,9200000,30300000,10,607,24000000,16600000,29600000,8900000, Approved
656,3, Not Graduate, No,9500000,20400000,14,376,2300000,6600000,25900000,8400000, Rejected
657,0, Graduate, Yes,3700000,8500000,8,424,1900000,5600000,14800000,4100000, Rejected
658,5, Graduate, Yes,7100000,20800000,6,442,2900000,7100000,28200000,7100000, Rejected
659,5, Not Graduate, No,5600000,17600000,14,448,6700000,3500000,18900000,6800000, Rejected
660,0, Graduate, Yes,1200000,2700000,2,638,1500000,500000,2700000,1500000, Approved
661,3, Not Graduate, No,1600000,5600000,6,710,3100000,800000,6000000,1600000, Approved
662,4, Not Graduate, Yes,1600000,4800000,20,641,4200000,1000000,4100000,1400000, Approved
663,2, Not Graduate, No,5300000,20200000,10,348,9200000,9500000,17300000,6100000, Rejected
664,5, Not Graduate, No,9100000,19900000,20,519,9300000,16400000,28900000,10500000, Rejected
665,4, Not Graduate, Yes,9400000,35000000,10,517,10700000,15100000,27500000,6700000, Rejected
666,3, Not Graduate, No,5900000,22400000,6,375,6500000,10500000,18100000,4800000, Rejected
667,2, Graduate, Yes,1100000,3400000,10,426,300000,800000,3900000,1400000, Rejected
668,4, Graduate, Yes,3100000,11500000,14,785,3200000,3100000,9100000,4200000, Approved
669,4, Not Graduate, No,2200000,8600000,20,373,4100000,1300000,5900000,1400000, Rejected
670,1, Graduate, No,6000000,20100000,6,476,13900000,10000000,15200000,5500000, Rejected
671,1, Graduate, Yes,2000000,5600000,18,320,2400000,2300000,4600000,2100000, Rejected
672,4, Graduate, No,7200000,22900000,18,657,14600000,400000,17400000,8800000, Approved
673,1, Not Graduate, Yes,500000,1900000,12,868,200000,500000,1800000,300000, Approved
674,1, Not Graduate, Yes,5800000,13900000,6,345,4000000,9300000,20900000,5500000, Rejected
675,0, Not Graduate, No,200000,300000,6,472,400000,100000,700000,0, Rejected
676,4, Not Graduate, Yes,4600000,9500000,20,613,5200000,5900000,13700000,3000000, Approved
677,5, Not Graduate, Yes,4600000,12800000,14,769,13100000,8600000,12100000,3500000, Approved
678,1, Graduate, No,6500000,23100000,20,741,11400000,8500000,25700000,7900000, Approved
679,4, Not Graduate, Yes,4400000,16600000,14,889,800000,1400000,14900000,5900000, Approved
680,0, Not Graduate, Yes,900000,3600000,10,683,1400000,700000,3500000,400000, Approved
681,0, Not Graduate, Yes,3200000,7400000,18,780,4200000,2600000,9000000,2800000, Approved
682,3, Graduate, No,600000,1100000,8,538,500000,800000,1400000,300000, Rejected
683,1, Not Graduate, No,5200000,12600000,10,721,1100000,8700000,13900000,3600000, Approved
684,3, Not Graduate, Yes,6400000,15200000,14,467,15500000,9100000,18400000,3200000, Rejected
685,2, Not Graduate, No,1000000,2500000,6,551,1700000,200000,3700000,900000, Approved
686,2, Not Graduate, No,6800000,14800000,14,803,11300000,3300000,19600000,6600000, Approved
687,0, Graduate, No,3000000,8400000,10,361,7700000,200000,7300000,1800000, Rejected
688,1, Not Graduate, Yes,8700000,30700000,6,708,20600000,4500000,27600000,9300000, Approved
689,4, Graduate, Yes,8800000,20900000,18,766,13500000,15400000,34500000,13100000, Approved
690,1, Not Graduate, Yes,3900000,11500000,2,464,9300000,5700000,12400000,5100000, Rejected
691,5, Graduate, No,1700000,4300000,2,517,100000,200000,6200000,1600000, Rejected
692,3, Not Graduate, Yes,900000,2300000,6,747,1200000,200000,2900000,600000, Approved
693,1, Not Graduate, No,7200000,24700000,6,596,8800000,1400000,21700000,5800000, Approved
694,0, Graduate, No,9200000,25400000,2,783,25400000,2000000,19600000,12400000, Approved
695,3, Not Graduate, No,5700000,19400000,2,335,7400000,10600000,20600000,7100000, Approved
696,5, Not Graduate, Yes,1100000,2700000,4,889,1900000,1000000,2200000,500000, Approved
697,2, Not Graduate, Yes,1100000,2200000,4,874,1900000,1300000,2100000,900000, Approved
698,0, Graduate, Yes,6000000,23900000,4,394,6700000,5800000,21900000,4500000, Approved
699,2, Graduate, Yes,8100000,28500000,20,420,1500000,1400000,31800000,10000000, Rejected
700,2, Not Graduate, Yes,6500000,25100000,20,848,11500000,8600000,17400000,4400000, Approved
701,0, Graduate, Yes,7600000,17900000,16,788,1700000,7800000,27100000,5900000, Approved
702,1, Graduate, No,2200000,4900000,8,509,3800000,0,5400000,2900000, Rejected
703,4, Graduate, Yes,6300000,23900000,6,899,-100000,11400000,20600000,6700000, Approved
704,4, Not Graduate, Yes,6700000,15800000,12,466,7500000,4600000,19900000,6600000, Rejected
705,5, Graduate, Yes,1300000,4300000,2,595,1300000,500000,2900000,1500000, Approved
706,1, Not Graduate, No,2800000,6700000,12,322,1900000,2000000,8600000,2100000, Rejected
707,3, Graduate, No,7000000,18900000,2,691,6300000,7400000,15200000,3900000, Approved
708,3, Not Graduate, Yes,8800000,26700000,10,379,10100000,15500000,27000000,9700000, Rejected
709,0, Graduate, No,8900000,25800000,18,531,12400000,3400000,22900000,5400000, Rejected
710,5, Not Graduate, No,7000000,21800000,4,631,8100000,7100000,14600000,10000000, Approved
711,0, Graduate, Yes,6900000,18600000,10,330,19600000,9400000,16400000,4500000, Rejected
712,5, Graduate, No,9200000,29200000,16,383,17700000,13300000,30400000,5700000, Rejected
713,0, Graduate, Yes,6100000,19700000,16,678,13700000,2300000,19300000,5500000, Approved
714,1, Graduate, Yes,4400000,14700000,8,894,11400000,6300000,9400000,2400000, Approved
715,4, Not Graduate, No,9900000,22700000,12,567,28300000,9900000,29700000,5400000, Approved
716,5, Not Graduate, No,3900000,14000000,4,708,700000,1800000,15600000,5200000, Approved
717,3, Graduate, No,6800000,21200000,2,433,10700000,1900000,23200000,6300000, Approved
718,4, Not Graduate, No,3600000,8700000,14,302,6400000,3700000,7800000,4100000, Rejected
719,4, Graduate, No,700000,2600000,14,736,2100000,600000,1900000,400000, Approved
720,2, Not Graduate, Yes,4000000,8500000,6,323,11200000,1000000,14300000,4100000, Rejected
721,4, Graduate, No,1800000,4100000,12,670,1900000,2900000,4700000,2200000, Approved
722,3, Not Graduate, No,5600000,21000000,12,609,8800000,11000000,15800000,4900000, Approved
723,4, Not Graduate, No,6800000,24200000,18,349,18800000,0,15800000,9400000, Rejected
724,5, Not Graduate, Yes,600000,1500000,2,319,100000,1100000,2100000,600000, Rejected
725,1, Not Graduate, No,4200000,16200000,14,391,5800000,2100000,14100000,2600000, Rejected
726,4, Not Graduate, No,5000000,18700000,10,755,3600000,600000,13000000,2600000, Approved
727,1, Not Graduate, No,4100000,12200000,6,354,7300000,5600000,16300000,3500000, Rejected
728,3, Not Graduate, Yes,2200000,8800000,2,877,5000000,1300000,6400000,3100000, Approved
729,1, Not Graduate, No,3400000,8600000,16,312,6400000,6100000,8400000,3000000, Rejected
730,0, Graduate, No,7100000,15900000,14,746,9500000,3900000,23500000,8000000, Approved
731,3, Graduate, No,5800000,19600000,16,313,11100000,8100000,22700000,6300000, Rejected
732,2, Graduate, No,3400000,12900000,14,857,3400000,2500000,8700000,1900000, Approved
733,2, Not Graduate, No,7700000,18300000,20,504,14600000,500000,18300000,4600000, Rejected
734,0, Graduate, No,500000,1200000,14,556,900000,0,1800000,500000, Approved
735,2, Graduate, Yes,5300000,11000000,14,393,6800000,2400000,20500000,5200000, Rejected
736,0, Graduate, No,4700000,14400000,14,881,11000000,6100000,17600000,2400000, Approved
737,2, Graduate, Yes,4300000,12200000,14,719,5100000,2600000,14000000,5700000, Approved
738,2, Graduate, Yes,900000,2500000,16,458,-100000,100000,3200000,1100000, Rejected
739,4, Graduate, No,2000000,7500000,14,857,4300000,1500000,4200000,2100000, Approved
740,2, Graduate, Yes,2000000,7600000,16,429,5300000,3100000,5800000,2200000, Rejected
741,3, Not Graduate, No,4100000,15900000,12,538,3900000,800000,8800000,5700000, Rejected
742,1, Not Graduate, No,6900000,14400000,10,828,4600000,13000000,26700000,9000000, Approved
743,5, Graduate, Yes,2300000,6100000,6,339,5100000,2500000,8300000,2400000, Rejected
744,5, Graduate, Yes,5800000,16600000,18,376,2500000,7500000,21100000,2800000, Rejected
745,5, Not Graduate, No,8000000,30000000,14,549,14800000,200000,17300000,7000000, Rejected
746,3, Not Graduate, Yes,3700000,12700000,18,587,11000000,3100000,8800000,4100000, Approved
747,0, Not Graduate, No,2600000,8400000,18,861,0,3500000,6200000,3800000, Approved
748,0, Not Graduate, No,3000000,7000000,12,409,6400000,4900000,8000000,3500000, Rejected
749,4, Graduate, No,2700000,10200000,4,528,7800000,2200000,10000000,1600000, Approved
750,4, Not Graduate, No,5700000,19600000,8,691,8800000,2200000,12100000,3000000, Approved
751,2, Graduate, No,1500000,3600000,4,584,3900000,1300000,4800000,1700000, Approved
752,5, Not Graduate, No,6800000,20000000,4,459,14500000,3000000,25000000,4900000, Rejected
753,1, Graduate, Yes,8100000,31700000,10,755,0,12700000,30100000,4700000, Approved
754,3, Not Graduate, Yes,9200000,27700000,20,688,4800000,16300000,25800000,11200000, Approved
755,1, Not Graduate, Yes,7600000,26000000,6,384,2600000,1200000,20000000,7900000, Rejected
756,4, Graduate, No,600000,1600000,20,869,1400000,1000000,1700000,200000, Approved
757,1, Not Graduate, Yes,4700000,18700000,20,445,2100000,0,11100000,4000000, Rejected
758,0, Graduate, No,1400000,5500000,6,393,500000,1500000,5400000,1800000, Rejected
759,3, Graduate, Yes,9400000,24600000,10,414,8800000,13400000,23800000,5600000, Rejected
760,2, Graduate, No,9700000,19900000,16,395,2800000,13700000,37000000,10800000, Rejected
761,3, Not Graduate, Yes,8900000,21000000,14,815,200000,10800000,21600000,6400000, Approved
762,5, Graduate, No,4600000,10500000,8,758,3900000,4300000,15800000,2900000, Approved
763,5, Not Graduate, Yes,5600000,14500000,10,457,6900000,7800000,20600000,4600000, Rejected
764,0, Graduate, Yes,1000000,3200000,10,854,2600000,800000,2900000,1200000, Approved
765,3, Graduate, No,3500000,10300000,16,324,2400000,900000,12600000,2400000, Rejected
766,0, Not Graduate, No,7900000,31500000,14,849,19400000,10300000,26600000,10600000, Approved
767,3, Graduate, Yes,6100000,24200000,12,672,300000,11100000,23500000,5000000, Approved
768,3, Not Graduate, Yes,8900000,20900000,6,859,9600000,16500000,29300000,11100000, Approved
769,4, Graduate, No,5300000,15400000,8,584,5100000,1700000,14000000,5000000, Approved
770,5, Not Graduate, No,1300000,4800000,4,346,3200000,1600000,3400000,1600000, Approved
771,3, Graduate, No,4000000,12800000,18,635,6000000,7000000,12900000,4200000, Approved
772,2, Not Graduate, No,8700000,22700000,4,365,8200000,14800000,30200000,7200000, Rejected
773,1, Not Graduate, No,9500000,20000000,16,856,24900000,0,35700000,6200000, Approved
774,5, Graduate, Yes,9000000,20000000,2,440,17100000,1000000,28500000,7600000, Rejected
775,0, Graduate, Yes,7300000,23300000,2,616,15700000,5900000,25800000,4100000, Approved
776,3, Graduate, Yes,7400000,25700000,2,461,5700000,2900000,15100000,5100000, Approved
777,5, Not Graduate, No,3100000,10800000,10,681,5100000,1700000,7400000,1500000, Approved
778,2, Graduate, No,4300000,9400000,2,485,11000000,8100000,11000000,2200000, Rejected
779,1, Graduate, Yes,2400000,8300000,6,684,5500000,3500000,5300000,2300000, Approved
780,1, Graduate, No,5400000,17900000,14,727,13100000,0,12300000,4700000, Approved
781,2, Not Graduate, No,1600000,5100000,6,784,1400000,2400000,4500000,1400000, Approved
782,3, Not Graduate, Yes,9900000,20400000,4,865,26300000,3600000,36500000,12800000, Approved
783,3, Not Graduate, No,5800000,20100000,18,791,1400000,10800000,16300000,5600000, Approved
784,4, Not Graduate, No,2200000,8500000,16,866,4000000,1900000,6800000,2800000, Approved
785,0, Graduate, No,5000000,14400000,2,761,-100000,7300000,12600000,4500000, Approved
786,2, Not Graduate, Yes,600000,2100000,18,572,400000,500000,1400000,300000, Approved
787,4, Graduate, No,2200000,8600000,6,601,2700000,2900000,6700000,3300000, Approved
788,1, Graduate, Yes,2600000,5500000,14,820,2700000,2400000,9300000,2000000, Approved
789,4, Not Graduate, No,1200000,4300000,8,598,1600000,1800000,3200000,1300000, Approved
790,2, Graduate, No,3100000,8700000,18,544,5300000,1100000,12200000,1500000, Rejected
791,5, Not Graduate, Yes,4600000,14500000,14,561,2300000,6200000,10200000,5800000, Approved
792,4, Graduate, Yes,9300000,35500000,6,547,2800000,17800000,27000000,13900000, Rejected
793,4, Graduate, No,6300000,13400000,2,504,10500000,10900000,14500000,9400000, Rejected
794,2, Not Graduate, No,5900000,20800000,14,530,7100000,5800000,13100000,8800000, Rejected
795,2, Graduate, Yes,2900000,10600000,6,614,1000000,300000,7600000,3600000, Approved
796,4, Not Graduate, No,6100000,22400000,18,351,11800000,5000000,24400000,4800000, Rejected
797,4, Graduate, Yes,5900000,19700000,10,431,3300000,9200000,22700000,5300000, Rejected
798,1, Not Graduate, Yes,4600000,18400000,10,403,200000,8800000,17300000,2900000, Rejected
799,2, Not Graduate, No,7000000,20200000,8,668,16600000,5000000,26100000,9100000, Approved
800,3, Not Graduate, Yes,5100000,10400000,18,399,8000000,4300000,20100000,4600000, Rejected
801,1, Graduate, No,3100000,10600000,14,665,6200000,800000,9500000,3900000, Approved
802,2, Graduate, No,4100000,12800000,16,344,10300000,7000000,15800000,4100000, Rejected
803,0, Graduate, No,1800000,5400000,16,555,3900000,2900000,5100000,1700000, Approved
804,4, Not Graduate, Yes,8200000,26900000,20,301,23800000,13600000,31000000,9900000, Rejected
805,2, Not Graduate, Yes,800000,2100000,6,726,2000000,0,2600000,600000, Approved
806,2, Graduate, No,8400000,23100000,6,689,5700000,2500000,18900000,11900000, Approved
807,0, Not Graduate, No,8500000,33900000,4,665,8500000,12800000,17900000,4500000, Approved
808,3, Not Graduate, Yes,3300000,12700000,16,608,3600000,6200000,12600000,4500000, Approved
809,3, Not Graduate, No,5800000,12800000,20,335,4400000,3000000,15300000,8000000, Rejected
810,3, Not Graduate, No,4400000,10500000,18,677,100000,2000000,12100000,5000000, Approved
811,1, Not Graduate, No,2600000,8500000,2,491,1700000,1800000,5300000,2600000, Approved
812,2, Not Graduate, Yes,9600000,28100000,20,763,23000000,11800000,27500000,10300000, Approved
813,5, Not Graduate, Yes,5200000,18100000,8,809,2400000,6900000,14000000,5500000, Approved
814,5, Not Graduate, Yes,9700000,36400000,16,544,3500000,15000000,31300000,5200000, Rejected
815,1, Graduate, Yes,200000,800000,14,624,600000,0,600000,0, Approved
816,3, Graduate, No,6500000,16800000,10,388,9500000,800000,14900000,7200000, Rejected
817,4, Graduate, Yes,7200000,23100000,14,644,13300000,3500000,18300000,4200000, Approved
818,0, Not Graduate, No,5200000,18400000,14,600,7300000,9700000,16500000,3600000, Approved
819,2, Not Graduate, No,6500000,14100000,2,709,1000000,12700000,20900000,4000000, Approved
820,5, Graduate, Yes,2300000,5600000,8,642,2600000,1900000,8600000,2500000, Approved
821,0, Not Graduate, Yes,3300000,10400000,4,423,7400000,4700000,11600000,3200000, Approved
822,0, Not Graduate, Yes,2000000,5900000,12,900,3800000,2400000,7100000,3000000, Approved
823,2, Graduate, Yes,8300000,19500000,4,415,2300000,9400000,21700000,8600000, Rejected
824,4, Graduate, Yes,3800000,14300000,4,645,1300000,1100000,10900000,4600000, Approved
825,0, Not Graduate, No,5700000,15600000,16,742,700000,5800000,11400000,6800000, Approved
826,4, Not Graduate, No,7300000,19800000,8,724,5500000,6000000,29000000,10300000, Approved
827,1, Graduate, No,1600000,5400000,12,707,600000,1700000,6200000,800000, Approved
828,5, Not Graduate, Yes,800000,2500000,4,780,500000,900000,1700000,400000, Approved
829,4, Not Graduate, No,6300000,21900000,10,538,9600000,5400000,19300000,7800000, Rejected
830,2, Graduate, No,8800000,17700000,14,706,22900000,4300000,30300000,9200000, Approved
831,0, Graduate, No,7300000,14500000,16,811,1000000,12400000,16100000,9600000, Approved
832,2, Graduate, Yes,3800000,9100000,14,849,6300000,2400000,9500000,2500000, Approved
833,3, Graduate, No,6200000,16700000,10,880,15800000,8200000,20100000,9100000, Approved
834,5, Not Graduate, Yes,3500000,9500000,4,664,9500000,500000,7800000,5200000, Approved
835,5, Graduate, Yes,1400000,5000000,2,465,0,2600000,5300000,1500000, Approved
836,3, Not Graduate, Yes,3500000,12000000,2,786,600000,6400000,10700000,1700000, Approved
837,1, Graduate, Yes,600000,2000000,10,326,400000,1000000,2400000,700000, Rejected
838,0, Not Graduate, No,4100000,10800000,16,399,5900000,7600000,12700000,5300000, Rejected
839,2, Not Graduate, Yes,5400000,11500000,6,841,6800000,100000,11100000,6600000, Approved
840,2, Not Graduate, Yes,2000000,6700000,14,638,4900000,200000,4900000,2300000, Approved
841,4, Graduate, Yes,3500000,8900000,4,478,4000000,3900000,11300000,3800000, Rejected
842,0, Graduate, Yes,8300000,30000000,4,600,14600000,12500000,24800000,12000000, Approved
843,0, Graduate, Yes,6700000,15600000,16,768,300000,1800000,26000000,3800000, Approved
844,0, Not Graduate, No,1900000,6500000,10,523,2400000,1100000,6200000,1100000, Rejected
845,2, Graduate, Yes,6500000,20900000,14,327,8200000,100000,22800000,4700000, Rejected
846,1, Graduate, Yes,600000,1800000,8,799,1000000,700000,2200000,800000, Approved
847,5, Graduate, No,7000000,23000000,18,803,18700000,6300000,27800000,4100000, Approved
848,2, Graduate, No,7700000,15400000,18,524,12900000,5100000,21000000,6600000, Rejected
849,1, Graduate, No,2600000,6600000,6,506,2300000,1900000,9600000,2100000, Rejected
850,1, Graduate, No,9200000,18800000,2,351,22400000,2200000,31500000,13000000, Rejected
851,2, Graduate, Yes,1800000,4200000,8,648,1200000,3100000,6200000,1600000, Approved
852,1, Not Graduate, No,4900000,18500000,4,612,6100000,5900000,16400000,2900000, Approved
853,1, Graduate, No,5700000,12400000,14,396,5400000,7500000,17600000,5600000, Rejected
854,3, Not Graduate, No,300000,800000,2,458,500000,0,1100000,200000, Rejected
855,3, Graduate, Yes,1700000,3400000,6,488,100000,500000,4500000,1600000, Rejected
856,4, Graduate, No,7000000,18900000,6,475,1300000,6100000,14700000,5200000, Rejected
857,1, Not Graduate, No,2200000,7000000,18,417,2000000,3900000,6500000,1900000, Rejected
858,2, Not Graduate, No,6800000,18700000,8,781,17600000,900000,23700000,5400000, Approved
859,1, Not Graduate, Yes,2400000,6200000,12,337,3400000,2100000,9400000,2300000, Rejected
860,0, Not Graduate, Yes,600000,1800000,12,511,300000,200000,2200000,400000, Rejected
861,4, Graduate, No,6200000,17300000,6,837,12600000,3700000,24700000,4600000, Approved
862,1, Not Graduate, No,7600000,24600000,12,810,1300000,10500000,30300000,5200000, Approved
863,2, Not Graduate, No,4800000,10600000,8,588,3700000,5200000,15000000,4500000, Approved
864,5, Graduate, No,4200000,9200000,12,870,3200000,2400000,12300000,5700000, Approved
865,0, Not Graduate, Yes,7200000,20700000,10,733,15600000,12000000,19200000,9900000, Approved
866,5, Not Graduate, Yes,6400000,20300000,16,348,10000000,10900000,20400000,6900000, Rejected
867,0, Not Graduate, Yes,8900000,23000000,12,741,5600000,11200000,27100000,7100000, Approved
868,3, Not Graduate, No,5100000,14500000,12,306,700000,8800000,11600000,2900000, Rejected
869,2, Graduate, Yes,6300000,19500000,18,428,15900000,7200000,19900000,6500000, Rejected
870,3, Graduate, No,6600000,22100000,4,455,3800000,3000000,25100000,7400000, Approved
871,1, Not Graduate, Yes,4800000,14700000,2,356,7100000,8800000,13400000,5500000, Approved
872,0, Graduate, No,200000,400000,4,594,500000,0,400000,100000, Approved
873,0, Not Graduate, Yes,7500000,25800000,18,844,9100000,600000,18600000,6500000, Approved
874,4, Graduate, No,9000000,34700000,4,771,4800000,9500000,34100000,7700000, Approved
875,2, Graduate, No,5400000,12500000,4,622,14400000,2900000,11800000,5400000, Approved
876,1, Not Graduate, Yes,1700000,4500000,20,480,200000,600000,5400000,1900000, Rejected
877,4, Graduate, No,4300000,11500000,20,337,11100000,6000000,17000000,5200000, Rejected
878,1, Graduate, No,5200000,11200000,6,698,14100000,7600000,18800000,2700000, Approved
879,4, Not Graduate, No,4400000,17000000,18,302,1000000,2100000,14000000,5700000, Rejected
880,1, Not Graduate, Yes,3900000,7800000,14,349,11200000,500000,11800000,3600000, Rejected
881,0, Graduate, No,1100000,3300000,10,482,2800000,300000,2900000,1600000, Rejected
882,2, Graduate, No,2500000,8200000,10,429,1500000,4100000,5900000,2200000, Rejected
883,4, Graduate, No,500000,1300000,8,471,500000,300000,1500000,700000, Rejected
884,0, Graduate, Yes,9000000,32400000,10,895,16800000,5800000,20700000,9500000, Approved
885,1, Not Graduate, Yes,5100000,20300000,18,757,11800000,3400000,13400000,3200000, Approved
886,2, Graduate, No,5200000,13500000,2,777,7000000,5200000,15500000,6100000, Approved
887,5, Not Graduate, Yes,4400000,8900000,4,761,8100000,1000000,14200000,3000000, Approved
888,1, Graduate, No,1900000,4200000,12,821,5200000,1500000,5000000,2700000, Approved
889,4, Not Graduate, Yes,9200000,26500000,6,662,1000000,400000,26900000,5300000, Approved
890,2, Not Graduate, Yes,4800000,16500000,10,350,2000000,6500000,11400000,2900000, Rejected
891,4, Not Graduate, No,4900000,10700000,20,321,1200000,400000,11100000,6500000, Rejected
892,3, Graduate, Yes,4800000,10100000,4,368,9100000,5100000,16500000,3500000, Rejected
893,4, Graduate, No,9300000,24900000,14,455,27600000,4700000,35100000,13900000, Rejected
894,5, Not Graduate, Yes,7500000,24600000,8,744,1600000,3600000,16700000,9300000, Approved
895,1, Graduate, No,5900000,16800000,4,806,11200000,9700000,22800000,7100000, Approved
896,0, Graduate, No,9400000,27900000,6,456,21400000,18500000,35600000,7800000, Rejected
897,5, Graduate, No,5300000,13400000,8,719,1600000,200000,11400000,5300000, Approved
898,4, Graduate, No,3700000,9000000,18,668,7800000,1600000,13400000,3100000, Approved
899,0, Graduate, Yes,2500000,5800000,18,494,5100000,4400000,8500000,2300000, Rejected
900,4, Not Graduate, No,2800000,10800000,2,841,700000,2600000,7100000,4100000, Approved
901,0, Graduate, Yes,5400000,21400000,8,721,8200000,6400000,16700000,7400000, Approved
902,5, Graduate, No,3100000,9400000,10,414,200000,5300000,8000000,2800000, Rejected
903,5, Not Graduate, No,4800000,15500000,10,812,9500000,1500000,17800000,3500000, Approved
904,1, Not Graduate, No,8800000,17500000,20,832,1800000,3600000,24000000,7400000, Approved
905,2, Graduate, No,4100000,14900000,12,571,-100000,5200000,13000000,3400000, Approved
906,5, Not Graduate, No,9700000,37000000,14,459,28700000,17900000,22800000,5600000, Rejected
907,2, Graduate, Yes,6400000,24100000,6,592,2500000,6300000,20200000,6000000, Approved
908,5, Graduate, No,3400000,13100000,20,527,900000,4500000,8600000,4000000, Rejected
909,4, Not Graduate, No,3500000,10200000,12,333,7600000,6400000,8100000,3400000, Rejected
910,3, Not Graduate, No,3200000,10000000,18,532,3300000,100000,9800000,2100000, Rejected
911,2, Graduate, Yes,4900000,13100000,18,754,8200000,3300000,16500000,7200000, Approved
912,0, Graduate, Yes,1300000,4800000,4,835,500000,100000,3300000,800000, Rejected
913,4, Graduate, No,2500000,5400000,10,592,3400000,1500000,9900000,2900000, Approved
914,0, Graduate, No,7500000,27300000,20,553,11600000,2800000,26200000,6100000, Approved
915,2, Graduate, No,700000,2000000,8,806,1900000,1100000,2200000,400000, Approved
916,4, Graduate, Yes,8200000,28500000,2,378,6800000,11200000,26400000,11500000, Approved
917,1, Not Graduate, No,6900000,26200000,4,534,14500000,11900000,14900000,9400000, Approved
918,1, Not Graduate, Yes,1500000,5900000,16,400,4200000,2400000,4800000,1500000, Rejected
919,3, Graduate, No,6300000,18300000,18,543,1800000,9400000,17700000,3500000, Rejected
920,0, Not Graduate, Yes,8800000,25600000,10,715,25300000,2500000,34900000,8600000, Approved
921,4, Graduate, Yes,8900000,20700000,6,684,1100000,9200000,20400000,6700000, Approved
922,3, Not Graduate, Yes,2100000,6100000,8,346,5500000,600000,4500000,2900000, Rejected
923,1, Graduate, Yes,9200000,29200000,6,669,9900000,12900000,23400000,11700000, Approved
924,2, Not Graduate, No,3600000,8000000,12,566,10500000,3000000,8900000,2700000, Approved
925,0, Not Graduate, Yes,8600000,23600000,2,361,25800000,5300000,24700000,7500000, Rejected
926,5, Graduate, No,3000000,8000000,6,333,3200000,400000,8200000,2200000, Rejected
927,3, Not Graduate, Yes,5200000,16300000,8,335,9500000,7000000,13600000,7300000, Rejected
928,3, Graduate, Yes,7200000,20400000,10,558,0,13200000,27200000,10600000, Approved
929,1, Not Graduate, Yes,4000000,15600000,12,436,10400000,2800000,14800000,3200000, Rejected
930,1, Not Graduate, No,2400000,5200000,2,371,6100000,3100000,8500000,1400000, Rejected
931,2, Not Graduate, Yes,5500000,18400000,10,515,6800000,4400000,18500000,4100000, Rejected
932,0, Not Graduate, Yes,9000000,24300000,10,599,12900000,3400000,26900000,6400000, Approved
933,0, Not Graduate, Yes,7900000,24000000,20,728,18600000,15600000,21800000,7400000, Approved
934,2, Not Graduate, Yes,6200000,21600000,20,679,18600000,2500000,24500000,9100000, Approved
935,3, Graduate, Yes,7900000,29200000,4,399,23200000,5500000,30200000,6900000, Approved
936,3, Not Graduate, No,1200000,4500000,6,819,1400000,1100000,4400000,900000, Approved
937,1, Graduate, No,4700000,11700000,6,308,11800000,1100000,15100000,3700000, Rejected
938,5, Graduate, Yes,5900000,15600000,2,730,12600000,4700000,15900000,5900000, Approved
939,4, Not Graduate, Yes,1400000,5100000,14,312,4000000,1000000,3200000,1400000, Rejected
940,3, Not Graduate, Yes,4700000,12800000,16,740,2200000,8600000,11700000,6100000, Approved
941,5, Graduate, Yes,7600000,20000000,10,522,21500000,1400000,20400000,4300000, Rejected
942,4, Graduate, No,7200000,16900000,4,702,15900000,7100000,22000000,9600000, Approved
943,4, Not Graduate, Yes,1400000,4300000,16,447,3600000,1200000,5300000,1000000, Rejected
944,5, Graduate, No,1400000,2900000,4,829,800000,600000,5400000,1600000, Approved
945,2, Graduate, No,7900000,18500000,18,727,20200000,12400000,19600000,7100000, Approved
946,5, Not Graduate, Yes,7600000,18700000,14,509,8500000,8500000,22200000,3700000, Rejected
947,3, Graduate, Yes,9600000,34200000,2,745,2500000,2000000,33000000,6700000, Approved
948,1, Not Graduate, No,2300000,6600000,18,513,4600000,900000,9000000,1600000, Rejected
949,2, Not Graduate, No,8100000,18500000,6,372,19100000,10200000,31000000,7900000, Rejected
950,2, Graduate, Yes,300000,700000,4,411,600000,0,1200000,100000, Rejected
951,4, Graduate, No,4700000,10800000,20,495,11300000,6800000,17000000,4500000, Rejected
952,5, Not Graduate, No,1100000,2500000,4,827,2400000,1000000,4100000,600000, Approved
953,4, Not Graduate, No,8600000,25100000,6,820,14400000,5000000,26000000,8300000, Approved
954,5, Graduate, Yes,8700000,28100000,10,660,25500000,800000,25900000,10100000, Approved
955,0, Not Graduate, No,2200000,8600000,4,563,900000,1000000,4400000,2800000, Approved
956,1, Not Graduate, Yes,500000,1400000,10,883,900000,0,1700000,300000, Approved
957,0, Not Graduate, Yes,9100000,22000000,12,387,25300000,15600000,31700000,7000000, Rejected
958,1, Graduate, No,2200000,8700000,12,613,500000,1800000,5700000,2400000, Approved
959,0, Not Graduate, Yes,2200000,8000000,14,335,2800000,3700000,6900000,2900000, Rejected
960,1, Graduate, Yes,9600000,34500000,2,795,9500000,900000,32000000,9300000, Approved
961,1, Graduate, Yes,6500000,13900000,8,369,9600000,300000,17200000,8300000, Rejected
962,4, Graduate, Yes,2400000,7400000,18,888,2700000,1600000,7600000,3200000, Approved
963,4, Not Graduate, No,5500000,12300000,6,742,12900000,2700000,19800000,4300000, Approved
964,0, Graduate, No,5000000,14400000,4,874,3000000,9300000,14100000,3900000, Approved
965,1, Graduate, No,2700000,8100000,16,691,2000000,3600000,8100000,2100000, Approved
966,3, Not Graduate, Yes,8500000,30300000,12,762,12700000,3700000,20000000,4200000, Approved
967,1, Graduate, No,4400000,10700000,18,324,2200000,3300000,12700000,5400000, Rejected
968,4, Not Graduate, No,500000,1800000,20,777,900000,300000,1300000,200000, Approved
969,0, Graduate, No,8300000,21400000,2,662,6100000,12300000,24500000,10200000, Approved
970,2, Not Graduate, Yes,6000000,13000000,12,462,2100000,2500000,14600000,5600000, Rejected
971,3, Not Graduate, Yes,4000000,10400000,14,609,2100000,6900000,11700000,4600000, Approved
972,5, Graduate, Yes,4400000,11700000,20,590,900000,2700000,15500000,2300000, Approved
973,3, Graduate, Yes,4400000,15800000,18,779,7200000,5400000,14900000,3600000, Approved
974,2, Graduate, Yes,1900000,5000000,14,641,1000000,900000,5500000,2400000, Approved
975,0, Graduate, Yes,5000000,18400000,12,752,14600000,4000000,10500000,6500000, Approved
976,0, Graduate, No,8000000,23700000,10,305,22200000,11600000,17200000,12000000, Rejected
977,4, Not Graduate, No,8200000,20700000,10,546,10800000,7000000,25000000,10600000, Rejected
978,2, Graduate, No,7000000,24200000,8,833,13700000,4100000,26100000,9100000, Approved
979,2, Not Graduate, No,2400000,8800000,18,421,3200000,1500000,6700000,1400000, Rejected
980,5, Graduate, No,6600000,18800000,4,639,3200000,1100000,25100000,4300000, Approved
981,3, Graduate, No,3200000,6900000,20,735,1500000,3700000,9200000,3100000, Approved
982,0, Not Graduate, Yes,2600000,5400000,2,377,100000,4900000,6100000,2700000, Rejected
983,3, Not Graduate, No,6900000,15600000,20,310,4500000,3600000,20400000,4800000, Rejected
984,4, Graduate, No,4800000,14000000,2,695,11300000,1700000,15400000,4600000, Approved
985,1, Not Graduate, Yes,300000,1200000,4,355,700000,300000,800000,200000, Approved
986,1, Not Graduate, Yes,4300000,14100000,12,525,2100000,1100000,14100000,5500000, Rejected
987,5, Not Graduate, No,700000,2400000,20,330,1300000,700000,2500000,500000, Rejected
988,5, Graduate, No,9400000,25800000,14,625,28200000,15400000,30800000,11100000, Approved
989,3, Not Graduate, Yes,800000,2900000,10,644,600000,500000,2900000,400000, Approved
990,5, Not Graduate, No,4400000,14900000,4,865,8200000,6200000,14900000,3500000, Approved
991,1, Graduate, Yes,4700000,14800000,6,661,8500000,6000000,13600000,6400000, Approved
992,2, Not Graduate, No,2300000,5000000,8,884,1400000,1700000,6100000,1500000, Approved
993,5, Graduate, Yes,8500000,26700000,10,803,500000,16600000,24400000,9600000, Approved
994,2, Graduate, No,7600000,28300000,12,800,19700000,14800000,15600000,7800000, Approved
995,2, Graduate, No,3200000,12600000,18,796,6200000,3500000,9600000,2000000, Approved
996,4, Not Graduate, No,2400000,5000000,4,716,1500000,2800000,6900000,1400000, Approved
997,0, Graduate, Yes,500000,1100000,18,479,1500000,500000,1800000,600000, Rejected
998,3, Not Graduate, Yes,8500000,28300000,2,810,25200000,4300000,18500000,10700000, Approved
999,0, Graduate, Yes,8900000,20900000,18,568,18800000,700000,32700000,5300000, Approved
1000,0, Graduate, No,2800000,5600000,8,842,0,1300000,6100000,1900000, Approved
1001,3, Not Graduate, Yes,2900000,7000000,4,806,5700000,5600000,5900000,3000000, Approved
1002,1, Graduate, Yes,4900000,17700000,8,722,9200000,7300000,16400000,3000000, Approved
1003,5, Not Graduate, No,9600000,20700000,14,442,25800000,9800000,31800000,8200000, Rejected
1004,3, Graduate, Yes,3300000,9800000,6,360,4500000,600000,11000000,4400000, Rejected
1005,3, Not Graduate, No,2800000,5900000,4,461,1600000,400000,8900000,2800000, Rejected
1006,2, Graduate, No,7800000,22200000,10,735,9700000,4600000,23000000,6900000, Approved
1007,4, Graduate, Yes,2500000,8400000,12,761,6300000,1300000,8400000,1600000, Approved
1008,0, Graduate, No,4400000,10600000,20,653,6800000,4600000,16800000,5400000, Approved
1009,0, Not Graduate, No,7900000,30800000,4,726,5000000,14600000,23800000,5500000, Approved
1010,1, Graduate, No,8900000,22600000,18,617,8400000,15500000,27900000,11700000, Approved
1011,0, Graduate, No,5600000,13400000,2,460,3400000,4100000,14800000,4100000, Rejected
1012,1, Not Graduate, No,1400000,3300000,8,306,3200000,800000,2700000,800000, Rejected
1013,5, Graduate, Yes,500000,1400000,4,471,500000,100000,1300000,300000, Rejected
1014,1, Graduate, Yes,5100000,15300000,4,628,6900000,3300000,17600000,2700000, Approved
1015,3, Graduate, No,9800000,25600000,10,404,24400000,6700000,37000000,11500000, Rejected
1016,2, Graduate, Yes,8600000,21600000,16,804,15400000,300000,26800000,7100000, Approved
1017,3, Not Graduate, No,1600000,3900000,20,804,900000,2500000,3200000,800000, Approved
1018,1, Not Graduate, Yes,2500000,6700000,2,502,3400000,2600000,9400000,1400000, Rejected
1019,0, Graduate, No,9500000,22600000,6,861,24700000,13200000,29000000,5600000, Approved
1020,2, Not Graduate, Yes,3000000,7800000,14,555,6600000,2700000,9600000,1700000, Approved
1021,0, Not Graduate, No,5100000,13600000,18,351,1700000,3700000,14400000,7600000, Rejected
1022,2, Not Graduate, Yes,7600000,23600000,6,358,20200000,2900000,22100000,10900000, Rejected
1023,5, Graduate, No,8800000,18800000,14,836,17300000,10100000,32700000,5400000, Approved
1024,4, Not Graduate, Yes,1100000,2900000,4,554,2800000,1000000,4100000,1600000, Approved
1025,3, Graduate, No,8700000,30500000,2,443,11800000,1800000,24600000,8100000, Approved
1026,5, Not Graduate, No,6100000,23600000,4,725,17400000,5100000,15600000,4800000, Approved
1027,2, Not Graduate, Yes,1900000,7000000,14,818,4800000,3500000,4500000,2100000, Approved
1028,1, Not Graduate, No,9900000,38700000,6,670,19400000,12600000,35800000,6500000, Approved
1029,0, Graduate, No,5800000,21100000,6,414,7900000,2400000,16000000,5600000, Rejected
1030,2, Not Graduate, Yes,9500000,37000000,8,887,21800000,18300000,19200000,11700000, Approved
1031,3, Graduate, Yes,7900000,26600000,12,409,17100000,1400000,22500000,8700000, Rejected
1032,1, Not Graduate, Yes,1300000,4500000,14,679,2700000,2100000,3700000,1600000, Approved
1033,4, Graduate, Yes,700000,2600000,18,478,600000,600000,2100000,300000, Rejected
1034,3, Graduate, No,600000,1200000,2,752,1100000,500000,2300000,700000, Approved
1035,0, Graduate, No,9400000,33000000,4,616,15400000,5000000,25100000,7800000, Approved
1036,2, Not Graduate, Yes,3800000,12500000,14,842,3700000,6700000,14600000,5300000, Approved
1037,3, Graduate, Yes,7800000,26300000,20,840,1200000,11300000,24100000,5300000, Approved
1038,3, Graduate, Yes,7800000,27700000,6,430,2000000,8000000,26100000,5300000, Rejected
1039,4, Not Graduate, No,2700000,7000000,4,351,1100000,2300000,8300000,2700000, Rejected
1040,5, Not Graduate, No,600000,2300000,4,347,0,0,1900000,200000, Rejected
1041,3, Not Graduate, Yes,8000000,28800000,10,576,18800000,7500000,16300000,11900000, Approved
1042,0, Not Graduate, Yes,4000000,11000000,8,799,4400000,6100000,14700000,4200000, Approved
1043,1, Not Graduate, Yes,3300000,10800000,2,550,6000000,3800000,11000000,4700000, Approved
1044,2, Graduate, No,5800000,13300000,4,878,8400000,5400000,18600000,4500000, Approved
1045,3, Graduate, Yes,2400000,4800000,12,895,6800000,300000,7300000,3300000, Approved
1046,4, Not Graduate, No,7600000,29700000,6,603,3200000,2900000,27800000,11000000, Approved
1047,2, Not Graduate, Yes,2500000,6900000,12,325,5800000,1600000,6400000,3600000, Rejected
1048,2, Graduate, No,3300000,11800000,4,393,5700000,3700000,6800000,2600000, Approved
1049,3, Graduate, No,9800000,30300000,2,612,10700000,4600000,32100000,5600000, Approved
1050,0, Graduate, Yes,1000000,3800000,8,553,2500000,1000000,2100000,1300000, Approved
1051,0, Not Graduate, Yes,2500000,8800000,14,389,7300000,1400000,8500000,3600000, Rejected
1052,0, Graduate, No,1900000,6800000,4,782,100000,3400000,4900000,2400000, Approved
1053,3, Graduate, No,3100000,8500000,12,493,8700000,5100000,12000000,2000000, Rejected
1054,5, Graduate, Yes,6000000,11900000,2,629,2500000,0,19200000,4200000, Approved
1055,5, Not Graduate, No,6500000,21600000,10,419,1600000,10900000,22300000,6600000, Rejected
1056,2, Not Graduate, Yes,5900000,15800000,2,444,14300000,4300000,20300000,5500000, Rejected
1057,5, Not Graduate, Yes,6500000,15800000,16,301,9200000,9900000,17400000,7100000, Rejected
1058,0, Graduate, Yes,3800000,11200000,20,479,1100000,6400000,12000000,5400000, Rejected
1059,3, Not Graduate, Yes,3000000,11400000,10,424,1800000,4200000,10900000,1500000, Rejected
1060,0, Graduate, No,4300000,16900000,18,469,200000,5800000,12000000,6200000, Rejected
1061,4, Not Graduate, Yes,3500000,8300000,2,897,7900000,5500000,12600000,1800000, Approved
1062,3, Not Graduate, No,300000,500000,2,477,700000,200000,800000,400000, Rejected
1063,3, Not Graduate, Yes,600000,1400000,16,509,600000,300000,2400000,900000, Rejected
1064,0, Graduate, Yes,800000,1700000,4,752,2300000,1100000,3200000,400000, Approved
1065,0, Not Graduate, Yes,5600000,19100000,14,875,16700000,4700000,15100000,7700000, Approved
1066,2, Not Graduate, Yes,1800000,3600000,4,343,3400000,1100000,6200000,1500000, Rejected
1067,0, Graduate, No,6800000,20800000,20,819,16500000,11900000,26700000,8000000, Approved
1068,2, Graduate, Yes,4200000,16800000,2,433,3300000,0,14100000,3700000, Approved
1069,1, Not Graduate, Yes,200000,400000,6,768,300000,100000,600000,0, Approved
1070,2, Graduate, Yes,8500000,31800000,6,714,17000000,900000,26600000,5600000, Approved
1071,2, Not Graduate, Yes,2800000,10100000,16,531,2900000,2900000,7200000,4100000, Rejected
1072,0, Graduate, Yes,3600000,8600000,6,529,3500000,3300000,11300000,5200000, Rejected
1073,1, Not Graduate, No,6200000,19500000,20,448,3300000,7100000,22400000,8000000, Rejected
1074,1, Graduate, No,2700000,10000000,2,584,6500000,2700000,7700000,3400000, Approved
1075,1, Graduate, No,6800000,22900000,4,501,3900000,9400000,17300000,4400000, Approved
1076,2, Not Graduate, No,6300000,24500000,18,848,10200000,3500000,18200000,8200000, Approved
1077,4, Not Graduate, No,8800000,19100000,6,586,17600000,8800000,20600000,12400000, Approved
1078,1, Graduate, No,5900000,13000000,2,386,16300000,5000000,12000000,3800000, Rejected
1079,5, Not Graduate, Yes,9800000,37900000,18,301,6700000,4900000,34300000,6200000, Rejected
1080,2, Graduate, No,3300000,8300000,6,653,4700000,3100000,8300000,4600000, Approved
1081,4, Graduate, Yes,300000,500000,14,448,700000,100000,800000,100000, Rejected
1082,1, Not Graduate, Yes,4800000,11600000,16,696,1400000,9400000,11800000,6500000, Approved
1083,1, Graduate, No,7500000,28300000,16,707,9700000,1100000,16300000,6700000, Approved
1084,2, Not Graduate, No,8600000,21700000,4,429,5500000,10800000,30900000,6000000, Rejected
1085,4, Not Graduate, No,8900000,21100000,6,631,4200000,200000,25800000,6200000, Approved
1086,5, Not Graduate, Yes,9600000,29600000,4,446,22900000,3500000,36600000,13200000, Approved
1087,0, Graduate, Yes,7700000,18100000,18,705,6100000,5100000,23800000,6300000, Approved
1088,3, Not Graduate, Yes,7000000,15200000,2,709,10300000,12500000,20700000,4000000, Approved
1089,4, Not Graduate, Yes,7800000,19500000,14,739,1900000,9000000,20400000,4400000, Approved
1090,3, Graduate, No,5100000,11000000,6,336,-100000,5800000,11600000,7500000, Rejected
1091,4, Graduate, No,9400000,32600000,4,898,18200000,4000000,22000000,10200000, Approved
1092,4, Not Graduate, Yes,600000,2100000,6,558,1300000,1000000,2200000,300000, Approved
1093,3, Graduate, No,5100000,13300000,4,589,11200000,2700000,20200000,6100000, Approved
1094,2, Graduate, Yes,3800000,14400000,2,301,2300000,1400000,7600000,2400000, Rejected
1095,2, Not Graduate, Yes,5300000,21200000,14,516,2200000,5000000,20900000,7700000, Rejected
1096,5, Not Graduate, No,1100000,3600000,12,315,1300000,700000,3100000,1400000, Rejected
1097,3, Not Graduate, No,6400000,14400000,10,546,10600000,10000000,21200000,5100000, Rejected
1098,0, Not Graduate, Yes,5100000,14500000,14,559,11000000,1100000,12300000,6000000, Approved
1099,3, Graduate, Yes,5300000,16900000,2,350,15800000,3100000,14300000,6800000, Approved
1100,1, Graduate, No,6700000,18700000,8,583,9300000,4100000,17100000,6900000, Approved
1101,2, Not Graduate, No,4000000,9400000,8,874,4400000,3700000,10200000,4800000, Approved
1102,2, Not Graduate, Yes,3900000,11600000,8,808,5800000,3100000,12900000,5000000, Approved
1103,1, Graduate, Yes,1600000,4900000,16,487,4300000,1100000,3900000,2000000, Rejected
1104,3, Graduate, No,2700000,7800000,14,870,5400000,5300000,5700000,2100000, Approved
1105,3, Graduate, No,1400000,3800000,8,840,1700000,200000,5300000,1500000, Approved
1106,4, Not Graduate, Yes,8000000,19200000,18,682,2500000,8900000,19000000,5300000, Approved
1107,3, Graduate, Yes,8200000,28900000,10,668,23800000,4500000,28700000,10900000, Approved
1108,5, Graduate, Yes,4800000,10300000,8,781,4800000,6800000,11100000,4300000, Approved
1109,4, Graduate, No,8100000,19000000,6,375,4100000,14500000,19100000,11900000, Rejected
1110,4, Not Graduate, No,5900000,14900000,14,857,2600000,9500000,16000000,3500000, Approved
1111,5, Graduate, Yes,8100000,32100000,6,823,18200000,1800000,24100000,6500000, Approved
1112,0, Graduate, No,1400000,5000000,8,686,1800000,1900000,3200000,1500000, Approved
1113,1, Graduate, No,1600000,6300000,2,721,3000000,600000,5200000,900000, Approved
1114,4, Graduate, No,4600000,9400000,18,545,800000,2400000,11500000,6300000, Rejected
1115,1, Not Graduate, No,2900000,8900000,6,523,900000,5600000,9700000,1800000, Rejected
1116,2, Graduate, Yes,8600000,24900000,20,607,13600000,7600000,31800000,5400000, Approved
1117,4, Not Graduate, No,3800000,14900000,20,428,6500000,3500000,12200000,2500000, Rejected
1118,0, Not Graduate, No,8200000,20300000,4,666,13100000,10200000,25900000,7800000, Approved
1119,3, Graduate, No,3200000,10100000,20,704,3400000,4800000,9000000,3900000, Approved
1120,0, Not Graduate, Yes,8100000,23800000,10,794,5400000,15500000,20700000,8800000, Approved
1121,1, Graduate, Yes,9800000,23300000,12,430,3200000,12600000,30500000,13900000, Rejected
1122,0, Not Graduate, No,200000,500000,20,615,500000,200000,600000,200000, Approved
1123,0, Not Graduate, No,6600000,14100000,20,360,6800000,5100000,25400000,7800000, Rejected
1124,0, Not Graduate, No,9100000,18300000,14,458,6100000,9200000,34100000,10000000, Rejected
1125,2, Not Graduate, No,5500000,20400000,12,887,8800000,9400000,12300000,3300000, Approved
1126,4, Not Graduate, No,7200000,27400000,8,735,14100000,14200000,19400000,9500000, Approved
1127,1, Not Graduate, No,2400000,5600000,16,379,3700000,600000,7200000,3400000, Rejected
1128,4, Graduate, No,9600000,25500000,20,544,4000000,11400000,23800000,11100000, Rejected
1129,1, Graduate, Yes,5800000,16700000,12,721,1100000,9700000,17200000,7500000, Approved
1130,4, Not Graduate, No,2300000,6000000,8,676,6000000,400000,4800000,2200000, Approved
1131,1, Not Graduate, No,300000,1200000,4,342,800000,100000,1100000,200000, Approved
1132,0, Not Graduate, No,9900000,27000000,16,566,3500000,17300000,36900000,11500000, Approved
1133,2, Not Graduate, No,3500000,14000000,2,355,8700000,1600000,11800000,2900000, Approved
1134,2, Graduate, No,4800000,18500000,20,605,5700000,5500000,14700000,5800000, Approved
1135,2, Not Graduate, No,1600000,5200000,16,525,300000,2900000,5600000,1600000, Rejected
1136,5, Graduate, Yes,800000,2500000,12,403,500000,0,3200000,800000, Rejected
1137,1, Graduate, Yes,9000000,33500000,18,727,18800000,10500000,28100000,5300000, Approved
1138,1, Graduate, No,8300000,28900000,12,529,18300000,3900000,32500000,5800000, Rejected
1139,4, Graduate, No,2800000,6100000,18,415,2200000,4200000,8400000,2000000, Rejected
1140,1, Graduate, Yes,6400000,17300000,10,879,10000000,1100000,15400000,8200000, Approved
1141,2, Not Graduate, Yes,6000000,12600000,16,649,4800000,5300000,23900000,5100000, Approved
1142,0, Graduate, No,2900000,9800000,16,395,5400000,4300000,8600000,2400000, Rejected
1143,0, Graduate, No,6500000,24100000,20,488,3300000,6000000,22900000,9700000, Rejected
1144,1, Graduate, Yes,200000,400000,8,569,200000,200000,700000,300000, Approved
1145,1, Not Graduate, No,8400000,24600000,14,817,1800000,13100000,31300000,8200000, Approved
1146,1, Graduate, Yes,6100000,17800000,20,706,16000000,10900000,16900000,4300000, Approved
1147,2, Graduate, Yes,8000000,31200000,8,553,6800000,3500000,21000000,10300000, Approved
1148,5, Not Graduate, Yes,900000,1800000,14,464,2300000,300000,1800000,700000, Rejected
1149,2, Graduate, No,7300000,20000000,6,729,13100000,10700000,17900000,9100000, Approved
1150,4, Not Graduate, Yes,3700000,7400000,12,363,4800000,6800000,10500000,4400000, Rejected
1151,2, Graduate, No,5200000,17200000,12,565,3500000,1300000,20000000,6300000, Approved
1152,1, Graduate, No,7200000,21000000,14,421,3500000,11600000,21800000,4600000, Rejected
1153,0, Not Graduate, Yes,9400000,34200000,10,512,13100000,15600000,32600000,6300000, Rejected
1154,3, Not Graduate, Yes,3400000,12400000,2,730,2500000,3900000,12200000,4600000, Approved
1155,0, Graduate, No,600000,2300000,8,627,1800000,500000,2200000,300000, Approved
1156,0, Not Graduate, Yes,3300000,10000000,16,434,3000000,4100000,12900000,4100000, Rejected
1157,2, Graduate, Yes,5900000,14300000,2,410,11900000,4400000,16900000,4100000, Rejected
1158,3, Not Graduate, No,1300000,3600000,16,624,2400000,2300000,3300000,1900000, Approved
1159,4, Graduate, Yes,5700000,16900000,4,656,13000000,7400000,22000000,8400000, Approved
1160,2, Not Graduate, No,7700000,27300000,16,758,7300000,4600000,24800000,9100000, Approved
1161,4, Not Graduate, Yes,7000000,23500000,18,336,15000000,9500000,19700000,7800000, Rejected
1162,5, Graduate, No,8100000,21900000,18,378,5200000,3400000,16200000,9600000, Rejected
1163,1, Graduate, Yes,1900000,4200000,4,620,4700000,2800000,7500000,900000, Approved
1164,2, Graduate, No,4500000,9100000,18,593,-100000,600000,12400000,2500000, Approved
1165,0, Not Graduate, Yes,9600000,34000000,12,710,23800000,10300000,38100000,7800000, Approved
1166,1, Not Graduate, Yes,5400000,20700000,8,753,1900000,800000,19000000,3600000, Approved
1167,1, Not Graduate, Yes,7800000,27200000,16,454,16100000,3400000,17100000,11400000, Rejected
1168,1, Graduate, Yes,8200000,19100000,8,619,17200000,12200000,31500000,6600000, Approved
1169,2, Graduate, No,8900000,28500000,6,367,22200000,16600000,21500000,9300000, Rejected
1170,1, Graduate, No,1400000,3100000,20,384,200000,1200000,4200000,1800000, Rejected
1171,2, Graduate, No,1700000,5900000,16,610,3100000,300000,3700000,1300000, Approved
1172,0, Graduate, No,5300000,19500000,12,802,9800000,3300000,15200000,3200000, Approved
1173,3, Graduate, No,6500000,25200000,10,858,15400000,10900000,14000000,8100000, Approved
1174,2, Graduate, No,5900000,14000000,8,599,4700000,9500000,17800000,6700000, Approved
1175,4, Graduate, Yes,9800000,27000000,2,395,18700000,3000000,23000000,9700000, Rejected
1176,3, Graduate, Yes,7700000,16200000,6,380,11500000,15100000,22500000,6400000, Rejected
1177,1, Graduate, No,7900000,27100000,10,803,20000000,9800000,22200000,6600000, Approved
1178,4, Graduate, No,3500000,8900000,20,809,7100000,1500000,13700000,3200000, Approved
1179,4, Not Graduate, No,2400000,6600000,2,722,6100000,3300000,5600000,3000000, Approved
1180,5, Graduate, No,9900000,35700000,10,392,7900000,4300000,39200000,13000000, Rejected
1181,0, Graduate, No,3900000,14500000,8,545,5900000,3000000,10300000,3400000, Rejected
1182,2, Not Graduate, Yes,7300000,28500000,10,799,21500000,3100000,15800000,4300000, Approved
1183,0, Graduate, Yes,6400000,21900000,12,727,15400000,10100000,24000000,5300000, Approved
1184,4, Graduate, No,7100000,19800000,18,530,7100000,3400000,20900000,7100000, Rejected
1185,2, Not Graduate, No,8800000,19000000,14,637,13700000,13900000,27100000,6100000, Approved
1186,5, Graduate, No,7400000,21000000,4,561,21300000,3800000,26400000,3900000, Approved
1187,2, Not Graduate, No,4400000,12000000,20,421,9300000,2700000,15700000,3400000, Rejected
1188,3, Graduate, Yes,8600000,30300000,14,459,12000000,4100000,23800000,9100000, Rejected
1189,3, Not Graduate, No,6900000,26000000,14,828,14800000,4200000,18500000,3600000, Approved
1190,4, Graduate, No,9600000,27500000,20,679,23400000,7500000,37800000,6300000, Approved
1191,2, Graduate, Yes,8100000,25700000,8,455,22300000,11500000,19800000,9500000, Rejected
1192,0, Not Graduate, No,2600000,9400000,18,879,2800000,1400000,5100000,2300000, Approved
1193,3, Graduate, Yes,9300000,26100000,14,636,4700000,16100000,34500000,11600000, Approved
1194,2, Not Graduate, Yes,2100000,5600000,16,426,400000,300000,7100000,1200000, Rejected
1195,4, Not Graduate, Yes,9000000,21500000,14,508,16600000,17300000,24300000,13100000, Rejected
1196,3, Not Graduate, Yes,7000000,19200000,4,768,8600000,13700000,19200000,7700000, Approved
1197,3, Not Graduate, No,2200000,6400000,20,667,6300000,3900000,8300000,2900000, Approved
1198,5, Graduate, Yes,7500000,28200000,2,440,8200000,5800000,24400000,6000000, Approved
1199,1, Graduate, Yes,8300000,16800000,2,366,22000000,6600000,27300000,4500000, Rejected
1200,2, Not Graduate, No,300000,600000,2,383,600000,300000,1100000,400000, Rejected
1201,0, Not Graduate, Yes,300000,800000,4,603,800000,200000,600000,200000, Approved
1202,3, Graduate, No,3900000,14900000,4,728,4700000,4000000,14900000,5500000, Approved
1203,0, Not Graduate, No,6600000,20300000,6,549,10800000,900000,23100000,9800000, Rejected
1204,0, Graduate, No,4100000,10700000,8,855,11500000,700000,11200000,3100000, Approved
1205,5, Graduate, Yes,1800000,5300000,12,461,2800000,2000000,4700000,2000000, Rejected
1206,3, Not Graduate, Yes,7000000,16100000,16,379,2000000,5200000,23000000,10000000, Rejected
1207,2, Not Graduate, Yes,5100000,13700000,6,559,7800000,9800000,12700000,5100000, Approved
1208,1, Not Graduate, Yes,300000,600000,8,816,600000,300000,1100000,200000, Approved
1209,4, Not Graduate, Yes,4300000,11400000,2,560,10000000,3900000,8900000,3300000, Approved
1210,0, Graduate, Yes,3200000,12000000,14,645,5200000,1400000,12100000,3400000, Approved
1211,4, Not Graduate, Yes,4200000,11500000,6,551,10600000,7600000,11300000,5000000, Approved
1212,0, Not Graduate, Yes,9600000,22900000,8,515,4300000,14700000,33300000,7800000, Rejected
1213,4, Graduate, No,1300000,3600000,10,657,3200000,1900000,2900000,1100000, Approved
1214,3, Not Graduate, No,2400000,9300000,2,682,3100000,4400000,5200000,1500000, Approved
1215,0, Graduate, No,600000,1600000,10,588,1600000,100000,1100000,300000, Approved
1216,5, Graduate, Yes,9600000,38000000,10,359,2100000,13600000,38200000,9400000, Rejected
1217,0, Graduate, No,400000,1200000,4,766,900000,300000,1200000,300000, Approved
1218,4, Graduate, No,5900000,19900000,14,469,14200000,6800000,22100000,3200000, Rejected
1219,0, Graduate, Yes,700000,1400000,10,618,1300000,200000,1700000,500000, Approved
1220,0, Not Graduate, Yes,8600000,17700000,20,711,22000000,0,30800000,7400000, Approved
1221,0, Graduate, Yes,9000000,34000000,4,549,2000000,8900000,20000000,12400000, Approved
1222,3, Graduate, Yes,5100000,20400000,6,754,1700000,2600000,11800000,7600000, Approved
1223,4, Not Graduate, Yes,500000,1500000,6,461,1300000,500000,1700000,200000, Rejected
1224,2, Graduate, No,1600000,3800000,10,837,3800000,1100000,5500000,1600000, Approved
1225,0, Graduate, Yes,9800000,23900000,14,459,1000000,13400000,21100000,7200000, Rejected
1226,4, Graduate, No,7800000,29700000,20,614,22000000,700000,26800000,6300000, Approved
1227,4, Not Graduate, No,6500000,24000000,16,373,5600000,5100000,15600000,6700000, Rejected
1228,5, Graduate, Yes,7500000,26500000,12,512,16500000,2900000,23700000,6000000, Rejected
1229,4, Graduate, Yes,8900000,23400000,18,781,16500000,3100000,24900000,5800000, Approved
1230,4, Graduate, Yes,1800000,5800000,14,305,600000,3300000,3600000,2000000, Rejected
1231,1, Not Graduate, Yes,7600000,27800000,6,447,1300000,700000,20100000,10900000, Rejected
1232,4, Graduate, Yes,1200000,4600000,6,757,1900000,200000,4800000,1500000, Approved
1233,5, Graduate, Yes,2700000,10400000,2,723,2800000,700000,10300000,1400000, Approved
1234,1, Not Graduate, Yes,4600000,10900000,12,463,1200000,1200000,10900000,6600000, Rejected
1235,2, Not Graduate, No,6900000,18700000,10,699,12800000,5700000,21200000,5200000, Approved
1236,4, Graduate, Yes,8400000,25200000,2,308,8100000,9300000,27700000,10500000, Approved
1237,0, Graduate, No,300000,500000,18,702,300000,400000,1200000,100000, Approved
1238,2, Not Graduate, Yes,9500000,37500000,4,456,10200000,16800000,34100000,12900000, Approved
1239,3, Graduate, Yes,1900000,5900000,8,651,700000,2100000,6200000,1500000, Approved
1240,3, Not Graduate, No,4200000,14500000,20,840,4500000,5900000,8900000,4600000, Approved
1241,4, Graduate, Yes,2200000,7900000,18,848,5100000,1700000,8500000,1600000, Approved
1242,5, Graduate, Yes,7100000,19700000,4,727,7700000,12900000,23600000,5800000, Approved
1243,4, Graduate, No,3500000,11600000,10,335,6300000,5200000,10300000,2300000, Rejected
1244,5, Not Graduate, No,400000,800000,18,304,900000,500000,1400000,400000, Rejected
1245,2, Graduate, Yes,8800000,34400000,2,712,10500000,12500000,29300000,5900000, Approved
1246,0, Not Graduate, No,1800000,6600000,10,737,5000000,2000000,6000000,1500000, Approved
1247,1, Graduate, Yes,7600000,29300000,14,690,13900000,4000000,30000000,9100000, Approved
1248,1, Graduate, Yes,1000000,3200000,4,888,2000000,1500000,2200000,1300000, Approved
1249,2, Not Graduate, Yes,8200000,27200000,10,839,9200000,6400000,25500000,6000000, Approved
1250,5, Not Graduate, Yes,3600000,12400000,8,333,8800000,1000000,10700000,4000000, Rejected
1251,5, Graduate, No,9400000,23700000,18,862,21500000,3500000,22400000,5600000, Approved
1252,5, Not Graduate, No,2600000,9100000,4,309,6400000,1400000,5900000,3400000, Approved
1253,5, Not Graduate, No,9500000,30700000,10,823,16300000,3700000,30300000,13100000, Approved
1254,0, Graduate, Yes,3500000,11700000,14,649,2700000,700000,11400000,4800000, Approved
1255,5, Not Graduate, Yes,9800000,35700000,10,726,9400000,18900000,31200000,12000000, Approved
1256,4, Graduate, No,800000,3100000,18,712,400000,700000,1900000,1100000, Approved
1257,0, Not Graduate, No,9700000,37300000,20,701,12100000,16200000,24100000,10500000, Approved
1258,3, Graduate, No,6200000,21300000,12,655,6500000,11600000,19200000,5000000, Approved
1259,1, Not Graduate, Yes,4400000,16600000,18,385,800000,5300000,13400000,5100000, Rejected
1260,2, Graduate, No,1800000,3800000,4,777,5100000,2700000,4600000,1400000, Approved
1261,3, Graduate, No,1700000,5300000,14,696,300000,700000,4500000,800000, Approved
1262,3, Graduate, No,3900000,14100000,16,496,2500000,2200000,13700000,2900000, Rejected
1263,2, Graduate, Yes,2200000,7900000,6,659,3400000,1800000,8600000,2400000, Approved
1264,3, Not Graduate, Yes,6300000,17700000,2,542,16800000,900000,16400000,5300000, Rejected
1265,2, Not Graduate, No,2200000,8700000,18,729,3900000,3300000,7600000,1300000, Approved
1266,1, Graduate, No,8100000,28400000,6,744,20300000,10500000,21800000,7700000, Approved
1267,4, Not Graduate, No,6800000,17000000,2,749,18000000,3800000,27100000,9400000, Approved
1268,0, Graduate, No,4700000,14800000,20,755,12300000,5000000,15400000,3700000, Approved
1269,3, Graduate, Yes,2200000,5300000,2,506,1600000,1700000,5800000,2800000, Rejected
1270,3, Graduate, Yes,3500000,13000000,6,391,6100000,3500000,13300000,4300000, Rejected
1271,1, Not Graduate, Yes,3500000,11600000,10,898,3100000,2700000,9000000,4500000, Approved
1272,5, Not Graduate, No,500000,1500000,12,527,100000,600000,1100000,200000, Rejected
1273,5, Not Graduate, No,9900000,35800000,20,470,9500000,18400000,39100000,14700000, Rejected
1274,1, Graduate, No,8400000,25000000,12,694,5300000,14900000,23000000,7700000, Approved
1275,1, Graduate, No,5000000,18800000,14,325,13100000,5700000,12800000,4300000, Rejected
1276,4, Not Graduate, Yes,5500000,13400000,10,880,300000,800000,19900000,2800000, Approved
1277,5, Graduate, Yes,3000000,11900000,14,459,6000000,4800000,11700000,4200000, Rejected
1278,3, Not Graduate, Yes,9400000,21400000,10,323,5100000,15500000,29600000,11300000, Rejected
1279,4, Graduate, No,7600000,29000000,8,739,22100000,8100000,22100000,8800000, Approved
1280,0, Not Graduate, Yes,5500000,16300000,10,724,11900000,1500000,11900000,6200000, Approved
1281,1, Graduate, No,3100000,7400000,18,487,8400000,1200000,9200000,4500000, Rejected
1282,3, Graduate, No,7700000,27700000,4,439,13900000,7500000,27100000,6200000, Approved
1283,2, Graduate, No,9800000,25400000,2,655,19900000,4600000,21300000,7900000, Approved
1284,3, Not Graduate, No,3200000,9200000,14,443,3300000,1100000,7200000,4500000, Rejected
1285,2, Graduate, No,700000,2600000,20,489,100000,200000,2400000,900000, Rejected
1286,4, Not Graduate, Yes,3100000,8600000,14,427,3100000,3800000,9900000,3700000, Rejected
1287,0, Graduate, Yes,4500000,10500000,20,417,9800000,2000000,9600000,5800000, Rejected
1288,5, Not Graduate, Yes,8900000,24800000,18,842,16200000,5000000,20000000,8100000, Approved
1289,3, Not Graduate, No,5900000,23200000,2,307,15500000,10000000,21100000,6300000, Approved
1290,2, Not Graduate, No,1500000,4500000,18,428,4500000,1200000,5600000,1100000, Rejected
1291,4, Not Graduate, Yes,6300000,15200000,16,415,15500000,1800000,20700000,7900000, Rejected
1292,3, Not Graduate, Yes,6500000,18200000,20,405,10400000,2800000,21300000,6700000, Rejected
1293,4, Graduate, No,8000000,31500000,18,683,10300000,7900000,30100000,9600000, Approved
1294,1, Graduate, Yes,3300000,10600000,14,742,300000,600000,8400000,4500000, Approved
1295,4, Not Graduate, No,3900000,10000000,10,530,10900000,200000,12300000,1900000, Rejected
1296,3, Graduate, No,1600000,3500000,10,844,4500000,2200000,5200000,1600000, Approved
1297,2, Not Graduate, Yes,3900000,13900000,18,715,5000000,5600000,9900000,2100000, Approved
1298,3, Graduate, Yes,8000000,26300000,12,476,21700000,6600000,16400000,9000000, Rejected
1299,2, Graduate, No,2200000,4800000,6,721,1800000,100000,6900000,2200000, Approved
1300,4, Not Graduate, No,7600000,30300000,12,339,20400000,8000000,22200000,5800000, Rejected
1301,5, Not Graduate, Yes,2700000,6800000,6,461,4500000,2000000,8200000,1700000, Rejected
1302,2, Graduate, Yes,6300000,23200000,12,556,7000000,8300000,24200000,5300000, Approved
1303,3, Not Graduate, No,7700000,18700000,8,483,15100000,5600000,24600000,10200000, Rejected
1304,2, Graduate, No,4500000,17200000,18,406,4100000,6300000,13800000,3300000, Rejected
1305,2, Graduate, Yes,9400000,24800000,14,513,24200000,18200000,37200000,7500000, Rejected
1306,0, Not Graduate, No,4600000,12600000,16,574,3400000,6200000,15100000,3600000, Approved
1307,0, Graduate, Yes,5200000,15700000,6,692,3800000,7000000,12800000,5500000, Approved
1308,5, Graduate, Yes,8000000,29800000,18,867,17700000,14100000,22800000,9200000, Approved
1309,1, Not Graduate, Yes,9900000,38500000,2,875,19600000,2900000,20200000,6500000, Approved
1310,4, Graduate, Yes,8500000,18600000,10,597,16600000,3200000,21000000,11600000, Approved
1311,2, Graduate, Yes,4900000,12000000,20,513,14200000,8100000,18300000,4800000, Rejected
1312,3, Graduate, Yes,7000000,24200000,2,354,18200000,7000000,15900000,7900000, Approved
1313,2, Not Graduate, No,9600000,25900000,18,647,11800000,9900000,35600000,11500000, Approved
1314,1, Graduate, No,9700000,23700000,6,875,11500000,14400000,38100000,10400000, Approved
1315,1, Graduate, No,6200000,14300000,20,819,7500000,11700000,16700000,4300000, Approved
1316,4, Not Graduate, Yes,4100000,9600000,10,521,11900000,7100000,14100000,4900000, Rejected
1317,0, Graduate, Yes,6100000,19900000,20,761,4500000,3700000,12700000,7100000, Approved
1318,0, Graduate, No,700000,1900000,18,572,1400000,1000000,2000000,300000, Approved
1319,3, Graduate, No,6400000,24100000,12,571,19000000,11500000,13200000,7500000, Approved
1320,4, Graduate, Yes,3800000,7800000,20,891,4600000,7000000,14300000,3300000, Approved
1321,1, Not Graduate, No,4900000,14800000,12,895,8600000,8200000,18300000,5200000, Approved
1322,2, Graduate, No,2100000,6600000,20,580,3800000,4100000,6200000,2100000, Approved
1323,2, Graduate, No,6200000,23400000,8,605,10000000,10800000,21800000,9200000, Approved
1324,4, Not Graduate, No,1600000,5100000,8,705,2400000,800000,5100000,1900000, Approved
1325,1, Not Graduate, Yes,1300000,5000000,20,423,900000,800000,3900000,1600000, Rejected
1326,5, Not Graduate, Yes,7300000,22500000,2,846,9800000,4700000,20300000,5700000, Approved
1327,2, Not Graduate, No,2100000,5000000,4,542,700000,600000,6600000,3100000, Rejected
1328,5, Not Graduate, No,600000,2400000,18,631,600000,300000,2100000,900000, Approved
1329,4, Graduate, No,7000000,24500000,18,318,4300000,1700000,16300000,3600000, Rejected
1330,1, Not Graduate, Yes,3000000,6800000,10,541,5800000,5700000,10700000,2900000, Rejected
1331,1, Graduate, No,900000,2900000,20,782,0,1500000,3500000,800000, Approved
1332,2, Graduate, No,9600000,35000000,2,888,12600000,6500000,37900000,5800000, Approved
1333,0, Graduate, No,1500000,3600000,14,747,200000,1400000,3000000,1200000, Approved
1334,0, Graduate, Yes,5000000,18900000,6,641,4300000,8500000,19600000,6700000, Approved
1335,3, Graduate, Yes,500000,1700000,4,640,400000,700000,1300000,200000, Approved
1336,4, Not Graduate, No,7600000,28100000,12,324,12500000,8500000,19900000,11100000, Rejected
1337,4, Graduate, No,5500000,21200000,20,359,4200000,5300000,18600000,6400000, Rejected
1338,0, Not Graduate, Yes,6600000,23300000,12,338,2400000,800000,18900000,9300000, Rejected
1339,0, Graduate, No,1400000,3200000,14,384,3100000,800000,3400000,2000000, Rejected
1340,5, Not Graduate, Yes,8800000,26600000,16,545,19100000,16600000,30400000,7600000, Rejected
1341,5, Not Graduate, No,6200000,24200000,18,610,10200000,7800000,19600000,8300000, Approved
1342,2, Graduate, Yes,8300000,27900000,18,840,12600000,3500000,19100000,9200000, Approved
1343,3, Not Graduate, No,2400000,8100000,6,630,5100000,2900000,9100000,2300000, Approved
1344,1, Graduate, No,9100000,31200000,4,508,12800000,11700000,31100000,7800000, Approved
1345,0, Not Graduate, Yes,9500000,34900000,4,535,800000,14100000,25600000,14000000, Approved
1346,1, Graduate, No,1200000,3400000,20,717,3100000,1500000,2500000,900000, Approved
1347,2, Graduate, Yes,7700000,19300000,8,735,1200000,1900000,23800000,10400000, Approved
1348,5, Graduate, Yes,7800000,22000000,20,528,5800000,8800000,24700000,4900000, Rejected
1349,0, Graduate, Yes,9400000,20000000,4,350,3300000,1400000,37200000,4700000, Rejected
1350,0, Not Graduate, No,1700000,5700000,12,422,3400000,1100000,6500000,900000, Rejected
1351,5, Graduate, No,4000000,13700000,6,496,-100000,1400000,15800000,3700000, Rejected
1352,4, Not Graduate, No,4200000,15500000,18,794,7300000,700000,13400000,2200000, Approved
1353,2, Graduate, No,2400000,7700000,6,719,6000000,1700000,6700000,1600000, Approved
1354,3, Not Graduate, Yes,2700000,6100000,14,630,3900000,2800000,10600000,2300000, Approved
1355,3, Not Graduate, Yes,600000,1800000,4,843,1400000,300000,1700000,400000, Approved
1356,2, Graduate, No,4600000,15600000,2,764,7700000,1500000,16000000,5800000, Approved
1357,3, Graduate, No,7200000,17700000,4,662,13100000,11500000,16300000,5300000, Approved
1358,0, Not Graduate, No,4700000,15500000,16,311,12800000,200000,17500000,2700000, Rejected
1359,4, Not Graduate, No,4300000,10100000,2,606,9900000,1800000,8900000,5500000, Approved
1360,5, Graduate, No,4700000,10200000,16,874,10800000,7700000,11100000,7000000, Approved
1361,4, Not Graduate, Yes,8700000,30000000,4,370,17600000,15600000,34600000,12100000, Approved
1362,1, Graduate, No,7000000,20500000,10,414,19700000,7500000,20700000,5100000, Rejected
1363,2, Not Graduate, No,600000,1100000,10,800,1200000,200000,2300000,900000, Approved
1364,1, Not Graduate, No,6800000,16900000,12,779,13800000,10200000,23400000,4400000, Approved
1365,1, Not Graduate, No,6400000,14100000,20,553,11700000,4500000,20000000,3600000, Approved
1366,4, Not Graduate, No,7600000,29900000,18,445,4800000,13900000,18400000,5700000, Rejected
1367,3, Not Graduate, No,9000000,21400000,8,496,16400000,7300000,31800000,12500000, Rejected
1368,0, Graduate, Yes,2400000,5900000,10,650,5100000,3700000,5300000,2300000, Approved
1369,3, Not Graduate, No,6800000,17900000,6,783,20000000,9800000,23600000,5500000, Approved
1370,5, Graduate, Yes,3500000,13500000,10,535,3100000,5700000,12500000,3100000, Rejected
1371,4, Graduate, Yes,8900000,34000000,20,415,13500000,3100000,33600000,12800000, Rejected
1372,0, Not Graduate, No,6000000,15300000,8,709,8900000,1700000,16400000,3500000, Approved
1373,3, Not Graduate, No,700000,2500000,14,819,1600000,1000000,2100000,900000, Approved
1374,0, Not Graduate, Yes,6800000,17300000,18,841,10500000,8600000,16000000,8700000, Approved
1375,4, Not Graduate, Yes,5300000,10700000,12,700,15800000,1900000,20500000,2900000, Approved
1376,1, Graduate, Yes,1400000,4200000,4,881,2800000,1200000,5100000,1300000, Approved
1377,2, Graduate, Yes,1400000,4600000,4,804,1900000,2200000,5200000,700000, Approved
1378,4, Not Graduate, No,9200000,21700000,6,653,22700000,4600000,29400000,8600000, Approved
1379,1, Graduate, Yes,7900000,29200000,2,663,19600000,12100000,28600000,10100000, Approved
1380,0, Not Graduate, No,4500000,17500000,10,495,10300000,3500000,9700000,6200000, Rejected
1381,1, Not Graduate, No,3800000,9800000,8,335,100000,5100000,14200000,1800000, Rejected
1382,5, Graduate, Yes,1500000,4900000,6,618,3400000,1000000,3200000,900000, Approved
1383,3, Not Graduate, No,1200000,2400000,12,480,3000000,100000,3100000,1700000, Rejected
1384,4, Not Graduate, No,1700000,4900000,18,843,4800000,2200000,6200000,1800000, Approved
1385,4, Graduate, No,5200000,14100000,16,483,11800000,800000,19200000,2700000, Rejected
1386,1, Not Graduate, No,1600000,5100000,12,548,2200000,2700000,3600000,800000, Rejected
1387,4, Graduate, Yes,6600000,16000000,16,379,6500000,12600000,24700000,4500000, Rejected
1388,5, Not Graduate, Yes,9400000,26600000,20,771,10200000,12600000,36900000,11700000, Approved
1389,4, Graduate, Yes,300000,500000,2,353,600000,100000,1200000,400000, Rejected
1390,5, Not Graduate, No,4600000,11500000,16,668,6500000,3100000,10200000,5500000, Approved
1391,3, Not Graduate, Yes,6100000,21300000,2,387,7100000,3100000,16300000,4100000, Approved
1392,0, Not Graduate, Yes,1500000,4100000,12,789,3600000,1600000,5800000,1300000, Approved
1393,0, Graduate, Yes,400000,900000,2,855,-100000,500000,1300000,400000, Approved
1394,0, Not Graduate, No,8700000,33600000,14,751,7100000,13700000,22800000,7000000, Approved
1395,3, Not Graduate, No,7000000,21600000,12,739,1600000,7600000,24500000,8400000, Approved
1396,4, Graduate, No,4700000,13100000,14,492,1000000,4500000,14100000,6400000, Rejected
1397,4, Not Graduate, Yes,7600000,23800000,16,896,3700000,4500000,15400000,6400000, Approved
1398,1, Not Graduate, Yes,9200000,24500000,4,545,25700000,0,20600000,13300000, Rejected
1399,5, Not Graduate, No,9400000,36800000,20,891,13900000,16600000,19300000,8900000, Approved
1400,0, Graduate, No,4800000,15100000,6,848,1300000,300000,18800000,3500000, Approved
1401,3, Not Graduate, Yes,600000,2400000,12,884,600000,800000,1400000,600000, Approved
1402,3, Graduate, Yes,4900000,14300000,14,439,10300000,5600000,17400000,5100000, Rejected
1403,3, Graduate, Yes,3300000,8500000,12,586,7500000,5100000,7800000,3900000, Approved
1404,3, Graduate, Yes,9100000,18800000,20,308,14500000,10200000,20500000,4800000, Rejected
1405,5, Graduate, No,6100000,23500000,16,300,300000,700000,22800000,4800000, Rejected
1406,3, Graduate, Yes,8400000,19600000,2,741,21500000,200000,18700000,8300000, Approved
1407,4, Graduate, No,7900000,31400000,8,698,16500000,11400000,28700000,5100000, Approved
1408,2, Not Graduate, Yes,6100000,22300000,10,733,12100000,9700000,17200000,5600000, Approved
1409,3, Not Graduate, Yes,2000000,4200000,16,571,1700000,3900000,5800000,1300000, Approved
1410,3, Graduate, Yes,9900000,29900000,20,490,10500000,9100000,27100000,7400000, Rejected
1411,2, Not Graduate, No,9500000,25400000,16,451,19000000,2900000,33800000,11400000, Rejected
1412,4, Graduate, Yes,1900000,6800000,6,559,3600000,2200000,6200000,1200000, Approved
1413,4, Graduate, Yes,6900000,21400000,10,577,12500000,2200000,14900000,6300000, Approved
1414,2, Not Graduate, Yes,1500000,5000000,4,613,4400000,1300000,5200000,2100000, Approved
1415,4, Not Graduate, No,1900000,3800000,20,785,1000000,600000,6100000,1500000, Approved
1416,0, Graduate, Yes,2300000,6000000,8,690,5500000,2900000,6000000,2000000, Approved
1417,2, Not Graduate, No,7800000,17100000,14,351,19000000,7200000,19300000,7100000, Rejected
1418,4, Not Graduate, No,400000,1000000,10,447,0,300000,900000,300000, Rejected
1419,0, Graduate, Yes,9400000,19200000,20,708,21200000,16300000,23400000,13200000, Approved
1420,2, Graduate, No,9100000,21700000,12,549,25500000,11000000,34700000,12200000, Rejected
1421,1, Graduate, Yes,9000000,18800000,8,797,4100000,9400000,22900000,7500000, Approved
1422,4, Not Graduate, No,7100000,14300000,14,537,13700000,10400000,18200000,6100000, Rejected
1423,3, Graduate, No,800000,2500000,12,828,1700000,0,1500000,700000, Approved
1424,0, Graduate, Yes,4500000,9600000,14,471,3200000,7700000,11000000,3600000, Rejected
1425,5, Graduate, No,8500000,25400000,4,336,8500000,1200000,30600000,9000000, Rejected
1426,3, Not Graduate, Yes,2500000,9800000,16,424,4700000,3200000,5800000,1300000, Rejected
1427,2, Graduate, No,1500000,3300000,18,440,800000,2300000,3000000,1800000, Rejected
1428,0, Not Graduate, No,6200000,17300000,8,583,3700000,3900000,13600000,3300000, Approved
1429,1, Not Graduate, Yes,1300000,2900000,6,480,2900000,300000,2900000,1400000, Rejected
1430,5, Not Graduate, No,6600000,25800000,10,670,4600000,7200000,20600000,8500000, Approved
1431,0, Graduate, Yes,5300000,13700000,6,329,8800000,7600000,11200000,2800000, Rejected
1432,5, Not Graduate, No,1400000,3000000,6,754,3500000,2700000,5300000,1400000, Approved
1433,2, Not Graduate, Yes,2900000,7800000,18,588,400000,100000,11600000,4200000, Approved
1434,3, Not Graduate, No,6500000,16500000,4,551,5300000,800000,18500000,7600000, Approved
1435,3, Graduate, No,8300000,18900000,4,316,20200000,9700000,21300000,8200000, Rejected
1436,2, Not Graduate, Yes,8900000,32200000,12,382,0,11300000,20500000,5400000, Rejected
1437,3, Graduate, No,5300000,15000000,6,717,7000000,4100000,17100000,5300000, Approved
1438,0, Graduate, No,2800000,7300000,6,676,3500000,2200000,5700000,3200000, Approved
1439,1, Not Graduate, No,8000000,27800000,6,667,6000000,12600000,22500000,9900000, Approved
1440,3, Not Graduate, No,3900000,10500000,20,821,1600000,6300000,11000000,3900000, Approved
1441,0, Graduate, No,6200000,20100000,20,345,9300000,5900000,17400000,4100000, Rejected
1442,3, Not Graduate, Yes,5900000,19200000,10,442,9500000,500000,18300000,4700000, Rejected
1443,1, Graduate, Yes,6000000,23300000,12,672,2000000,11300000,19600000,6400000, Approved
1444,3, Not Graduate, Yes,9100000,29300000,2,508,19000000,5100000,31600000,11900000, Approved
1445,5, Graduate, Yes,3400000,12300000,10,615,7000000,1600000,11400000,3500000, Approved
1446,1, Graduate, Yes,1800000,4400000,8,689,3200000,2500000,3800000,1600000, Approved
1447,1, Graduate, No,300000,1200000,18,747,100000,0,700000,200000, Rejected
1448,1, Graduate, Yes,9000000,22800000,10,412,0,15600000,32000000,4700000, Rejected
1449,1, Graduate, No,6400000,16900000,2,703,6300000,7300000,15900000,7400000, Approved
1450,5, Not Graduate, No,5800000,22200000,16,884,1200000,4800000,19500000,8500000, Approved
1451,5, Graduate, Yes,2600000,8600000,18,651,1000000,100000,7800000,2600000, Approved
1452,4, Not Graduate, No,6600000,17300000,14,793,16700000,1400000,17500000,3900000, Approved
1453,2, Not Graduate, No,6100000,21800000,4,407,9800000,100000,20200000,5800000, Approved
1454,2, Not Graduate, No,4100000,11100000,8,390,800000,3100000,10100000,3400000, Rejected
1455,3, Not Graduate, Yes,300000,1000000,12,469,600000,400000,700000,300000, Rejected
1456,4, Graduate, No,4700000,10400000,6,373,6800000,8600000,14300000,5400000, Rejected
1457,4, Graduate, Yes,1500000,5800000,2,304,2400000,1600000,3300000,1400000, Approved
1458,5, Not Graduate, No,2700000,8300000,8,833,4600000,1300000,6800000,3300000, Approved
1459,2, Graduate, No,6900000,20900000,2,302,18700000,10700000,26900000,9200000, Approved
1460,0, Graduate, No,7600000,28700000,6,397,11000000,13200000,24600000,3800000, Rejected
1461,1, Graduate, No,4100000,10000000,6,891,4900000,300000,12600000,3600000, Approved
1462,3, Not Graduate, No,4100000,12200000,2,457,700000,500000,14100000,4900000, Rejected
1463,4, Not Graduate, No,1600000,3200000,16,657,200000,100000,5700000,1200000, Approved
1464,2, Not Graduate, Yes,400000,1400000,2,480,200000,700000,1600000,200000, Approved
1465,5, Graduate, Yes,4400000,17300000,20,840,3600000,5100000,12900000,2300000, Approved
1466,2, Not Graduate, Yes,3800000,8000000,12,866,6000000,600000,8400000,1900000, Approved
1467,0, Not Graduate, No,4300000,17000000,8,619,4100000,6600000,17100000,3900000, Approved
1468,1, Graduate, Yes,9000000,33500000,2,748,7900000,9800000,25700000,11500000, Approved
1469,3, Not Graduate, Yes,9500000,25500000,12,881,27000000,14100000,21600000,8900000, Approved
1470,2, Graduate, Yes,6900000,13900000,8,829,14300000,8100000,22400000,4600000, Approved
1471,3, Not Graduate, No,4300000,11100000,6,312,4800000,3800000,10100000,3300000, Rejected
1472,3, Not Graduate, No,6600000,21400000,10,467,15200000,6000000,20300000,5200000, Rejected
1473,1, Graduate, Yes,5200000,14300000,18,650,5400000,2300000,17600000,3600000, Approved
1474,3, Graduate, Yes,400000,1100000,6,711,100000,300000,1400000,100000, Approved
1475,4, Not Graduate, No,1300000,4100000,18,886,2800000,500000,3800000,600000, Approved
1476,5, Not Graduate, No,9700000,28400000,4,494,5300000,12000000,24400000,10000000, Rejected
1477,2, Graduate, Yes,5400000,10900000,14,741,1300000,6000000,20400000,5600000, Approved
1478,4, Not Graduate, No,1200000,3300000,12,876,400000,100000,3800000,1000000, Approved
1479,0, Graduate, Yes,7000000,26400000,14,610,14300000,0,13900000,5300000, Approved
1480,5, Graduate, No,7600000,26000000,6,778,12900000,2400000,25500000,10900000, Approved
1481,5, Graduate, Yes,700000,1800000,14,571,200000,400000,1900000,400000, Approved
1482,3, Graduate, Yes,7500000,25100000,18,554,12500000,7900000,28500000,4700000, Approved
1483,0, Not Graduate, Yes,2300000,6200000,8,712,6800000,1700000,8800000,1500000, Approved
1484,5, Not Graduate, Yes,5600000,11500000,4,695,9500000,7100000,11700000,7800000, Approved
1485,0, Not Graduate, Yes,5400000,10900000,20,366,3700000,500000,21000000,4800000, Rejected
1486,1, Not Graduate, Yes,1800000,5500000,10,426,5000000,1500000,5900000,1600000, Rejected
1487,0, Not Graduate, No,2900000,6900000,10,320,5100000,500000,7700000,1500000, Rejected
1488,3, Not Graduate, Yes,1400000,4600000,8,543,1500000,1200000,2700000,2000000, Rejected
1489,2, Graduate, No,2800000,11000000,16,525,8200000,1800000,5800000,2400000, Rejected
1490,0, Not Graduate, Yes,3300000,13100000,12,812,4800000,4900000,7500000,4300000, Approved
1491,0, Not Graduate, No,7000000,25300000,14,697,15100000,10400000,14300000,6700000, Approved
1492,1, Not Graduate, No,3900000,15100000,12,527,10600000,5100000,11100000,3800000, Rejected
1493,1, Not Graduate, No,5700000,17200000,4,512,4300000,7000000,21400000,3000000, Approved
1494,0, Graduate, No,4100000,9200000,4,671,3400000,6300000,10400000,4900000, Approved
1495,1, Graduate, Yes,2200000,8700000,20,539,1000000,4000000,8200000,2600000, Rejected
1496,5, Not Graduate, No,2200000,7200000,10,532,2700000,300000,7500000,1600000, Rejected
1497,3, Not Graduate, Yes,2500000,7700000,16,485,2000000,3600000,5600000,3200000, Rejected
1498,0, Not Graduate, Yes,900000,2100000,6,521,100000,1700000,2100000,700000, Rejected
1499,1, Not Graduate, No,2900000,7400000,10,874,400000,1200000,10100000,3300000, Approved
1500,2, Not Graduate, No,9800000,22900000,10,788,1300000,10300000,27200000,14000000, Approved
1501,2, Not Graduate, No,5200000,14800000,12,659,11500000,5200000,18100000,4100000, Approved
1502,1, Graduate, Yes,8600000,19600000,16,498,14800000,3000000,21000000,5300000, Rejected
1503,2, Graduate, Yes,4800000,13200000,20,310,11800000,4600000,12900000,4200000, Rejected
1504,0, Graduate, No,2000000,4700000,6,785,2900000,1800000,6700000,1700000, Approved
1505,0, Graduate, No,3600000,8700000,10,309,6300000,1000000,8600000,3300000, Rejected
1506,3, Not Graduate, Yes,5300000,19600000,2,433,14700000,9900000,10800000,3000000, Approved
1507,1, Not Graduate, Yes,400000,1300000,18,801,100000,0,1500000,600000, Approved
1508,3, Graduate, Yes,6500000,22400000,6,488,16800000,11700000,21700000,6800000, Rejected
1509,0, Not Graduate, Yes,2300000,6000000,16,756,2900000,2100000,7500000,1200000, Approved
1510,3, Graduate, No,1000000,2800000,4,757,2500000,100000,3800000,900000, Approved
1511,5, Not Graduate, No,3200000,10100000,6,828,8500000,6000000,8700000,3000000, Approved
1512,3, Graduate, Yes,3400000,7200000,12,733,4800000,2700000,8100000,2200000, Approved
1513,0, Not Graduate, No,9600000,38200000,8,421,1600000,14100000,33600000,13800000, Rejected
1514,3, Not Graduate, No,5300000,20300000,4,872,4300000,7300000,18400000,7600000, Approved
1515,3, Graduate, No,4700000,17400000,10,393,12400000,5300000,18700000,5300000, Rejected
1516,3, Graduate, No,9700000,37800000,12,700,13400000,6100000,25800000,11900000, Approved
1517,5, Graduate, No,8800000,21600000,18,613,15400000,12100000,30000000,8400000, Approved
1518,5, Graduate, No,5900000,13400000,6,455,3200000,11200000,21600000,6900000, Rejected
1519,4, Graduate, Yes,2400000,7100000,16,871,7000000,300000,8500000,3500000, Approved
1520,4, Graduate, Yes,7900000,21500000,16,497,2200000,5200000,23100000,7700000, Rejected
1521,0, Graduate, No,1400000,2700000,2,649,2600000,1000000,5500000,1100000, Approved
1522,0, Graduate, Yes,3500000,10000000,14,709,5300000,1800000,9200000,5000000, Approved
1523,4, Graduate, No,3400000,13500000,12,705,10000000,1100000,8300000,4900000, Approved
1524,2, Graduate, No,6100000,23600000,2,476,4600000,2900000,22500000,3800000, Approved
1525,2, Not Graduate, Yes,3000000,7100000,4,819,5400000,4800000,6000000,2100000, Approved
1526,5, Not Graduate, Yes,3400000,9400000,16,535,3100000,5600000,12900000,3200000, Rejected
1527,0, Graduate, Yes,400000,1200000,14,889,1100000,200000,700000,200000, Approved
1528,0, Graduate, No,5900000,11800000,12,468,9100000,10000000,17500000,6200000, Rejected
1529,5, Graduate, Yes,400000,800000,2,759,100000,500000,1300000,300000, Approved
1530,3, Graduate, Yes,9000000,33600000,2,426,21600000,16200000,20700000,11900000, Approved
1531,0, Graduate, Yes,8800000,23600000,8,712,400000,11300000,19300000,11100000, Approved
1532,4, Graduate, Yes,2000000,4700000,2,615,500000,100000,6700000,3000000, Approved
1533,2, Graduate, No,4700000,14000000,12,784,13400000,2700000,14800000,6900000, Approved
1534,4, Not Graduate, No,2700000,6100000,16,677,100000,3300000,6500000,3800000, Approved
1535,1, Not Graduate, No,2600000,7900000,12,306,2000000,2400000,7600000,3300000, Rejected
1536,1, Not Graduate, Yes,9000000,25400000,16,655,22000000,8800000,29100000,7200000, Approved
1537,4, Not Graduate, No,5100000,19400000,8,755,2200000,300000,14900000,5300000, Approved
1538,2, Graduate, No,6600000,25800000,18,598,3800000,3100000,16400000,5900000, Approved
1539,2, Graduate, No,4400000,9800000,18,712,5400000,200000,8800000,6400000, Approved
1540,4, Not Graduate, Yes,1500000,4600000,6,524,3700000,2000000,5000000,1400000, Rejected
1541,1, Not Graduate, No,6200000,23100000,16,838,9100000,1400000,23500000,7000000, Approved
1542,4, Graduate, Yes,900000,2900000,6,560,1500000,900000,3100000,900000, Approved
1543,3, Not Graduate, No,7700000,26400000,12,759,3400000,2900000,21900000,10800000, Approved
1544,2, Graduate, Yes,600000,2400000,6,454,100000,600000,2300000,300000, Rejected
1545,4, Not Graduate, No,4300000,16500000,4,539,10600000,6100000,9300000,2100000, Approved
1546,2, Not Graduate, Yes,8200000,27800000,16,827,11500000,8700000,26000000,10700000, Approved
1547,0, Not Graduate, No,3500000,11900000,12,686,4400000,4800000,10100000,2500000, Approved
1548,1, Graduate, Yes,9900000,34100000,14,371,24400000,7100000,29300000,6200000, Rejected
1549,5, Graduate, No,700000,1900000,4,784,500000,1000000,2100000,600000, Approved
1550,1, Graduate, Yes,2100000,7300000,16,826,1600000,3500000,7700000,1400000, Approved
1551,2, Not Graduate, No,3200000,10500000,12,502,4300000,1500000,10000000,4500000, Rejected
1552,0, Graduate, No,2900000,7800000,8,367,700000,3700000,7700000,3600000, Rejected
1553,0, Not Graduate, No,7000000,18300000,6,541,6300000,6400000,20800000,8300000, Rejected
1554,1, Graduate, No,3700000,13600000,16,608,400000,2200000,13400000,2800000, Approved
1555,3, Not Graduate, Yes,4500000,13100000,12,570,10500000,2000000,10100000,5800000, Approved
1556,3, Graduate, No,200000,800000,18,752,200000,200000,300000,200000, Approved
1557,5, Not Graduate, Yes,5600000,20500000,8,873,5500000,9500000,19400000,7800000, Approved
1558,5, Graduate, No,5400000,18600000,2,538,7700000,2700000,18800000,4000000, Approved
1559,4, Not Graduate, No,300000,1000000,10,819,700000,300000,900000,200000, Approved
1560,1, Graduate, Yes,7500000,29800000,18,770,1400000,5200000,28000000,8700000, Approved
1561,5, Not Graduate, Yes,2500000,9600000,6,345,1900000,1900000,6800000,2600000, Rejected
1562,4, Graduate, Yes,3100000,8100000,12,730,6300000,4500000,9000000,4500000, Approved
1563,1, Graduate, Yes,7600000,19300000,20,835,5800000,2300000,22000000,8200000, Approved
1564,3, Not Graduate, Yes,500000,1700000,2,811,500000,500000,1400000,200000, Approved
1565,2, Not Graduate, No,2700000,5900000,14,662,3200000,1600000,7300000,3800000, Approved
1566,2, Not Graduate, Yes,3500000,13300000,4,420,6400000,1700000,8000000,2300000, Approved
1567,5, Not Graduate, No,3700000,11700000,4,413,8400000,5500000,12000000,2700000, Approved
1568,2, Not Graduate, Yes,5600000,20000000,10,367,13700000,5000000,19100000,6000000, Rejected
1569,5, Not Graduate, Yes,4800000,16400000,14,390,8400000,2400000,9500000,4000000, Rejected
1570,4, Not Graduate, Yes,5200000,12200000,2,602,10300000,800000,20500000,7700000, Approved
1571,3, Graduate, No,2900000,11500000,16,843,2300000,2600000,10700000,4300000, Approved
1572,1, Graduate, No,2700000,6800000,20,713,500000,3300000,6100000,1900000, Approved
1573,3, Graduate, No,5000000,16200000,8,591,1900000,3400000,14000000,5000000, Approved
1574,2, Not Graduate, Yes,2700000,9400000,14,701,400000,3400000,9900000,1900000, Approved
1575,4, Not Graduate, Yes,2800000,10000000,12,655,4900000,3600000,8500000,3300000, Approved
1576,3, Not Graduate, Yes,7300000,20000000,18,720,15500000,9900000,23000000,9800000, Approved
1577,0, Graduate, Yes,5900000,15100000,10,794,6000000,4300000,14900000,5400000, Approved
1578,0, Graduate, No,8100000,21300000,2,392,14200000,6600000,31500000,11000000, Rejected
1579,3, Graduate, Yes,1900000,7100000,6,583,400000,2800000,6500000,2000000, Approved
1580,5, Graduate, No,1800000,6800000,18,457,2200000,1100000,3800000,1400000, Rejected
1581,0, Not Graduate, Yes,7600000,17800000,14,570,15200000,12100000,21500000,9900000, Approved
1582,1, Graduate, No,9100000,30100000,14,890,17800000,12400000,32500000,7500000, Approved
1583,2, Not Graduate, Yes,5300000,12300000,14,472,10000000,1600000,20400000,3300000, Rejected
1584,2, Not Graduate, No,3700000,10900000,12,788,1700000,700000,12200000,2600000, Approved
1585,0, Not Graduate, No,9500000,35300000,6,605,10000000,12700000,31100000,7000000, Approved
1586,3, Graduate, No,8300000,30500000,10,473,13300000,9400000,23300000,11800000, Rejected
1587,5, Graduate, No,6400000,21500000,16,728,300000,5200000,17400000,9600000, Approved
1588,5, Graduate, Yes,5300000,17800000,16,505,9200000,8500000,14600000,4100000, Rejected
1589,0, Graduate, Yes,5600000,19300000,6,407,3400000,3600000,14200000,8400000, Rejected
1590,1, Graduate, Yes,900000,1700000,18,464,1300000,0,1900000,700000, Rejected
1591,0, Graduate, Yes,2400000,7200000,20,514,4100000,2100000,6700000,1800000, Rejected
1592,1, Graduate, No,9500000,23000000,10,627,28500000,11500000,21700000,9100000, Approved
1593,2, Not Graduate, Yes,7400000,14900000,20,627,15900000,10100000,19000000,10300000, Approved
1594,4, Not Graduate, Yes,1500000,3200000,10,858,1500000,0,4700000,1700000, Approved
1595,3, Graduate, Yes,8800000,30200000,8,607,13600000,12700000,21500000,5900000, Approved
1596,5, Not Graduate, Yes,4900000,14300000,4,663,8500000,6100000,19600000,5500000, Approved
1597,1, Not Graduate, Yes,8100000,26900000,6,522,23000000,2100000,18700000,4200000, Rejected
1598,2, Not Graduate, Yes,2300000,9100000,20,610,3700000,600000,7800000,3400000, Approved
1599,5, Not Graduate, Yes,3000000,6600000,16,462,5500000,3500000,9100000,3600000, Rejected
1600,2, Not Graduate, Yes,3900000,9300000,8,591,10900000,2700000,9600000,3300000, Approved
1601,4, Graduate, Yes,1700000,6500000,20,636,1700000,900000,6200000,2300000, Approved
1602,0, Not Graduate, Yes,2100000,4900000,10,359,1000000,800000,6100000,1000000, Rejected
1603,4, Graduate, Yes,9700000,25000000,4,542,9800000,12000000,29300000,13400000, Rejected
1604,5, Not Graduate, Yes,3500000,11800000,4,642,2300000,2900000,11900000,3600000, Approved
1605,5, Not Graduate, Yes,1500000,5500000,4,414,800000,1400000,2900000,1200000, Approved
1606,3, Not Graduate, Yes,8800000,26200000,20,865,19300000,9800000,27700000,12500000, Approved
1607,3, Graduate, No,900000,3100000,10,369,1400000,100000,1700000,500000, Rejected
1608,0, Graduate, Yes,3500000,10800000,14,838,4700000,6800000,13900000,1700000, Approved
1609,5, Not Graduate, No,5500000,21200000,4,582,12100000,8300000,17100000,3100000, Approved
1610,5, Not Graduate, Yes,9800000,23200000,10,416,11000000,17300000,21600000,8500000, Rejected
1611,5, Graduate, No,2100000,5500000,20,705,5400000,1400000,4600000,1200000, Approved
1612,0, Graduate, No,1800000,5700000,18,306,500000,700000,5600000,1700000, Rejected
1613,5, Graduate, Yes,5800000,13000000,8,851,6700000,8700000,17700000,4100000, Approved
1614,5, Graduate, No,6700000,17200000,18,613,9700000,6800000,24600000,7100000, Approved
1615,3, Graduate, No,4300000,16300000,10,366,6900000,6700000,12300000,5500000, Rejected
1616,1, Graduate, No,1200000,2800000,12,431,900000,400000,2900000,900000, Rejected
1617,5, Not Graduate, Yes,9700000,25900000,2,754,9000000,10000000,28500000,6700000, Approved
1618,5, Graduate, Yes,5400000,11200000,10,447,300000,7900000,21400000,6000000, Rejected
1619,1, Not Graduate, Yes,5300000,14100000,14,510,13300000,10400000,18900000,7800000, Rejected
1620,1, Graduate, No,7300000,24200000,20,324,12900000,3700000,18400000,9000000, Rejected
1621,5, Graduate, No,9500000,19200000,2,523,13500000,1500000,21000000,6700000, Rejected
1622,0, Not Graduate, Yes,7200000,15600000,2,362,2700000,2400000,20800000,5900000, Rejected
1623,3, Graduate, Yes,9000000,32900000,6,657,9900000,600000,29200000,12000000, Approved
1624,5, Not Graduate, No,6500000,23300000,12,790,600000,9700000,15500000,9500000, Approved
1625,1, Graduate, Yes,9500000,30500000,18,500,1300000,3300000,20500000,5500000, Rejected
1626,2, Not Graduate, Yes,9900000,33200000,4,465,26300000,17000000,24400000,5000000, Approved
1627,4, Not Graduate, No,2900000,8700000,6,409,3700000,5500000,8200000,2200000, Rejected
1628,4, Graduate, Yes,700000,1800000,20,626,500000,600000,1400000,300000, Approved
1629,5, Not Graduate, No,4200000,13400000,16,545,9800000,8200000,12500000,3500000, Rejected
1630,3, Not Graduate, No,4200000,11400000,10,654,8800000,400000,16200000,5700000, Approved
1631,0, Not Graduate, No,7600000,26500000,6,515,6200000,14900000,22000000,4000000, Rejected
1632,2, Graduate, Yes,7100000,18800000,12,838,1100000,5200000,16600000,4900000, Approved
1633,1, Not Graduate, Yes,4700000,16000000,14,406,4000000,5300000,14300000,3300000, Rejected
1634,0, Graduate, Yes,9800000,23200000,10,573,23900000,3300000,23600000,14600000, Approved
1635,0, Graduate, Yes,9800000,38700000,2,611,6600000,10400000,33000000,6000000, Approved
1636,0, Not Graduate, No,5100000,13400000,16,649,6800000,1600000,15700000,3900000, Approved
1637,0, Not Graduate, Yes,3300000,7700000,12,775,8200000,2100000,7400000,4200000, Approved
1638,3, Graduate, No,4500000,12500000,12,469,4100000,7600000,14200000,3400000, Rejected
1639,0, Graduate, Yes,3900000,12800000,18,587,4500000,5300000,12600000,5000000, Approved
1640,3, Graduate, Yes,3200000,9900000,10,316,9100000,5500000,8800000,3600000, Rejected
1641,2, Graduate, No,3200000,10400000,10,556,8200000,5600000,11500000,4500000, Approved
1642,2, Not Graduate, No,9600000,31200000,12,578,9900000,2200000,26500000,13500000, Approved
1643,2, Not Graduate, Yes,8700000,18900000,2,554,3900000,1900000,18000000,11500000, Approved
1644,2, Not Graduate, Yes,1900000,6800000,6,892,2600000,2200000,6400000,900000, Approved
1645,2, Not Graduate, Yes,2900000,10200000,10,315,8100000,400000,6500000,1600000, Rejected
1646,0, Not Graduate, No,6200000,12900000,10,695,1900000,3700000,22200000,4200000, Approved
1647,0, Not Graduate, No,5900000,20300000,4,806,300000,3700000,16400000,4800000, Approved
1648,4, Not Graduate, Yes,3200000,12800000,8,638,4300000,2600000,8000000,3800000, Approved
1649,1, Not Graduate, Yes,1300000,5000000,4,610,3400000,800000,4500000,900000, Approved
1650,2, Not Graduate, Yes,1300000,3200000,4,810,3800000,2100000,4300000,800000, Approved
1651,1, Graduate, No,8700000,33200000,4,866,19600000,15900000,23700000,10500000, Approved
1652,3, Not Graduate, No,6300000,23800000,10,760,12700000,1300000,18400000,8800000, Approved
1653,3, Graduate, No,4300000,11200000,6,556,11000000,4300000,14500000,5100000, Approved
1654,3, Not Graduate, Yes,6400000,23500000,12,684,17200000,10300000,25300000,7400000, Approved
1655,5, Not Graduate, Yes,7700000,25800000,18,578,5000000,7700000,27200000,10600000, Approved
1656,2, Not Graduate, No,6900000,23900000,12,814,13000000,1900000,26600000,6000000, Approved
1657,0, Not Graduate, No,4200000,14800000,20,510,9200000,5700000,11900000,2600000, Rejected
1658,4, Not Graduate, No,3900000,9000000,2,674,8700000,5700000,14000000,3100000, Approved
1659,0, Graduate, Yes,2000000,4900000,14,570,3800000,300000,6600000,1300000, Approved
1660,1, Not Graduate, No,500000,1700000,2,680,700000,800000,1400000,700000, Approved
1661,0, Graduate, No,3500000,8800000,12,803,5400000,300000,8400000,3400000, Approved
1662,2, Not Graduate, Yes,3100000,10700000,16,357,9200000,1900000,7700000,3800000, Rejected
1663,3, Not Graduate, Yes,4900000,19000000,4,575,14100000,9100000,16500000,4600000, Approved
1664,1, Not Graduate, No,1000000,3600000,4,546,2500000,0,2600000,500000, Approved
1665,2, Graduate, No,6700000,21400000,8,370,3200000,11800000,20100000,8600000, Rejected
1666,1, Graduate, No,4100000,9400000,6,713,0,1000000,11100000,3100000, Approved
1667,4, Not Graduate, Yes,1600000,3800000,2,896,1200000,400000,4800000,2000000, Approved
1668,3, Graduate, Yes,2400000,9200000,14,626,300000,3600000,8500000,2000000, Approved
1669,0, Graduate, No,2200000,6400000,4,854,900000,1600000,6500000,1300000, Approved
1670,4, Graduate, No,3200000,8400000,18,802,400000,0,9100000,4700000, Approved
1671,4, Not Graduate, Yes,1600000,4400000,20,382,1700000,300000,5200000,1900000, Rejected
1672,2, Not Graduate, No,3900000,14900000,6,415,2200000,4300000,9500000,4600000, Rejected
1673,5, Graduate, Yes,2000000,6300000,4,366,5300000,2200000,5400000,2800000, Approved
1674,1, Graduate, Yes,7600000,25400000,10,595,7900000,400000,24900000,11000000, Approved
1675,1, Not Graduate, No,9800000,21300000,2,356,23000000,12300000,25700000,14600000, Rejected
1676,5, Not Graduate, No,7900000,29900000,6,568,5800000,13900000,15900000,8700000, Approved
1677,1, Graduate, No,1600000,4000000,10,615,2200000,2700000,5500000,1400000, Approved
1678,1, Graduate, Yes,6400000,13900000,12,313,18600000,6300000,18600000,4900000, Rejected
1679,1, Graduate, Yes,6400000,17900000,6,575,6600000,7600000,23100000,5300000, Approved
1680,4, Graduate, No,1600000,5500000,10,577,400000,1200000,4100000,1400000, Approved
1681,0, Graduate, No,9200000,30700000,10,455,24900000,2000000,32900000,5200000, Rejected
1682,1, Not Graduate, No,7800000,24900000,6,500,15300000,10000000,16500000,4500000, Rejected
1683,1, Not Graduate, Yes,4000000,9400000,8,509,1000000,4100000,10800000,5500000, Rejected
1684,2, Not Graduate, Yes,6100000,19400000,8,379,5300000,10800000,14300000,4100000, Rejected
1685,5, Graduate, No,7100000,14500000,14,664,5300000,12900000,15700000,9200000, Approved
1686,0, Not Graduate, Yes,2500000,9900000,6,623,6000000,1800000,6200000,1800000, Approved
1687,5, Graduate, No,3200000,8700000,16,558,2600000,2500000,9100000,1800000, Approved
1688,4, Graduate, No,1700000,4300000,18,580,1500000,2400000,6600000,1700000, Approved
1689,4, Graduate, No,6300000,17600000,6,612,16000000,3300000,23500000,3200000, Approved
1690,4, Graduate, Yes,700000,2400000,14,705,0,100000,2000000,700000, Approved
1691,4, Graduate, Yes,1100000,2700000,18,301,2800000,1600000,3300000,1500000, Rejected
1692,1, Not Graduate, Yes,8900000,32000000,16,711,4300000,1200000,22100000,5200000, Approved
1693,3, Graduate, No,300000,700000,20,735,900000,200000,900000,400000, Approved
1694,1, Not Graduate, No,2200000,5200000,14,682,2600000,600000,6100000,1800000, Approved
1695,3, Not Graduate, No,3400000,13500000,10,348,7900000,3700000,8200000,4700000, Rejected
1696,0, Graduate, Yes,7900000,23500000,20,750,16800000,15300000,21200000,4000000, Approved
1697,3, Not Graduate, Yes,5800000,18200000,16,835,1000000,6100000,14600000,7900000, Approved
1698,0, Graduate, Yes,9400000,20000000,6,389,16000000,7100000,19400000,10200000, Rejected
1699,2, Graduate, No,4800000,18900000,4,866,10200000,6000000,13900000,5900000, Approved
1700,3, Not Graduate, No,7600000,26600000,4,689,5300000,600000,24300000,8600000, Approved
1701,0, Not Graduate, No,5900000,17600000,16,645,13000000,3100000,23400000,8600000, Approved
1702,1, Graduate, Yes,4300000,10100000,2,797,4400000,4500000,16300000,4700000, Approved
1703,5, Graduate, No,6100000,17800000,6,849,2900000,10900000,16100000,7800000, Approved
1704,5, Graduate, No,5400000,19700000,20,423,6500000,10000000,15700000,7300000, Rejected
1705,1, Not Graduate, Yes,5200000,11200000,2,370,9900000,10200000,16700000,6400000, Rejected
1706,5, Not Graduate, No,8500000,31300000,12,378,21400000,13100000,30400000,8800000, Rejected
1707,4, Not Graduate, No,900000,1900000,20,417,1000000,800000,2800000,900000, Rejected
1708,1, Not Graduate, No,1400000,4100000,20,530,1200000,1100000,3000000,1900000, Rejected
1709,1, Not Graduate, Yes,2400000,9300000,20,543,700000,800000,5000000,3400000, Rejected
1710,4, Graduate, No,6300000,15000000,18,750,800000,6500000,15400000,7700000, Approved
1711,1, Graduate, No,3100000,7600000,20,346,700000,4600000,8100000,4400000, Rejected
1712,4, Graduate, Yes,6900000,19000000,14,330,9300000,7100000,18800000,8400000, Rejected
1713,2, Not Graduate, Yes,3000000,7400000,10,712,5100000,1000000,11600000,3800000, Approved
1714,0, Not Graduate, No,3100000,10100000,14,376,6400000,2600000,11600000,4300000, Rejected
1715,4, Not Graduate, No,600000,1200000,14,338,500000,500000,2300000,500000, Rejected
1716,4, Not Graduate, Yes,4700000,13700000,14,600,12100000,8400000,17700000,5000000, Approved
1717,1, Graduate, No,2500000,6900000,20,495,4800000,3300000,5700000,3700000, Rejected
1718,0, Graduate, No,9700000,30400000,4,300,17100000,16600000,38100000,9200000, Approved
1719,4, Not Graduate, Yes,7600000,20000000,18,691,5000000,8700000,23400000,11200000, Approved
1720,1, Graduate, No,8400000,24700000,8,519,12900000,16700000,17300000,6000000, Rejected
1721,3, Graduate, Yes,3800000,15100000,20,540,9400000,1000000,9300000,3600000, Rejected
1722,3, Not Graduate, Yes,3100000,11400000,16,562,3600000,3600000,7200000,3100000, Approved
1723,2, Not Graduate, No,5700000,21300000,10,323,1600000,11200000,16200000,5100000, Rejected
1724,1, Graduate, Yes,5500000,19700000,10,312,12800000,4800000,19500000,3300000, Rejected
1725,1, Not Graduate, Yes,200000,600000,2,511,500000,100000,800000,200000, Approved
1726,3, Not Graduate, Yes,3700000,13800000,10,621,4000000,800000,11900000,5300000, Approved
1727,2, Not Graduate, Yes,1600000,4300000,20,512,3200000,2500000,6300000,900000, Rejected
1728,4, Graduate, No,3900000,11000000,2,786,7900000,1600000,10700000,2100000, Approved
1729,3, Not Graduate, Yes,700000,1600000,18,303,600000,500000,2000000,600000, Rejected
1730,3, Graduate, Yes,5800000,16700000,18,633,8100000,8400000,14700000,3700000, Approved
1731,4, Graduate, Yes,3800000,14000000,6,711,9500000,7300000,14500000,3100000, Approved
1732,2, Graduate, No,6400000,16900000,16,472,11100000,6000000,16300000,4500000, Rejected
1733,1, Graduate, Yes,5500000,12100000,4,350,6300000,9200000,17200000,6900000, Rejected
1734,1, Not Graduate, Yes,6800000,13700000,10,879,500000,2600000,22000000,6800000, Approved
1735,4, Not Graduate, No,6700000,13400000,10,436,3600000,1200000,23200000,7500000, Rejected
1736,1, Graduate, Yes,5300000,11500000,14,848,1300000,3600000,14700000,5700000, Approved
1737,2, Graduate, No,6600000,23200000,16,555,9900000,6500000,23300000,3300000, Approved
1738,2, Graduate, No,6600000,13100000,20,885,10900000,4300000,20600000,6200000, Approved
1739,0, Not Graduate, No,7600000,25200000,6,888,12700000,10900000,24500000,7500000, Approved
1740,4, Not Graduate, Yes,2500000,6100000,20,478,5900000,800000,9500000,3200000, Rejected
1741,4, Not Graduate, No,1100000,2500000,4,603,1900000,1400000,3900000,500000, Approved
1742,1, Not Graduate, No,2300000,8200000,8,784,2000000,0,7600000,1100000, Approved
1743,1, Graduate, Yes,3300000,11700000,4,682,3500000,5500000,12300000,1600000, Approved
1744,4, Graduate, Yes,2600000,5900000,6,471,3500000,1900000,7300000,3400000, Rejected
1745,4, Not Graduate, Yes,9300000,36700000,20,808,16500000,14700000,26500000,7100000, Approved
1746,4, Not Graduate, No,5300000,18500000,8,470,2900000,9300000,14900000,4900000, Rejected
1747,2, Not Graduate, No,5400000,13800000,20,574,900000,9200000,10900000,3700000, Approved
1748,4, Not Graduate, Yes,3500000,12000000,8,314,7700000,100000,12600000,2700000, Rejected
1749,2, Graduate, No,4200000,10200000,14,407,5900000,4500000,12000000,2500000, Rejected
1750,0, Not Graduate, Yes,9200000,34900000,4,702,16900000,16000000,24100000,9800000, Approved
1751,2, Graduate, No,4300000,9800000,2,499,4400000,4500000,12600000,5100000, Rejected
1752,1, Graduate, Yes,7500000,19900000,10,669,1800000,8800000,18100000,7300000, Approved
1753,5, Not Graduate, Yes,5400000,18800000,20,326,9700000,10100000,14800000,3200000, Rejected
1754,3, Not Graduate, No,5500000,16200000,18,778,4700000,10700000,15300000,6100000, Approved
1755,2, Not Graduate, Yes,2100000,4500000,2,787,4800000,2800000,6000000,2100000, Approved
1756,0, Graduate, No,3700000,12300000,16,831,8000000,2200000,11200000,2400000, Approved
1757,0, Graduate, No,8800000,32900000,18,576,1300000,8700000,32600000,5600000, Approved
1758,5, Not Graduate, No,5800000,22800000,12,600,16000000,1100000,20700000,5700000, Approved
1759,4, Graduate, No,7900000,30600000,2,569,7600000,3400000,20100000,7400000, Approved
1760,1, Not Graduate, Yes,3100000,6300000,20,867,1900000,6100000,6600000,4000000, Approved
1761,0, Not Graduate, No,4100000,14500000,12,441,9900000,300000,15700000,3900000, Rejected
1762,2, Not Graduate, Yes,9800000,32700000,2,304,4700000,19000000,24500000,8600000, Approved
1763,5, Not Graduate, No,3300000,8400000,18,520,500000,6300000,11000000,4000000, Rejected
1764,0, Graduate, No,2000000,6200000,14,613,100000,1800000,5400000,1300000, Approved
1765,2, Not Graduate, Yes,600000,1100000,8,885,700000,0,1200000,300000, Approved
1766,4, Not Graduate, Yes,3600000,9500000,2,841,4900000,4400000,13500000,2100000, Approved
1767,2, Not Graduate, No,7500000,29100000,20,815,12400000,9500000,25300000,9100000, Approved
1768,5, Graduate, Yes,200000,400000,18,822,200000,300000,600000,300000, Approved
1769,4, Not Graduate, No,9900000,29100000,18,772,24100000,19400000,26800000,11700000, Approved
1770,5, Graduate, Yes,6100000,22500000,6,776,17600000,9900000,13800000,4800000, Approved
1771,4, Not Graduate, Yes,3500000,10300000,10,337,9000000,5600000,10500000,4500000, Rejected
1772,0, Not Graduate, Yes,7800000,19000000,12,333,15400000,14900000,30600000,9600000, Rejected
1773,3, Not Graduate, Yes,8700000,29300000,4,312,9000000,2800000,30000000,4900000, Approved
1774,2, Graduate, Yes,5500000,12400000,14,842,-100000,6800000,15800000,5800000, Approved
1775,3, Graduate, Yes,1800000,5100000,8,790,100000,0,3700000,2000000, Approved
1776,2, Graduate, No,8000000,31900000,16,806,19900000,1800000,23200000,5400000, Approved
1777,5, Not Graduate, Yes,7500000,17000000,8,300,7800000,8300000,18900000,6700000, Rejected
1778,5, Graduate, Yes,3700000,12000000,12,605,4900000,1800000,13200000,3100000, Approved
1779,2, Graduate, Yes,1600000,4700000,12,582,1500000,1300000,5200000,1000000, Approved
1780,5, Graduate, No,1300000,2700000,6,607,800000,1500000,4700000,1600000, Approved
1781,5, Graduate, Yes,2400000,8200000,10,709,2100000,3700000,8800000,2800000, Approved
1782,4, Graduate, Yes,4100000,11600000,14,854,500000,6900000,12700000,5700000, Approved
1783,2, Not Graduate, Yes,7300000,15200000,20,776,14700000,9600000,26400000,4100000, Approved
1784,1, Graduate, Yes,8000000,24600000,12,649,10800000,1600000,21800000,9200000, Approved
1785,3, Not Graduate, No,7900000,28000000,4,394,22800000,13200000,18200000,3900000, Approved
1786,4, Not Graduate, No,7200000,18900000,16,371,6600000,14100000,18900000,4900000, Rejected
1787,3, Not Graduate, No,6200000,13200000,14,707,17200000,8900000,23100000,4200000, Approved
1788,2, Not Graduate, Yes,5700000,18100000,20,491,6800000,100000,17700000,3900000, Rejected
1789,0, Graduate, Yes,5800000,14100000,16,570,8200000,4200000,16400000,3700000, Approved
1790,1, Not Graduate, No,900000,3500000,18,395,2500000,800000,3000000,1300000, Rejected
1791,0, Not Graduate, Yes,2200000,7500000,10,497,2300000,2100000,5700000,1800000, Rejected
1792,3, Not Graduate, Yes,1800000,5300000,14,440,2000000,100000,3700000,1000000, Rejected
1793,0, Not Graduate, Yes,800000,2400000,16,825,700000,0,3100000,1100000, Approved
1794,2, Graduate, Yes,7600000,18100000,14,320,14700000,2600000,28100000,8500000, Rejected
1795,2, Graduate, Yes,4100000,13500000,4,846,8900000,7800000,11400000,2400000, Approved
1796,3, Graduate, Yes,4600000,10900000,12,856,13500000,5100000,9400000,3300000, Approved
1797,3, Graduate, No,2300000,6800000,10,418,2800000,2700000,6300000,1400000, Rejected
1798,0, Not Graduate, Yes,8000000,21100000,6,306,16100000,11800000,28200000,8700000, Rejected
1799,2, Not Graduate, Yes,3800000,14500000,16,567,2400000,2600000,10500000,3000000, Approved
1800,2, Not Graduate, Yes,9500000,36800000,6,493,24100000,13800000,32100000,6200000, Rejected
1801,2, Graduate, No,9300000,21200000,2,509,2800000,2600000,35800000,6600000, Rejected
1802,4, Graduate, No,4700000,17000000,4,364,2900000,4600000,18800000,6200000, Approved
1803,5, Not Graduate, No,6000000,24000000,20,639,300000,7300000,15100000,6600000, Approved
1804,2, Graduate, Yes,5500000,21700000,2,309,11800000,1000000,21600000,7600000, Approved
1805,0, Not Graduate, Yes,4600000,14800000,6,433,12100000,4600000,11100000,6700000, Rejected
1806,5, Not Graduate, No,9900000,33600000,20,580,7000000,10800000,37400000,14700000, Approved
1807,1, Graduate, Yes,6200000,16200000,4,888,-100000,12000000,24300000,4000000, Approved
1808,4, Not Graduate, Yes,400000,1100000,6,644,1000000,300000,1600000,400000, Approved
1809,1, Not Graduate, Yes,7800000,22200000,10,763,11200000,1400000,27000000,4900000, Approved
1810,0, Graduate, Yes,2900000,10800000,20,694,6400000,200000,10600000,2100000, Approved
1811,3, Not Graduate, No,500000,1200000,6,757,1300000,100000,1200000,600000, Approved
1812,0, Not Graduate, No,2500000,6900000,12,471,7100000,4000000,5200000,1500000, Rejected
1813,5, Not Graduate, No,9000000,35200000,2,437,18400000,17800000,18300000,10400000, Approved
1814,4, Not Graduate, Yes,5200000,11400000,10,406,14700000,2000000,13000000,4400000, Rejected
1815,5, Not Graduate, No,6000000,19700000,20,376,14700000,10700000,17100000,5500000, Rejected
1816,1, Graduate, No,5100000,13800000,14,350,6200000,2200000,12600000,3600000, Rejected
1817,5, Not Graduate, Yes,8000000,22500000,20,784,7600000,7300000,26000000,10800000, Approved
1818,4, Graduate, Yes,9200000,25400000,14,765,21200000,6600000,25100000,5600000, Approved
1819,4, Not Graduate, No,9800000,32200000,18,593,9500000,400000,34000000,14300000, Approved
1820,3, Graduate, Yes,7600000,30000000,10,344,19000000,13700000,27600000,11100000, Rejected
1821,1, Graduate, No,5100000,11800000,12,314,14700000,7600000,12400000,4900000, Rejected
1822,4, Graduate, Yes,1500000,3300000,16,382,200000,2400000,3200000,1100000, Rejected
1823,2, Not Graduate, Yes,6200000,16500000,4,510,14100000,4700000,18200000,6300000, Rejected
1824,2, Graduate, Yes,6300000,24600000,8,464,7700000,2200000,13000000,6900000, Rejected
1825,1, Graduate, Yes,5500000,14900000,2,403,7400000,8900000,19700000,4100000, Rejected
1826,3, Not Graduate, No,8100000,30400000,12,606,900000,1100000,31900000,11600000, Approved
1827,1, Graduate, No,6300000,22000000,20,646,9500000,7900000,13500000,5500000, Approved
1828,1, Graduate, No,1100000,3600000,20,495,1600000,1100000,3100000,500000, Rejected
1829,3, Not Graduate, Yes,7200000,21600000,2,626,10600000,1600000,26900000,3700000, Approved
1830,1, Not Graduate, Yes,3000000,6000000,16,518,3800000,1700000,11600000,3900000, Rejected
1831,5, Graduate, No,2700000,7600000,8,746,900000,2200000,7200000,3400000, Approved
1832,0, Not Graduate, No,5000000,16300000,12,737,2600000,3400000,11800000,4400000, Approved
1833,0, Not Graduate, No,8400000,22300000,14,371,8300000,3700000,22300000,9100000, Rejected
1834,1, Graduate, No,7700000,27300000,8,509,10100000,2200000,20200000,10800000, Rejected
1835,1, Graduate, No,4700000,14000000,2,411,4600000,5100000,10600000,3700000, Rejected
1836,2, Not Graduate, No,4300000,11800000,20,701,11600000,4600000,14200000,3300000, Approved
1837,5, Not Graduate, No,2500000,8800000,10,769,3700000,1600000,8200000,2700000, Approved
1838,5, Not Graduate, Yes,4400000,12500000,6,740,8200000,2300000,9900000,5400000, Approved
1839,5, Not Graduate, No,5700000,11600000,4,892,10200000,6100000,19800000,7400000, Approved
1840,2, Not Graduate, No,5300000,13100000,14,417,4900000,6200000,18200000,6800000, Rejected
1841,5, Graduate, No,4600000,14400000,6,785,6500000,6300000,14700000,6200000, Approved
1842,3, Not Graduate, No,400000,1100000,16,504,200000,400000,800000,400000, Rejected
1843,0, Not Graduate, No,2100000,5900000,14,402,4400000,0,4800000,1000000, Rejected
1844,2, Graduate, Yes,1200000,3500000,16,540,3100000,1800000,3500000,800000, Rejected
1845,2, Graduate, Yes,8000000,28400000,10,607,11400000,3800000,29000000,11600000, Approved
1846,1, Graduate, Yes,5000000,19400000,10,410,11600000,6200000,11700000,4500000, Rejected
1847,0, Not Graduate, No,8500000,17200000,12,624,6500000,8400000,18600000,5100000, Approved
1848,4, Graduate, No,4600000,16600000,16,805,4800000,8000000,11500000,2800000, Approved
1849,2, Graduate, No,4600000,16100000,18,709,7100000,9000000,13800000,5400000, Approved
1850,2, Not Graduate, Yes,8500000,30900000,14,511,23300000,4400000,21900000,5500000, Rejected
1851,1, Graduate, Yes,7800000,25100000,18,766,6900000,7200000,16600000,10200000, Approved
1852,3, Not Graduate, Yes,1400000,3800000,16,451,3100000,1300000,4300000,1300000, Rejected
1853,1, Not Graduate, Yes,3700000,10200000,4,447,300000,2000000,14500000,3200000, Rejected
1854,3, Not Graduate, Yes,1000000,2500000,18,763,400000,1100000,2100000,1400000, Approved
1855,5, Not Graduate, No,900000,3100000,20,834,1000000,900000,2100000,1300000, Approved
1856,2, Graduate, No,5600000,19500000,8,429,6100000,2200000,21100000,7200000, Rejected
1857,4, Not Graduate, No,3200000,10600000,16,693,7800000,4900000,10400000,1800000, Approved
1858,1, Graduate, No,2900000,11100000,20,478,4200000,2900000,8500000,3000000, Rejected
1859,2, Graduate, Yes,300000,800000,10,752,600000,300000,1000000,400000, Approved
1860,0, Graduate, Yes,2400000,5900000,14,319,2000000,4200000,9500000,3300000, Rejected
1861,3, Graduate, No,5000000,17600000,8,303,6300000,9600000,12800000,6900000, Rejected
1862,3, Not Graduate, Yes,5000000,16700000,20,420,1100000,5000000,18700000,6900000, Rejected
1863,2, Not Graduate, Yes,200000,600000,8,552,400000,200000,700000,200000, Approved
1864,3, Not Graduate, Yes,6000000,16000000,12,606,2600000,11600000,19300000,7800000, Approved
1865,2, Not Graduate, No,5600000,13700000,2,558,7500000,9300000,12100000,6700000, Approved
1866,1, Not Graduate, No,4500000,12400000,6,504,12000000,3200000,13100000,2200000, Rejected
1867,5, Not Graduate, Yes,200000,300000,8,412,-100000,100000,500000,100000, Rejected
1868,4, Not Graduate, Yes,6200000,18300000,4,900,16900000,3400000,15300000,6400000, Approved
1869,4, Not Graduate, Yes,9800000,23800000,8,634,12800000,9300000,37600000,6100000, Approved
1870,5, Graduate, Yes,3900000,9000000,8,340,4900000,6800000,9000000,5200000, Rejected
1871,3, Not Graduate, Yes,8300000,20900000,4,615,4400000,200000,19000000,9600000, Approved
1872,2, Graduate, Yes,4900000,12200000,18,353,7000000,200000,14400000,3600000, Rejected
1873,4, Graduate, Yes,6900000,16300000,8,606,5800000,900000,23700000,3600000, Approved
1874,2, Not Graduate, No,4500000,14500000,18,498,7900000,200000,13500000,4800000, Rejected
1875,4, Not Graduate, No,7500000,21900000,2,585,6800000,12200000,27500000,8100000, Approved
1876,1, Not Graduate, Yes,2300000,6400000,8,578,3600000,1800000,7000000,3000000, Approved
1877,1, Graduate, No,7400000,15500000,2,693,3000000,12800000,21800000,9300000, Approved
1878,4, Graduate, No,4800000,14300000,6,795,5900000,0,11100000,2600000, Approved
1879,1, Graduate, No,2600000,9900000,6,594,2900000,4300000,6700000,2500000, Approved
1880,3, Not Graduate, Yes,2700000,10600000,8,840,500000,3000000,9000000,1900000, Approved
1881,3, Not Graduate, No,3700000,10900000,16,301,7800000,2300000,9600000,3400000, Rejected
1882,4, Graduate, Yes,2600000,9400000,18,481,2700000,4400000,8600000,2400000, Rejected
1883,5, Not Graduate, Yes,8800000,23100000,16,531,20800000,2600000,22100000,8000000, Rejected
1884,2, Not Graduate, No,7500000,15400000,8,332,8300000,3100000,23700000,5400000, Rejected
1885,0, Graduate, No,4700000,18500000,4,516,1000000,8400000,10400000,6100000, Approved
1886,2, Not Graduate, No,7100000,26600000,6,727,16500000,9800000,21100000,7900000, Approved
1887,3, Not Graduate, Yes,5500000,19300000,10,344,14400000,1300000,12400000,6600000, Rejected
1888,2, Graduate, No,9500000,31500000,12,650,17600000,16600000,22200000,11400000, Approved
1889,3, Graduate, Yes,4200000,15400000,8,362,9900000,5300000,15500000,5600000, Rejected
1890,5, Graduate, Yes,6900000,18600000,18,307,3500000,4800000,25300000,4200000, Rejected
1891,5, Graduate, No,9900000,24600000,2,530,24200000,12800000,20400000,13000000, Rejected
1892,5, Graduate, No,6700000,17700000,6,482,3200000,10400000,18500000,5700000, Rejected
1893,0, Not Graduate, Yes,9300000,22200000,14,701,600000,10100000,35900000,5700000, Approved
1894,2, Graduate, No,5600000,17200000,16,586,13700000,2100000,14300000,4300000, Approved
1895,0, Graduate, Yes,8100000,17600000,16,384,15200000,13300000,31700000,10200000, Rejected
1896,4, Not Graduate, No,6000000,18000000,18,882,6700000,2500000,12200000,7500000, Approved
1897,5, Not Graduate, Yes,4200000,11200000,2,758,5300000,6500000,9600000,3800000, Approved
1898,5, Graduate, No,1600000,4000000,18,529,300000,1200000,5300000,2000000, Rejected
1899,3, Graduate, Yes,800000,1500000,2,589,1500000,1100000,1800000,400000, Approved
1900,1, Graduate, No,500000,1300000,6,670,1000000,500000,1400000,700000, Approved
1901,5, Not Graduate, Yes,4300000,14100000,12,532,12600000,5700000,12000000,4600000, Rejected
1902,0, Not Graduate, No,4000000,12500000,18,868,11000000,800000,14400000,2300000, Approved
1903,2, Not Graduate, No,2900000,7300000,2,776,8300000,3000000,8500000,3400000, Approved
1904,5, Graduate, Yes,2300000,9100000,16,644,4000000,2600000,6600000,3100000, Approved
1905,0, Graduate, Yes,1800000,6000000,12,658,2900000,2300000,4500000,2400000, Approved
1906,1, Graduate, Yes,8700000,33900000,10,766,16300000,700000,19500000,9000000, Approved
1907,3, Not Graduate, No,7800000,21100000,12,717,1200000,10700000,19900000,6200000, Approved
1908,2, Graduate, No,3200000,6300000,10,339,300000,4900000,7300000,2700000, Rejected
1909,0, Not Graduate, No,1600000,4500000,18,463,100000,2000000,4100000,1800000, Rejected
1910,4, Not Graduate, No,2400000,7300000,4,540,2500000,300000,7800000,2200000, Approved
1911,1, Graduate, No,1800000,5900000,16,804,800000,2500000,5000000,1000000, Approved
1912,1, Graduate, No,7500000,16000000,10,541,16300000,4500000,22400000,5100000, Rejected
1913,4, Not Graduate, Yes,6700000,18400000,10,371,1900000,1400000,15700000,4400000, Rejected
1914,5, Graduate, No,5800000,13700000,6,369,10500000,2700000,12100000,3000000, Rejected
1915,0, Not Graduate, No,500000,1800000,2,651,700000,0,1700000,200000, Approved
1916,0, Graduate, Yes,9400000,30700000,10,477,17400000,900000,27500000,6200000, Rejected
1917,4, Not Graduate, No,1600000,6200000,18,554,3200000,800000,5500000,1100000, Approved
1918,0, Graduate, Yes,9300000,25000000,14,362,14900000,16100000,32300000,11000000, Rejected
1919,5, Graduate, No,3700000,14000000,2,469,3800000,600000,8000000,2800000, Approved
1920,3, Not Graduate, No,900000,1900000,12,547,2400000,400000,3000000,400000, Rejected
1921,4, Not Graduate, No,500000,1300000,6,809,200000,300000,900000,500000, Approved
1922,1, Graduate, Yes,7800000,16200000,2,335,4900000,7900000,28700000,6400000, Rejected
1923,5, Not Graduate, Yes,5300000,13700000,18,708,7600000,900000,19200000,5900000, Approved
1924,0, Graduate, No,300000,700000,16,779,200000,0,1000000,400000, Approved
1925,0, Graduate, Yes,5000000,19900000,6,748,8300000,8500000,11300000,3000000, Approved
1926,0, Graduate, No,7900000,28600000,18,541,400000,3900000,22300000,6700000, Rejected
1927,4, Graduate, No,5300000,15800000,2,527,3800000,5200000,19700000,3900000, Rejected
1928,0, Not Graduate, Yes,5500000,15300000,4,859,4600000,9500000,21400000,2900000, Approved
1929,0, Graduate, No,1500000,5600000,18,604,2000000,2400000,4400000,1800000, Approved
1930,5, Graduate, No,6600000,20100000,18,348,6900000,2500000,22500000,7200000, Rejected
1931,4, Graduate, Yes,6200000,16200000,20,734,8800000,4000000,14600000,4400000, Approved
1932,3, Graduate, No,6300000,17000000,16,388,11700000,2100000,16100000,3200000, Rejected
1933,0, Graduate, Yes,3800000,8100000,20,831,6500000,1700000,7700000,2000000, Approved
1934,5, Not Graduate, No,500000,1500000,6,433,-100000,700000,1900000,700000, Rejected
1935,2, Graduate, Yes,5000000,15900000,16,699,8800000,5900000,18100000,7200000, Approved
1936,0, Not Graduate, No,4500000,17100000,8,303,7400000,8200000,17400000,4200000, Rejected
1937,4, Not Graduate, No,1000000,3800000,2,611,1700000,1800000,2500000,600000, Approved
1938,2, Graduate, No,1700000,3700000,20,558,4100000,1400000,5000000,2500000, Approved
1939,4, Graduate, Yes,1200000,4800000,2,752,2800000,900000,3000000,600000, Approved
1940,5, Not Graduate, Yes,8500000,25800000,14,786,13900000,11000000,32400000,11300000, Approved
1941,0, Graduate, No,8600000,29000000,18,481,21200000,2600000,27700000,5400000, Rejected
1942,2, Graduate, No,400000,1300000,16,507,200000,200000,1500000,300000, Rejected
1943,4, Graduate, No,8700000,19800000,14,715,13500000,13400000,32000000,8500000, Approved
1944,0, Not Graduate, No,1800000,5700000,20,392,3800000,2400000,3500000,1400000, Rejected
1945,0, Graduate, Yes,4700000,17700000,16,887,1300000,4900000,13200000,6700000, Approved
1946,0, Not Graduate, No,7300000,21600000,2,479,17900000,12300000,15900000,7500000, Rejected
1947,2, Graduate, No,8400000,32100000,20,328,16300000,4600000,19500000,8000000, Rejected
1948,2, Graduate, Yes,4800000,12900000,8,740,9300000,900000,11000000,3700000, Approved
1949,2, Graduate, No,9200000,34200000,2,456,12200000,11300000,25800000,5700000, Approved
1950,1, Not Graduate, No,6200000,21100000,10,467,15600000,10500000,23500000,5300000, Rejected
1951,0, Graduate, Yes,200000,700000,10,587,-100000,100000,500000,100000, Rejected
1952,0, Not Graduate, Yes,2500000,6700000,16,569,4500000,3400000,6200000,1300000, Approved
1953,3, Not Graduate, Yes,8000000,24400000,14,399,19100000,5400000,20600000,11600000, Rejected
1954,1, Not Graduate, No,4600000,15200000,4,593,13800000,3800000,11700000,3900000, Approved
1955,3, Not Graduate, Yes,4900000,12700000,8,409,2000000,2500000,19300000,4700000, Rejected
1956,4, Not Graduate, No,9500000,21300000,18,353,22900000,2300000,21400000,11100000, Rejected
1957,5, Graduate, Yes,4500000,11600000,20,306,4800000,1900000,11900000,5700000, Rejected
1958,2, Graduate, Yes,5900000,14200000,12,499,9200000,11600000,20200000,4400000, Rejected
1959,4, Graduate, No,4200000,14600000,6,324,6300000,5900000,11700000,3000000, Rejected
1960,2, Not Graduate, Yes,3300000,11300000,6,647,5100000,6000000,12800000,4400000, Approved
1961,2, Graduate, Yes,4900000,12600000,2,767,1100000,7400000,13000000,3800000, Approved
1962,4, Not Graduate, No,5300000,10700000,12,821,15400000,10200000,17600000,2600000, Approved
1963,4, Not Graduate, No,7200000,17700000,6,338,9900000,9300000,27800000,7200000, Rejected
1964,0, Graduate, No,8400000,24300000,4,785,11900000,10100000,26600000,8500000, Approved
1965,3, Graduate, No,3800000,11800000,4,694,0,500000,8300000,5100000, Approved
1966,0, Not Graduate, No,9900000,22300000,20,613,28400000,8900000,23600000,4900000, Approved
1967,4, Graduate, Yes,2900000,8300000,10,318,8700000,4100000,10900000,2100000, Rejected
1968,3, Not Graduate, Yes,6000000,18700000,18,783,2800000,8500000,20300000,8800000, Approved
1969,2, Not Graduate, No,1700000,5300000,20,761,2500000,500000,3700000,1200000, Approved
1970,4, Graduate, Yes,5300000,12000000,10,329,15300000,9300000,17300000,6100000, Rejected
1971,5, Not Graduate, Yes,7500000,15000000,14,661,12100000,5800000,29900000,4400000, Approved
1972,4, Not Graduate, No,400000,900000,18,339,700000,200000,800000,200000, Rejected
1973,1, Graduate, Yes,8300000,17700000,10,673,23700000,5300000,28700000,4200000, Approved
1974,3, Graduate, No,4500000,16900000,18,748,8500000,7200000,15100000,6600000, Approved
1975,3, Graduate, No,4600000,10000000,4,702,6800000,1500000,16100000,4500000, Approved
1976,4, Not Graduate, No,4700000,10300000,12,710,7500000,7700000,16900000,6600000, Approved
1977,0, Graduate, Yes,900000,3500000,6,331,2400000,1400000,3500000,1100000, Rejected
1978,1, Not Graduate, No,2400000,7600000,12,372,5700000,4400000,6600000,1400000, Rejected
1979,0, Not Graduate, Yes,3900000,9600000,10,783,9900000,2100000,10900000,3900000, Approved
1980,0, Graduate, No,8300000,31400000,18,558,13300000,2900000,25900000,6300000, Approved
1981,4, Graduate, Yes,4700000,13000000,6,552,5600000,8300000,11900000,2400000, Approved
1982,4, Not Graduate, No,3900000,10600000,20,544,4100000,3100000,10900000,4900000, Rejected
1983,2, Not Graduate, No,400000,1000000,6,425,800000,300000,800000,200000, Rejected
1984,2, Not Graduate, Yes,1700000,5100000,18,321,2000000,2800000,5100000,1500000, Rejected
1985,2, Graduate, Yes,6100000,15500000,8,758,8900000,4000000,13300000,7200000, Approved
1986,5, Graduate, Yes,7300000,19600000,10,373,10400000,4700000,19500000,10600000, Rejected
1987,3, Not Graduate, Yes,300000,500000,6,876,300000,100000,1100000,300000, Approved
1988,2, Not Graduate, No,4300000,14500000,10,594,11400000,700000,14000000,5300000, Approved
1989,3, Not Graduate, No,7000000,18400000,18,837,2800000,7900000,15400000,5700000, Approved
1990,0, Not Graduate, Yes,4900000,16500000,4,600,11100000,2200000,12000000,6500000, Approved
1991,4, Graduate, No,6200000,12400000,20,547,14200000,10800000,17200000,8000000, Rejected
1992,1, Not Graduate, No,4100000,15800000,12,431,9700000,7300000,15200000,5700000, Rejected
1993,0, Not Graduate, Yes,7300000,22600000,12,851,3300000,3400000,24800000,5300000, Approved
1994,4, Not Graduate, Yes,9200000,28100000,12,760,23200000,9700000,22300000,12900000, Approved
1995,0, Not Graduate, No,800000,2400000,2,716,700000,1200000,3100000,400000, Approved
1996,4, Not Graduate, No,2900000,11200000,10,744,6600000,4000000,7300000,1600000, Approved
1997,3, Not Graduate, No,8100000,21600000,4,740,22400000,3700000,16900000,9900000, Approved
1998,0, Graduate, No,9300000,20300000,14,759,27000000,11600000,26500000,10900000, Approved
1999,4, Graduate, Yes,9200000,29400000,14,517,4900000,0,33500000,10100000, Rejected
2000,3, Not Graduate, Yes,3100000,6300000,18,895,2300000,3400000,10500000,4200000, Approved
2001,3, Not Graduate, Yes,7000000,15400000,20,315,19900000,7600000,16400000,5900000, Rejected
2002,4, Not Graduate, No,3900000,8800000,14,527,4600000,4900000,14900000,3100000, Rejected
2003,3, Graduate, No,5500000,19800000,14,853,7300000,3000000,15500000,3100000, Approved
2004,0, Graduate, No,6600000,13700000,20,747,3600000,2400000,23900000,6000000, Approved
2005,2, Not Graduate, No,9900000,31600000,16,892,4200000,17500000,31400000,12700000, Approved
2006,4, Graduate, Yes,6600000,20500000,8,856,18800000,5400000,15100000,9400000, Approved
2007,3, Graduate, No,8600000,23600000,4,324,13800000,3800000,28500000,4300000, Rejected
2008,5, Graduate, No,7900000,28600000,12,812,12100000,14400000,30000000,11700000, Approved
2009,5, Graduate, Yes,6800000,22600000,2,804,3500000,12500000,18200000,9900000, Approved
2010,4, Graduate, No,700000,1800000,8,874,1600000,1000000,1300000,300000, Approved
2011,2, Not Graduate, Yes,3800000,10000000,12,516,2400000,4200000,14200000,5100000, Rejected
2012,5, Graduate, Yes,6900000,18300000,4,402,12600000,13100000,23200000,6100000, Rejected
2013,1, Graduate, Yes,3700000,12400000,12,330,3400000,1000000,10400000,2800000, Rejected
2014,1, Graduate, No,7900000,24000000,12,867,20500000,10000000,30700000,9400000, Approved
2015,4, Graduate, Yes,8800000,34200000,16,844,18700000,11000000,20700000,10700000, Approved
2016,5, Not Graduate, Yes,3300000,7800000,8,310,3000000,3900000,8300000,4200000, Rejected
2017,4, Not Graduate, No,5800000,14200000,20,535,10200000,4000000,21100000,3400000, Rejected
2018,1, Graduate, Yes,7400000,29500000,16,323,10000000,4400000,29400000,8100000, Rejected
2019,1, Graduate, No,8200000,25600000,4,686,2000000,5900000,17300000,4400000, Approved
2020,0, Not Graduate, Yes,3300000,9600000,8,465,6100000,700000,9700000,2000000, Rejected
2021,4, Graduate, Yes,5300000,10700000,12,547,1000000,10200000,11600000,5700000, Rejected
2022,1, Not Graduate, No,5700000,19100000,12,649,9400000,10200000,16400000,4500000, Approved
2023,2, Not Graduate, No,9000000,31000000,14,670,21300000,5400000,31100000,12900000, Approved
2024,3, Graduate, No,5900000,14400000,10,408,2400000,5100000,23000000,3700000, Rejected
2025,2, Not Graduate, No,5400000,11900000,6,303,15000000,9200000,15400000,6900000, Rejected
2026,0, Graduate, No,9800000,34800000,14,497,3000000,2200000,23800000,9600000, Rejected
2027,4, Graduate, Yes,9800000,34100000,14,740,6500000,16900000,27100000,5100000, Approved
2028,4, Not Graduate, Yes,3800000,8200000,4,309,10900000,3900000,10200000,3300000, Rejected
2029,0, Not Graduate, No,9500000,24400000,14,769,14400000,2400000,30800000,14200000, Approved
2030,3, Graduate, Yes,2500000,7100000,6,420,3800000,3300000,8700000,3000000, Rejected
2031,1, Graduate, No,1900000,6000000,20,540,1100000,1400000,4300000,1300000, Rejected
2032,5, Graduate, Yes,4400000,10600000,20,806,9700000,3600000,10800000,2500000, Approved
2033,4, Graduate, Yes,1400000,2900000,6,723,3800000,0,4700000,1600000, Approved
2034,5, Not Graduate, Yes,3200000,11800000,16,565,8100000,2700000,9200000,1800000, Approved
2035,1, Graduate, Yes,3100000,9200000,16,374,2400000,3500000,7100000,3500000, Rejected
2036,4, Graduate, No,4500000,9900000,10,509,11100000,3100000,12200000,2700000, Rejected
2037,3, Not Graduate, Yes,9300000,23500000,16,728,3500000,9900000,27300000,9800000, Approved
2038,2, Graduate, No,6900000,18200000,20,396,15600000,4300000,22900000,5400000, Rejected
2039,0, Not Graduate, Yes,3900000,8600000,2,667,4300000,6600000,13500000,2000000, Approved
2040,5, Not Graduate, No,3200000,7400000,12,583,9400000,5500000,10600000,3600000, Approved
2041,1, Not Graduate, Yes,5600000,21100000,10,459,9700000,1400000,13900000,8100000, Rejected
2042,4, Not Graduate, Yes,3700000,11900000,18,635,6100000,6400000,11200000,4700000, Approved
2043,3, Not Graduate, No,8400000,27200000,12,604,21400000,8800000,23700000,4700000, Approved
2044,0, Not Graduate, Yes,4200000,8900000,14,796,3000000,1600000,13300000,4800000, Approved
2045,4, Graduate, No,3800000,8500000,10,416,6200000,4800000,14900000,4100000, Rejected
2046,3, Graduate, No,3200000,8200000,8,311,4900000,5600000,10700000,1600000, Rejected
2047,1, Graduate, No,9700000,33900000,10,833,24600000,16200000,28300000,6600000, Approved
2048,1, Not Graduate, Yes,4300000,9400000,6,543,7400000,5200000,14800000,4200000, Rejected
2049,5, Graduate, Yes,8100000,20300000,18,751,1600000,7900000,31700000,7400000, Approved
2050,5, Not Graduate, Yes,9400000,23200000,14,885,16900000,1200000,34900000,4700000, Approved
2051,4, Not Graduate, Yes,8100000,19400000,6,346,7800000,9300000,29300000,4500000, Rejected
2052,4, Graduate, No,6500000,14500000,4,588,10300000,9500000,22800000,6400000, Approved
2053,2, Graduate, No,9400000,23100000,4,488,20100000,3500000,28600000,10900000, Rejected
2054,1, Not Graduate, Yes,2600000,6600000,20,765,2100000,200000,5200000,1300000, Approved
2055,3, Not Graduate, Yes,8000000,25600000,6,337,8800000,500000,18900000,9800000, Rejected
2056,1, Graduate, No,4700000,9300000,8,515,1000000,4700000,14600000,5700000, Rejected
2057,2, Graduate, Yes,7600000,22300000,12,555,2100000,13800000,17700000,7100000, Approved
2058,1, Graduate, Yes,6800000,27200000,2,702,4600000,2400000,27100000,6300000, Approved
2059,2, Not Graduate, Yes,6600000,17000000,2,457,100000,1800000,23300000,6700000, Rejected
2060,2, Graduate, No,8200000,27200000,10,425,11400000,4900000,29300000,4500000, Rejected
2061,1, Graduate, Yes,4400000,12300000,6,583,2400000,7900000,17200000,6600000, Approved
2062,1, Not Graduate, No,8300000,29200000,6,877,13700000,9900000,31500000,9500000, Approved
2063,0, Graduate, No,9200000,36500000,14,522,10500000,5300000,22400000,13200000, Rejected
2064,5, Not Graduate, Yes,2700000,8700000,20,687,2600000,1200000,9000000,1300000, Approved
2065,0, Graduate, No,6100000,23600000,20,856,3300000,5200000,17700000,6400000, Approved
2066,4, Not Graduate, Yes,9100000,33000000,8,543,15700000,14400000,19500000,11200000, Rejected
2067,5, Not Graduate, Yes,7600000,15400000,14,576,2300000,2800000,24500000,4700000, Approved
2068,2, Not Graduate, No,7200000,17000000,10,856,18100000,12700000,15800000,6000000, Approved
2069,0, Graduate, Yes,2600000,8200000,8,722,3500000,4200000,7100000,3200000, Approved
2070,4, Graduate, Yes,6500000,20200000,12,653,18600000,1400000,23800000,6400000, Approved
2071,5, Graduate, No,8900000,35500000,16,480,17200000,11300000,25200000,4900000, Rejected
2072,2, Graduate, Yes,5400000,14300000,14,477,10200000,700000,11100000,5500000, Rejected
2073,0, Graduate, No,300000,500000,2,885,200000,400000,700000,200000, Approved
2074,0, Not Graduate, No,8400000,19600000,18,530,17000000,3600000,24200000,12300000, Rejected
2075,3, Graduate, No,8300000,17200000,8,870,4700000,8800000,18300000,10000000, Approved
2076,4, Not Graduate, No,1700000,5600000,8,395,2700000,800000,3500000,2400000, Rejected
2077,2, Not Graduate, No,1500000,4200000,16,771,2500000,800000,5700000,1100000, Approved
2078,1, Not Graduate, Yes,200000,500000,2,579,500000,100000,500000,100000, Approved
2079,1, Graduate, Yes,1000000,3700000,14,798,2000000,200000,3800000,1400000, Approved
2080,3, Not Graduate, Yes,8800000,25100000,8,473,17200000,600000,24400000,12400000, Rejected
2081,0, Graduate, Yes,1000000,3200000,8,304,500000,600000,3700000,700000, Rejected
2082,0, Not Graduate, Yes,8600000,23000000,14,678,18800000,16400000,22900000,12000000, Approved
2083,5, Graduate, Yes,2400000,8900000,2,745,1700000,2000000,9200000,2100000, Approved
2084,1, Graduate, No,2400000,8900000,8,835,2400000,1200000,5500000,1100000, Approved
2085,5, Not Graduate, Yes,6000000,12100000,20,848,13900000,4800000,18000000,3600000, Approved
2086,5, Not Graduate, No,7600000,16300000,18,872,5100000,1900000,20700000,5000000, Approved
2087,3, Not Graduate, No,8000000,20100000,10,608,9800000,15500000,26100000,5200000, Approved
2088,0, Graduate, Yes,5400000,19500000,16,758,2600000,2700000,18300000,6000000, Approved
2089,0, Not Graduate, Yes,1400000,3700000,4,841,3000000,1000000,4600000,1000000, Approved
2090,0, Not Graduate, Yes,800000,2600000,2,618,300000,1200000,2000000,500000, Approved
2091,4, Graduate, Yes,300000,1100000,4,457,700000,100000,1100000,400000, Approved
2092,0, Graduate, No,4100000,14400000,4,844,2700000,6000000,9900000,4200000, Approved
2093,2, Not Graduate, No,1500000,3800000,4,776,2800000,0,5300000,1400000, Approved
2094,1, Not Graduate, No,4600000,13900000,8,520,13300000,6400000,9800000,2200000, Rejected
2095,1, Graduate, Yes,3300000,7500000,12,648,6400000,1700000,8700000,1600000, Approved
2096,4, Not Graduate, Yes,7900000,31400000,10,654,16500000,15200000,25400000,5000000, Approved
2097,0, Not Graduate, No,8100000,26500000,20,342,5800000,5600000,23700000,5800000, Rejected
2098,5, Not Graduate, No,900000,2800000,16,808,2100000,900000,3100000,800000, Approved
2099,1, Graduate, Yes,4900000,15200000,10,429,5700000,7300000,14400000,3300000, Rejected
2100,3, Graduate, Yes,6100000,18100000,14,538,11800000,4200000,16200000,7500000, Rejected
2101,3, Not Graduate, No,4500000,16400000,6,533,1800000,5600000,12200000,3900000, Rejected
2102,2, Graduate, Yes,2900000,7300000,8,394,7700000,2600000,7700000,4000000, Rejected
2103,1, Not Graduate, No,7900000,29300000,2,771,17600000,12800000,20400000,4000000, Approved
2104,5, Graduate, Yes,4100000,10100000,4,792,4400000,6100000,8600000,4900000, Approved
2105,5, Not Graduate, Yes,7700000,15500000,8,407,6500000,9100000,26300000,4600000, Rejected
2106,0, Not Graduate, No,5600000,19300000,18,544,6400000,2800000,19900000,6400000, Rejected
2107,5, Graduate, No,9000000,18000000,18,509,24600000,5200000,20000000,6100000, Rejected
2108,4, Not Graduate, Yes,6400000,18400000,16,320,17700000,3600000,13900000,8300000, Rejected
2109,4, Graduate, No,6900000,14700000,2,496,12000000,7000000,15500000,4000000, Rejected
2110,3, Not Graduate, No,9100000,27400000,18,652,8500000,7300000,31700000,6800000, Approved
2111,2, Graduate, Yes,1100000,3700000,2,806,2700000,800000,2900000,500000, Approved
2112,4, Not Graduate, No,1700000,4500000,12,821,3200000,1900000,4900000,1500000, Approved
2113,5, Graduate, Yes,9200000,28800000,20,618,14300000,10800000,33900000,10600000, Approved
2114,2, Not Graduate, Yes,8300000,20600000,12,729,22400000,9000000,31400000,8400000, Approved
2115,5, Not Graduate, Yes,5000000,10600000,6,839,12600000,8600000,19800000,3500000, Approved
2116,3, Graduate, No,2200000,6400000,2,318,1400000,2100000,4300000,1500000, Rejected
2117,2, Graduate, No,4500000,9600000,16,404,1800000,6000000,17000000,2700000, Rejected
2118,5, Not Graduate, Yes,4100000,9000000,6,581,6600000,1500000,11300000,3400000, Approved
2119,1, Not Graduate, No,2800000,6800000,18,596,7900000,400000,7300000,1500000, Approved
2120,1, Not Graduate, No,6600000,20700000,4,415,12800000,11900000,17700000,3900000, Approved
2121,3, Not Graduate, Yes,3200000,7200000,6,728,4800000,2000000,8000000,4600000, Approved
2122,0, Not Graduate, No,6300000,13300000,2,666,8800000,4000000,14200000,4900000, Approved
2123,2, Graduate, No,4700000,17700000,14,675,5800000,7200000,13100000,6500000, Approved
2124,0, Graduate, No,4100000,15400000,16,304,3000000,5200000,16200000,3100000, Rejected
2125,5, Graduate, Yes,7100000,15500000,4,474,7600000,9000000,22400000,9400000, Rejected
2126,4, Graduate, Yes,4900000,10200000,18,370,10900000,2200000,13700000,6600000, Rejected
2127,4, Graduate, No,5600000,20300000,20,596,5100000,10900000,12700000,7900000, Approved
2128,4, Graduate, No,3400000,8300000,2,567,5700000,1900000,10200000,2700000, Approved
2129,3, Not Graduate, No,4500000,16100000,16,671,10500000,3600000,12400000,5800000, Approved
2130,2, Graduate, No,300000,800000,18,819,300000,300000,900000,400000, Approved
2131,5, Not Graduate, Yes,7600000,23000000,10,829,3100000,7300000,17600000,7300000, Approved
2132,5, Graduate, No,500000,1200000,12,454,1400000,500000,1000000,300000, Rejected
2133,0, Graduate, Yes,5900000,15200000,16,399,15200000,3200000,12200000,6500000, Rejected
2134,0, Graduate, No,7100000,20700000,10,784,9500000,11400000,27900000,8600000, Approved
2135,2, Not Graduate, Yes,8500000,26900000,6,538,21300000,16400000,21500000,4600000, Rejected
2136,0, Graduate, Yes,6400000,16900000,16,759,16200000,7100000,15200000,3100000, Approved
2137,2, Graduate, No,7100000,21400000,12,699,11400000,13400000,22600000,4800000, Approved
2138,5, Not Graduate, No,1800000,5400000,14,347,3800000,1300000,4900000,1700000, Rejected
2139,3, Not Graduate, Yes,6600000,25200000,20,598,13100000,3600000,20700000,8600000, Approved
2140,4, Graduate, Yes,8800000,27100000,2,406,16300000,6200000,26100000,5800000, Approved
2141,2, Not Graduate, No,4800000,15800000,20,860,1700000,3300000,13400000,5100000, Approved
2142,5, Graduate, Yes,4400000,16500000,10,806,3500000,4400000,11200000,2800000, Approved
2143,0, Not Graduate, No,2000000,6900000,2,448,2700000,3800000,7100000,1600000, Approved
2144,2, Graduate, No,6800000,22600000,20,393,2100000,2200000,20300000,8200000, Rejected
2145,5, Not Graduate, Yes,6600000,16000000,12,811,13100000,5000000,14700000,5000000, Approved
2146,2, Graduate, No,3300000,7900000,20,829,4800000,2100000,13200000,2600000, Approved
2147,3, Not Graduate, No,7400000,23400000,16,700,19300000,3000000,20700000,8900000, Approved
2148,0, Not Graduate, Yes,4500000,12400000,18,719,10300000,200000,9200000,3100000, Approved
2149,1, Not Graduate, Yes,9500000,30500000,12,430,5400000,8000000,30800000,10500000, Rejected
2150,1, Graduate, No,800000,3000000,4,338,900000,1000000,2600000,400000, Approved
2151,2, Graduate, No,4000000,13000000,4,695,6400000,6900000,15400000,4300000, Approved
2152,2, Not Graduate, No,7000000,25700000,18,374,3400000,13700000,14900000,4500000, Rejected
2153,3, Graduate, No,3500000,8500000,18,609,7300000,0,12700000,2500000, Approved
2154,3, Graduate, Yes,9700000,36000000,6,631,3500000,5500000,28500000,7500000, Approved
2155,0, Not Graduate, No,3400000,10800000,6,439,5300000,1400000,11600000,1900000, Rejected
2156,1, Graduate, Yes,4600000,13500000,20,837,5600000,7700000,11900000,2500000, Approved
2157,4, Graduate, No,3800000,10400000,10,833,7500000,2500000,14100000,4200000, Approved
2158,4, Not Graduate, Yes,4200000,9600000,20,863,7400000,900000,9100000,3400000, Approved
2159,2, Graduate, No,2500000,8700000,4,684,0,600000,9700000,2600000, Approved
2160,0, Not Graduate, Yes,7000000,24600000,6,542,6400000,2600000,24500000,4700000, Rejected
2161,1, Not Graduate, No,5300000,11500000,8,753,10000000,4200000,14400000,3000000, Approved
2162,0, Not Graduate, No,6400000,14200000,2,512,1600000,9200000,23100000,3500000, Rejected
2163,3, Not Graduate, No,3400000,8100000,12,385,6100000,4000000,10700000,4000000, Rejected
2164,4, Not Graduate, No,6700000,18800000,2,749,15600000,7900000,19900000,8600000, Approved
2165,1, Not Graduate, Yes,4600000,10100000,4,618,2200000,100000,12900000,4300000, Approved
2166,4, Graduate, Yes,900000,2500000,4,583,1300000,800000,1800000,1100000, Approved
2167,0, Graduate, No,5100000,19900000,18,655,4400000,0,17100000,7100000, Approved
2168,0, Not Graduate, Yes,7000000,20900000,20,380,11800000,10800000,21100000,6200000, Rejected
2169,3, Graduate, Yes,4100000,14700000,6,679,6600000,3700000,10500000,5600000, Approved
2170,2, Graduate, No,4600000,14800000,6,410,12900000,6800000,16100000,5800000, Rejected
2171,2, Graduate, Yes,3600000,11500000,8,590,1600000,5200000,10900000,3000000, Approved
2172,5, Graduate, No,5900000,13800000,14,397,12400000,600000,20400000,3000000, Rejected
2173,2, Graduate, No,600000,2100000,16,425,900000,500000,2300000,300000, Rejected
2174,0, Graduate, No,4900000,16400000,2,383,3300000,3500000,15000000,5800000, Approved
2175,5, Graduate, Yes,6400000,23900000,6,406,14700000,12400000,25400000,4300000, Rejected
2176,2, Graduate, No,7000000,19800000,10,563,3900000,9400000,22800000,8000000, Approved
2177,3, Graduate, Yes,6700000,13400000,14,782,4900000,4000000,25800000,9600000, Approved
2178,1, Not Graduate, Yes,800000,2200000,4,852,900000,200000,2200000,1000000, Approved
2179,5, Not Graduate, No,7600000,27800000,2,753,18400000,12200000,16900000,8000000, Approved
2180,5, Graduate, Yes,3200000,7600000,4,489,5000000,2900000,10600000,1900000, Rejected
2181,2, Not Graduate, Yes,4900000,13800000,2,586,9900000,1400000,9900000,7000000, Approved
2182,3, Not Graduate, No,7200000,20800000,16,560,2100000,10700000,21100000,3600000, Approved
2183,3, Graduate, No,5600000,20600000,6,487,6400000,9700000,20200000,4100000, Rejected
2184,4, Graduate, Yes,7300000,18300000,8,434,10000000,2900000,26800000,6700000, Rejected
2185,4, Not Graduate, No,3300000,7000000,20,504,8200000,3200000,7300000,2500000, Rejected
2186,2, Graduate, Yes,9200000,25300000,4,827,25900000,15900000,19300000,11000000, Approved
2187,3, Not Graduate, Yes,8100000,23300000,20,657,15700000,2900000,28100000,6200000, Approved
2188,5, Graduate, No,6600000,21400000,10,447,12700000,11100000,20200000,6400000, Rejected
2189,0, Graduate, Yes,4200000,13600000,4,834,8700000,3400000,12000000,3100000, Approved
2190,2, Graduate, No,5800000,21700000,8,354,12500000,2300000,12200000,6800000, Rejected
2191,2, Graduate, Yes,5600000,21000000,18,883,9800000,1600000,20900000,6000000, Approved
2192,0, Not Graduate, Yes,3600000,9900000,12,641,10300000,2400000,9100000,2700000, Approved
2193,1, Graduate, Yes,7700000,16900000,6,621,22600000,7900000,27400000,10200000, Approved
2194,0, Graduate, Yes,7800000,23300000,10,587,12500000,9300000,27500000,9700000, Approved
2195,3, Not Graduate, No,5700000,15400000,16,424,4700000,3000000,16400000,5600000, Rejected
2196,5, Graduate, No,6300000,20500000,14,515,4300000,3600000,18300000,9100000, Rejected
2197,5, Not Graduate, Yes,2300000,4700000,18,592,1600000,3900000,6200000,2800000, Approved
2198,4, Graduate, Yes,9600000,19900000,6,319,3200000,16500000,28100000,6600000, Rejected
2199,1, Not Graduate, Yes,1000000,3900000,16,360,2500000,300000,2100000,600000, Rejected
2200,5, Graduate, Yes,7200000,27100000,12,535,8400000,12800000,28100000,4800000, Rejected
2201,2, Not Graduate, Yes,3800000,11400000,16,666,9000000,2400000,8000000,3800000, Approved
2202,4, Not Graduate, Yes,9300000,24600000,16,419,18100000,0,26700000,5100000, Rejected
2203,2, Not Graduate, Yes,7200000,21900000,12,640,0,11400000,14600000,3800000, Approved
2204,0, Graduate, No,7600000,19700000,12,545,4300000,5200000,29500000,7300000, Rejected
2205,4, Graduate, No,4500000,15300000,10,843,13200000,6900000,10800000,2200000, Approved
2206,1, Not Graduate, Yes,9900000,30900000,20,559,12100000,6100000,38600000,12100000, Approved
2207,0, Not Graduate, Yes,700000,2000000,18,650,400000,1300000,2800000,500000, Approved
2208,0, Graduate, No,3500000,12300000,16,479,9700000,6000000,7900000,4700000, Rejected
2209,1, Graduate, Yes,300000,1000000,14,324,100000,100000,1100000,100000, Rejected
2210,5, Not Graduate, Yes,5400000,16700000,2,354,1100000,4500000,19300000,5200000, Approved
2211,4, Not Graduate, Yes,2800000,8400000,10,521,1500000,1200000,9100000,3700000, Rejected
2212,5, Not Graduate, Yes,4900000,15900000,8,505,12400000,4900000,14900000,6100000, Rejected
2213,4, Not Graduate, No,600000,1700000,12,436,400000,0,1700000,700000, Rejected
2214,0, Graduate, No,3000000,8100000,6,683,3200000,4900000,10200000,3200000, Approved
2215,0, Graduate, No,1800000,5800000,18,348,2900000,700000,6700000,1000000, Rejected
2216,4, Graduate, Yes,5100000,15700000,6,867,11200000,8300000,19200000,3600000, Approved
2217,5, Graduate, No,1400000,4100000,14,880,3700000,1800000,2800000,2100000, Approved
2218,2, Graduate, Yes,6700000,25500000,10,673,11100000,8600000,25100000,5000000, Approved
2219,3, Not Graduate, No,4300000,12600000,18,482,9300000,900000,13200000,6100000, Rejected
2220,3, Graduate, Yes,7800000,19600000,4,767,18100000,10500000,20500000,7700000, Approved
2221,3, Not Graduate, No,5400000,15800000,18,760,12700000,2300000,16400000,7200000, Approved
2222,0, Not Graduate, No,500000,1900000,2,857,1100000,500000,1800000,300000, Approved
2223,1, Graduate, No,8600000,26700000,10,735,11800000,9100000,20700000,11200000, Approved
2224,3, Graduate, No,2500000,9300000,4,810,2700000,3300000,9400000,3700000, Approved
2225,4, Not Graduate, No,3000000,7200000,2,680,900000,3400000,9600000,1700000, Approved
2226,5, Not Graduate, Yes,7000000,26900000,4,889,1400000,4200000,22400000,7400000, Approved
2227,1, Not Graduate, Yes,400000,1500000,16,688,400000,300000,1200000,200000, Approved
2228,5, Not Graduate, No,5200000,13700000,16,531,8800000,4500000,15700000,2900000, Rejected
2229,3, Graduate, No,3300000,11100000,2,660,6500000,3700000,12300000,4500000, Approved
2230,1, Not Graduate, Yes,2400000,8800000,18,414,3600000,2200000,7100000,2500000, Rejected
2231,4, Graduate, Yes,5800000,15800000,14,528,6300000,100000,21400000,8700000, Rejected
2232,4, Not Graduate, Yes,9400000,20000000,12,817,3600000,1600000,34400000,8000000, Approved
2233,2, Not Graduate, No,6100000,15300000,2,799,7100000,5500000,17800000,5300000, Approved
2234,1, Graduate, Yes,7500000,21400000,20,655,13000000,10300000,28100000,8100000, Approved
2235,2, Not Graduate, No,4100000,16200000,6,546,3500000,3100000,15100000,3700000, Rejected
2236,3, Not Graduate, No,8500000,30800000,14,745,11000000,8200000,19400000,7200000, Approved
2237,0, Graduate, No,4300000,16900000,8,884,6500000,5400000,12000000,3700000, Approved
2238,5, Not Graduate, No,9300000,22000000,4,822,20900000,10000000,24200000,12100000, Approved
2239,4, Not Graduate, No,6000000,18700000,2,623,4300000,4000000,19100000,5700000, Approved
2240,1, Not Graduate, Yes,5300000,18900000,16,361,300000,5000000,11900000,5500000, Rejected
2241,5, Not Graduate, Yes,7400000,16200000,2,778,17000000,2700000,19400000,9200000, Approved
2242,1, Not Graduate, Yes,1100000,3800000,8,779,600000,1800000,4000000,1600000, Approved
2243,1, Graduate, Yes,6600000,20700000,4,594,4800000,200000,26400000,8900000, Approved
2244,3, Graduate, No,8200000,28300000,2,530,15000000,10500000,20200000,12100000, Approved
2245,3, Not Graduate, No,3300000,9300000,12,324,5300000,2600000,7500000,2000000, Rejected
2246,4, Graduate, Yes,2500000,9000000,10,394,6700000,2000000,7300000,3000000, Rejected
2247,3, Graduate, Yes,3300000,10400000,12,816,7100000,6300000,11800000,4900000, Approved
2248,5, Not Graduate, No,1000000,2300000,16,423,1700000,700000,2900000,1400000, Rejected
2249,5, Graduate, Yes,6200000,12800000,2,539,5600000,9800000,22300000,4800000, Rejected
2250,1, Graduate, No,7000000,21000000,20,554,16900000,6600000,14600000,5600000, Approved
2251,2, Graduate, Yes,7000000,19000000,6,523,5300000,9300000,25800000,9500000, Rejected
2252,1, Not Graduate, Yes,5300000,12000000,10,852,400000,10400000,18900000,5000000, Approved
2253,0, Not Graduate, Yes,1800000,3700000,2,505,3900000,2400000,4500000,1400000, Rejected
2254,0, Graduate, Yes,2300000,7900000,10,430,6600000,2800000,8100000,1900000, Rejected
2255,2, Graduate, No,4000000,9200000,16,784,3200000,600000,13000000,4900000, Approved
2256,1, Not Graduate, No,8900000,24000000,6,380,16500000,7400000,27700000,7500000, Rejected
2257,3, Graduate, No,8000000,18600000,20,565,1600000,8600000,22500000,9400000, Approved
2258,4, Graduate, Yes,7900000,26900000,14,446,17900000,7300000,16500000,8200000, Rejected
2259,5, Graduate, Yes,6700000,20200000,8,406,6900000,4900000,15300000,7100000, Rejected
2260,4, Not Graduate, No,2400000,6000000,6,712,6800000,2200000,6000000,1200000, Approved
2261,4, Not Graduate, No,8600000,22600000,14,729,300000,16200000,20500000,11900000, Approved
2262,1, Not Graduate, Yes,5300000,14600000,20,508,11200000,2800000,17000000,4600000, Rejected
2263,0, Graduate, No,7400000,24900000,20,648,7100000,7900000,23300000,6200000, Approved
2264,0, Not Graduate, Yes,8700000,18700000,10,346,1200000,1800000,30700000,8200000, Rejected
2265,5, Graduate, No,8200000,18500000,4,394,9600000,5700000,27400000,11100000, Rejected
2266,0, Not Graduate, Yes,3700000,9700000,12,501,2600000,6600000,9200000,4600000, Rejected
2267,5, Not Graduate, Yes,9200000,36300000,2,655,3000000,1200000,32200000,8700000, Approved
2268,4, Not Graduate, No,6100000,20900000,4,662,10200000,7000000,23300000,4100000, Approved
2269,2, Graduate, Yes,8800000,30800000,20,820,700000,4800000,25900000,12700000, Approved
2270,5, Not Graduate, No,9200000,18900000,10,521,8300000,14500000,23400000,6900000, Rejected
2271,3, Graduate, No,7200000,27900000,12,473,21100000,8800000,27800000,8700000, Rejected
2272,1, Graduate, No,600000,1200000,10,561,900000,300000,1400000,600000, Approved
2273,5, Graduate, No,8000000,23100000,20,461,5900000,2400000,29300000,7200000, Rejected
2274,4, Graduate, Yes,6900000,13800000,16,715,2100000,6100000,20900000,8200000, Approved
2275,0, Not Graduate, Yes,4300000,15600000,18,440,6200000,1300000,10000000,4700000, Rejected
2276,3, Not Graduate, Yes,8500000,24900000,18,749,9600000,1200000,31700000,10100000, Approved
2277,4, Not Graduate, No,8600000,17400000,2,787,11700000,10600000,18400000,10600000, Approved
2278,3, Graduate, No,6300000,13900000,18,748,17700000,8800000,21700000,8600000, Approved
2279,3, Not Graduate, Yes,5800000,13600000,12,321,1700000,3300000,22300000,3400000, Rejected
2280,3, Graduate, Yes,1000000,2300000,10,303,1000000,400000,2500000,1000000, Rejected
2281,0, Not Graduate, Yes,1700000,5400000,8,682,2400000,1000000,3900000,2100000, Approved
2282,2, Not Graduate, No,3200000,8600000,18,638,1000000,4900000,8600000,3500000, Approved
2283,0, Graduate, Yes,7500000,16600000,14,440,17200000,14500000,24100000,10300000, Rejected
2284,1, Not Graduate, Yes,2000000,6600000,10,873,1400000,200000,6300000,2400000, Approved
2285,3, Not Graduate, No,9100000,19700000,20,437,6300000,13700000,23700000,12900000, Rejected
2286,4, Graduate, Yes,8400000,19700000,8,796,17900000,9200000,20200000,7700000, Approved
2287,4, Graduate, No,7100000,27200000,16,824,2400000,8000000,22400000,3900000, Approved
2288,2, Not Graduate, No,200000,800000,6,338,100000,0,400000,100000, Rejected
2289,0, Not Graduate, Yes,5000000,14900000,12,575,12800000,1500000,12300000,6600000, Approved
2290,0, Not Graduate, Yes,4500000,16900000,8,773,6300000,6800000,14000000,6000000, Approved
2291,2, Not Graduate, Yes,5100000,19700000,2,733,0,4500000,12900000,6200000, Approved
2292,3, Graduate, Yes,4100000,10600000,14,475,5400000,4300000,13900000,4500000, Rejected
2293,1, Not Graduate, No,7200000,15000000,10,677,10600000,3900000,24500000,4100000, Approved
2294,3, Not Graduate, No,7800000,17700000,6,403,12600000,3700000,24700000,10000000, Rejected
2295,3, Graduate, Yes,7500000,25300000,12,767,13200000,10800000,19400000,9600000, Approved
2296,3, Graduate, Yes,6400000,21000000,2,813,3900000,10900000,20500000,4400000, Approved
2297,4, Graduate, No,7000000,25700000,20,597,19900000,13500000,27500000,10100000, Approved
2298,4, Not Graduate, Yes,9000000,31100000,8,896,7100000,4400000,23400000,13100000, Approved
2299,2, Not Graduate, Yes,4400000,13900000,6,810,13200000,4200000,15000000,5200000, Approved
2300,2, Not Graduate, No,900000,2000000,14,337,1700000,0,2100000,600000, Rejected
2301,1, Graduate, No,9800000,26900000,18,792,15900000,14100000,25200000,11900000, Approved
2302,4, Not Graduate, No,600000,1600000,6,784,300000,100000,1900000,500000, Approved
2303,5, Graduate, Yes,9700000,30100000,12,434,19600000,17900000,21000000,6900000, Rejected
2304,2, Graduate, Yes,8400000,32600000,10,384,13900000,1600000,21600000,7000000, Rejected
2305,1, Graduate, No,8300000,24900000,10,642,11500000,15400000,21600000,5800000, Approved
2306,4, Graduate, No,7900000,29900000,8,314,22000000,4600000,26000000,8100000, Rejected
2307,1, Not Graduate, No,8600000,25900000,2,606,3700000,14900000,32700000,12200000, Approved
2308,5, Not Graduate, Yes,6700000,17600000,14,843,12700000,200000,19500000,5600000, Approved
2309,0, Graduate, No,2700000,7400000,10,778,6800000,800000,5600000,2800000, Approved
2310,0, Not Graduate, No,6600000,25600000,8,718,12600000,12200000,21700000,9000000, Approved
2311,1, Graduate, Yes,7100000,20800000,20,437,9600000,7300000,24700000,8800000, Rejected
2312,5, Graduate, Yes,300000,700000,10,586,0,400000,1000000,100000, Approved
2313,2, Graduate, No,2200000,7000000,6,777,6100000,400000,4400000,3300000, Approved
2314,1, Graduate, Yes,8700000,31700000,12,525,7800000,10200000,30300000,6100000, Rejected
2315,4, Graduate, No,7200000,23100000,12,632,4600000,8500000,19400000,4400000, Approved
2316,0, Not Graduate, No,2000000,4800000,20,337,1300000,2200000,5500000,1700000, Rejected
2317,4, Graduate, Yes,8600000,27900000,8,458,22400000,1800000,34000000,11700000, Rejected
2318,2, Graduate, Yes,2300000,5400000,8,364,4500000,500000,7000000,2000000, Rejected
2319,2, Not Graduate, Yes,9600000,29800000,16,499,28500000,6300000,31800000,7400000, Rejected
2320,2, Graduate, Yes,1900000,6500000,16,887,2000000,1200000,4500000,1700000, Approved
2321,1, Graduate, No,2100000,6300000,16,882,3900000,2200000,7700000,2900000, Approved
2322,1, Not Graduate, Yes,3900000,8700000,8,817,900000,2500000,10700000,2100000, Approved
2323,5, Not Graduate, Yes,200000,300000,10,704,500000,100000,800000,200000, Approved
2324,1, Not Graduate, Yes,1900000,4500000,12,742,1200000,2000000,4400000,1200000, Approved
2325,0, Not Graduate, Yes,3200000,11600000,4,393,4700000,300000,8000000,3100000, Approved
2326,0, Not Graduate, No,1100000,4300000,18,828,700000,800000,2900000,900000, Approved
2327,5, Graduate, Yes,8000000,21500000,12,779,2600000,15100000,29800000,10400000, Approved
2328,4, Graduate, Yes,6100000,21700000,6,860,13900000,900000,14100000,5600000, Approved
2329,5, Graduate, No,3200000,10600000,2,432,6500000,3700000,11200000,3700000, Approved
2330,4, Graduate, Yes,9000000,30400000,20,532,21000000,7400000,30500000,13100000, Rejected
2331,0, Not Graduate, Yes,1200000,3200000,2,678,1500000,1000000,3400000,900000, Approved
2332,3, Graduate, No,7900000,27000000,6,601,17700000,7800000,27600000,11500000, Approved
2333,3, Graduate, Yes,7700000,23100000,8,807,2900000,9800000,20400000,7000000, Approved
2334,2, Not Graduate, No,4400000,16500000,16,879,7800000,7500000,10300000,5400000, Approved
2335,1, Not Graduate, No,3100000,11200000,18,665,2000000,5400000,12000000,2500000, Approved
2336,5, Not Graduate, Yes,2600000,9300000,16,697,5100000,1200000,7700000,3700000, Approved
2337,4, Graduate, No,5500000,21700000,14,867,5000000,8700000,15200000,3100000, Approved
2338,1, Graduate, No,5700000,15500000,8,544,10500000,8700000,20900000,7000000, Rejected
2339,5, Graduate, No,6100000,20700000,20,482,9400000,2000000,16900000,5900000, Rejected
2340,2, Graduate, No,8200000,22500000,18,857,13400000,14300000,28400000,8400000, Approved
2341,1, Graduate, No,6000000,21200000,12,549,17900000,8200000,16900000,6200000, Rejected
2342,1, Graduate, Yes,8000000,30600000,10,720,23700000,8500000,24900000,9700000, Approved
2343,4, Not Graduate, No,2000000,4800000,8,302,1500000,800000,4000000,2600000, Rejected
2344,5, Graduate, Yes,1300000,2900000,12,669,400000,1700000,3900000,1800000, Approved
2345,1, Graduate, No,7000000,27100000,6,591,6700000,12200000,21500000,4900000, Approved
2346,3, Graduate, No,4100000,15300000,6,440,7500000,5100000,8200000,2000000, Rejected
2347,3, Graduate, No,8000000,26200000,16,890,15800000,4300000,25000000,4000000, Approved
2348,4, Not Graduate, No,8100000,28000000,8,663,8800000,11300000,26000000,5500000, Approved
2349,4, Graduate, Yes,9500000,22600000,14,433,10000000,900000,23100000,13400000, Rejected
2350,0, Graduate, No,9200000,22500000,10,317,14200000,17400000,28500000,10700000, Rejected
2351,2, Graduate, No,3900000,14700000,16,360,2600000,200000,8300000,2900000, Rejected
2352,1, Graduate, No,9100000,26200000,8,727,20800000,7100000,27800000,8900000, Approved
2353,3, Graduate, Yes,3000000,8300000,4,685,2900000,5400000,11300000,3800000, Approved
2354,4, Graduate, No,2000000,4300000,8,373,2000000,2700000,7700000,2200000, Rejected
2355,5, Graduate, No,6300000,14600000,8,469,13300000,10100000,24500000,3800000, Rejected
2356,3, Not Graduate, Yes,4100000,10900000,8,548,8800000,5200000,13200000,4300000, Rejected
2357,0, Not Graduate, No,9800000,29400000,20,618,1200000,14600000,33800000,8300000, Approved
2358,2, Graduate, No,5200000,15400000,8,658,1200000,7500000,12800000,3200000, Approved
2359,3, Graduate, No,7600000,28700000,18,781,21300000,12400000,29600000,8000000, Approved
2360,3, Not Graduate, No,9200000,35500000,2,715,11100000,11800000,19800000,11700000, Approved
2361,5, Not Graduate, No,2200000,8100000,4,409,300000,0,4900000,2400000, Rejected
2362,2, Not Graduate, Yes,8300000,20600000,10,504,100000,900000,33200000,6700000, Rejected
2363,3, Graduate, Yes,6100000,21600000,16,428,2900000,6100000,15100000,7200000, Rejected
2364,2, Graduate, No,4500000,16600000,20,704,6400000,4200000,16900000,2400000, Approved
2365,3, Not Graduate, No,6600000,18800000,12,834,18800000,9300000,13700000,4800000, Approved
2366,4, Not Graduate, No,8900000,34900000,14,694,15400000,2800000,20600000,9100000, Approved
2367,4, Graduate, Yes,3900000,13300000,20,453,9800000,500000,12300000,4700000, Rejected
2368,3, Graduate, Yes,8900000,35400000,14,404,22300000,7700000,26400000,5900000, Rejected
2369,5, Not Graduate, No,6400000,22300000,12,776,500000,9100000,24100000,5800000, Approved
2370,1, Not Graduate, Yes,9500000,28700000,16,526,24600000,4900000,31800000,6600000, Rejected
2371,3, Graduate, Yes,300000,1000000,8,641,700000,200000,1100000,200000, Approved
2372,5, Not Graduate, No,4100000,12300000,6,582,10900000,6100000,14100000,3500000, Approved
2373,2, Graduate, No,8100000,20800000,18,778,4100000,15500000,16700000,10600000, Approved
2374,4, Graduate, No,9900000,28400000,10,763,23700000,12700000,35800000,5800000, Approved
2375,0, Not Graduate, No,4800000,19000000,12,650,7000000,1000000,15600000,4800000, Approved
2376,0, Graduate, Yes,2900000,9700000,2,820,6700000,1600000,9100000,3900000, Approved
2377,1, Not Graduate, Yes,3500000,13500000,12,824,8400000,3900000,11600000,4100000, Approved
2378,1, Not Graduate, Yes,4900000,12600000,4,718,11800000,7300000,11800000,3800000, Approved
2379,2, Not Graduate, Yes,5100000,13300000,14,313,5900000,7900000,18000000,3900000, Rejected
2380,5, Graduate, No,7300000,26200000,10,751,1400000,12200000,26700000,10400000, Approved
2381,0, Graduate, Yes,200000,300000,18,520,100000,300000,600000,100000, Rejected
2382,2, Graduate, No,1400000,4700000,4,355,2100000,600000,4400000,1400000, Approved
2383,3, Graduate, Yes,8700000,33600000,14,314,7700000,10000000,21700000,6200000, Rejected
2384,1, Not Graduate, Yes,2800000,5900000,20,728,1000000,3200000,10300000,1400000, Approved
2385,3, Graduate, Yes,9100000,30100000,14,564,26600000,7300000,22700000,8200000, Approved
2386,0, Not Graduate, Yes,6800000,15300000,14,699,19900000,2600000,13900000,8300000, Approved
2387,0, Not Graduate, Yes,5000000,17000000,6,624,6700000,6200000,15400000,5900000, Approved
2388,0, Graduate, Yes,4400000,16800000,14,795,8700000,8700000,12600000,3400000, Approved
2389,5, Not Graduate, Yes,8400000,18600000,20,703,2500000,7100000,28800000,9500000, Approved
2390,4, Graduate, No,7800000,17300000,4,394,3600000,13100000,24300000,7200000, Rejected
2391,4, Graduate, Yes,4800000,9900000,14,779,5200000,9300000,18600000,2900000, Approved
2392,1, Graduate, No,3200000,8800000,4,405,1000000,2600000,10700000,3400000, Rejected
2393,5, Graduate, Yes,2300000,6700000,16,612,6700000,3300000,8800000,2000000, Approved
2394,5, Not Graduate, Yes,9200000,28100000,10,448,22300000,3300000,33200000,10700000, Rejected
2395,2, Not Graduate, Yes,4700000,13700000,6,506,1300000,7900000,16700000,3500000, Rejected
2396,0, Not Graduate, Yes,8000000,30400000,2,776,16600000,1400000,29100000,7800000, Approved
2397,1, Graduate, Yes,2600000,8600000,6,730,800000,2900000,6000000,3100000, Approved
2398,3, Not Graduate, No,200000,800000,20,730,0,300000,400000,300000, Approved
2399,5, Graduate, No,7300000,17200000,2,345,6100000,8400000,23200000,4900000, Rejected
2400,4, Not Graduate, No,3300000,11800000,2,847,7800000,2400000,12100000,3000000, Approved
2401,4, Not Graduate, No,8300000,23300000,20,398,18500000,11500000,17100000,9900000, Rejected
2402,5, Not Graduate, Yes,4100000,9600000,2,307,8800000,7800000,8500000,3100000, Rejected
2403,1, Not Graduate, No,7300000,23700000,16,852,9400000,6800000,22600000,8500000, Approved
2404,1, Not Graduate, No,9300000,27500000,6,364,12200000,13800000,25300000,10800000, Rejected
2405,2, Graduate, Yes,4300000,15200000,12,552,3400000,2100000,12700000,4800000, Approved
2406,3, Not Graduate, No,2600000,8100000,2,421,4200000,3100000,6200000,2500000, Approved
2407,5, Graduate, No,2900000,9800000,12,588,5900000,2300000,6800000,2900000, Approved
2408,2, Graduate, Yes,900000,3500000,6,763,2300000,300000,2000000,600000, Approved
2409,3, Not Graduate, Yes,4900000,17500000,20,823,12600000,8700000,14300000,4800000, Approved
2410,0, Graduate, No,7700000,24800000,10,642,16800000,10700000,27400000,4500000, Approved
2411,1, Graduate, No,4700000,16800000,12,647,10400000,8300000,10600000,3400000, Approved
2412,5, Not Graduate, No,3000000,8900000,20,886,2600000,1000000,10600000,2800000, Approved
2413,4, Not Graduate, No,9700000,26200000,4,518,26200000,0,22500000,14000000, Rejected
2414,0, Graduate, Yes,6900000,26800000,20,515,10800000,2500000,16700000,8300000, Rejected
2415,2, Not Graduate, Yes,3800000,12400000,8,340,1800000,2600000,9700000,2600000, Rejected
2416,3, Not Graduate, Yes,600000,1700000,14,521,0,1000000,1700000,600000, Rejected
2417,2, Not Graduate, Yes,1200000,2900000,12,330,400000,1600000,3800000,600000, Rejected
2418,4, Not Graduate, Yes,7800000,26800000,2,474,8900000,11200000,18400000,5600000, Approved
2419,0, Not Graduate, No,9000000,35100000,6,898,500000,16200000,20700000,9100000, Approved
2420,1, Not Graduate, No,2800000,9100000,12,436,3600000,500000,7800000,3600000, Rejected
2421,1, Not Graduate, No,7800000,21300000,10,326,22800000,10700000,18500000,4500000, Rejected
2422,4, Graduate, Yes,4700000,9500000,18,876,11800000,6600000,18000000,4100000, Approved
2423,2, Graduate, No,4600000,17500000,20,597,11400000,6100000,14100000,4100000, Approved
2424,4, Graduate, No,5100000,16100000,14,436,11400000,2700000,13100000,6700000, Rejected
2425,3, Not Graduate, Yes,6100000,22800000,18,640,16800000,7300000,19600000,6000000, Approved
2426,0, Not Graduate, No,6000000,22900000,16,302,12200000,6500000,17700000,7100000, Rejected
2427,2, Not Graduate, No,8400000,23200000,16,476,15200000,5400000,18700000,8600000, Rejected
2428,2, Graduate, No,9300000,22000000,14,393,4300000,3800000,28400000,13900000, Rejected
2429,0, Graduate, No,4200000,10300000,10,506,9300000,4500000,12400000,6000000, Rejected
2430,3, Graduate, No,9600000,37800000,10,418,6700000,5500000,34900000,11300000, Rejected
2431,3, Graduate, No,5600000,13400000,6,865,14900000,9700000,12300000,6000000, Approved
2432,4, Graduate, No,7800000,28600000,2,703,500000,12400000,29500000,10500000, Approved
2433,2, Graduate, Yes,4500000,12600000,2,568,6900000,3900000,17800000,2900000, Approved
2434,3, Graduate, No,2400000,5900000,2,425,1100000,500000,7400000,2500000, Rejected
2435,0, Not Graduate, No,3900000,11300000,12,305,5000000,5900000,8800000,2100000, Rejected
2436,5, Graduate, Yes,9600000,20600000,6,456,17300000,11000000,21700000,11600000, Rejected
2437,4, Not Graduate, No,900000,2600000,2,602,600000,800000,3200000,1000000, Approved
2438,3, Graduate, Yes,1100000,3800000,20,814,1400000,1500000,3200000,1100000, Approved
2439,4, Not Graduate, No,6400000,24900000,2,640,10000000,5700000,18700000,6300000, Approved
2440,2, Graduate, No,4600000,15000000,4,817,7200000,2400000,13000000,6600000, Approved
2441,4, Graduate, No,7600000,29800000,20,361,13800000,5800000,15300000,5900000, Rejected
2442,5, Not Graduate, No,6800000,20100000,14,839,1900000,600000,15600000,7500000, Approved
2443,5, Graduate, No,7100000,27000000,20,592,5100000,9600000,20200000,7600000, Approved
2444,4, Not Graduate, Yes,6700000,24700000,6,498,12900000,700000,18800000,8400000, Rejected
2445,5, Not Graduate, Yes,5800000,12400000,6,847,5100000,9000000,14100000,7600000, Approved
2446,0, Graduate, Yes,8600000,29400000,16,643,1000000,14100000,33000000,12300000, Approved
2447,0, Graduate, Yes,3500000,10600000,4,389,8300000,4800000,9100000,2500000, Approved
2448,2, Graduate, Yes,4800000,17500000,20,381,400000,6900000,13400000,7000000, Rejected
2449,5, Graduate, Yes,6100000,14400000,16,400,9200000,2800000,23800000,5600000, Rejected
2450,5, Graduate, Yes,5200000,12700000,16,718,11700000,100000,18100000,7200000, Approved
2451,5, Not Graduate, Yes,4100000,12400000,8,309,8200000,1000000,13000000,3300000, Rejected
2452,5, Not Graduate, No,3200000,7400000,2,838,2200000,2900000,10200000,3600000, Approved
2453,3, Not Graduate, Yes,7500000,21600000,14,678,8800000,12100000,20100000,11200000, Approved
2454,2, Not Graduate, Yes,1500000,4500000,14,826,3200000,1700000,4600000,1600000, Approved
2455,4, Graduate, Yes,1200000,3100000,16,348,1200000,2200000,3500000,1700000, Rejected
2456,1, Graduate, Yes,8400000,19700000,6,476,24700000,16500000,31800000,12100000, Rejected
2457,0, Not Graduate, Yes,7900000,26300000,8,666,4600000,9200000,18400000,11800000, Approved
2458,1, Graduate, Yes,2100000,4300000,20,896,100000,2300000,7500000,2300000, Approved
2459,2, Graduate, No,2500000,7000000,20,547,800000,1200000,5200000,2300000, Rejected
2460,2, Not Graduate, Yes,3700000,13900000,2,405,5900000,3200000,9100000,5500000, Approved
2461,5, Graduate, No,1100000,4000000,16,498,400000,100000,2300000,700000, Rejected
2462,5, Graduate, No,6500000,24800000,8,779,7000000,9600000,15700000,8800000, Approved
2463,0, Not Graduate, Yes,8200000,31500000,8,403,11500000,8800000,19000000,6100000, Rejected
2464,2, Not Graduate, No,5000000,12400000,8,709,11300000,6800000,13300000,4200000, Approved
2465,1, Not Graduate, No,1500000,6000000,6,507,2600000,2700000,4800000,1900000, Rejected
2466,5, Not Graduate, No,3700000,9100000,18,368,3400000,2400000,8400000,3300000, Rejected
2467,3, Graduate, Yes,4100000,14600000,16,760,4700000,6600000,14900000,3000000, Approved
2468,2, Not Graduate, No,7200000,16800000,6,796,6600000,6100000,14400000,9800000, Approved
2469,1, Graduate, No,2000000,5000000,6,876,500000,2900000,5800000,1500000, Approved
2470,3, Not Graduate, No,2000000,4700000,14,673,800000,3400000,5900000,1500000, Approved
2471,1, Graduate, Yes,5100000,11500000,4,747,5000000,8900000,14100000,7000000, Approved
2472,1, Not Graduate, No,6000000,13600000,12,589,9000000,300000,12600000,7100000, Approved
2473,1, Graduate, No,4900000,18100000,8,382,13600000,400000,15500000,2400000, Rejected
2474,3, Not Graduate, Yes,900000,2300000,12,900,1300000,0,3300000,1100000, Approved
2475,1, Graduate, Yes,7500000,25000000,18,628,3500000,2200000,21700000,4700000, Approved
2476,2, Graduate, No,6400000,25000000,12,667,13500000,5500000,25500000,5400000, Approved
2477,2, Graduate, Yes,8700000,26400000,2,778,8500000,2400000,28800000,10300000, Approved
2478,4, Graduate, Yes,7300000,17200000,18,831,18500000,4300000,23000000,5200000, Approved
2479,5, Graduate, No,7400000,27100000,4,320,19800000,14600000,25200000,9400000, Approved
2480,2, Graduate, No,2700000,9300000,16,656,7700000,2500000,6400000,3600000, Approved
2481,3, Graduate, No,3400000,8900000,6,896,4200000,4800000,10200000,4200000, Approved
2482,3, Not Graduate, Yes,2100000,7400000,4,320,3300000,2700000,6300000,2200000, Approved
2483,2, Not Graduate, No,3100000,10500000,10,751,5500000,5900000,9000000,1600000, Approved
2484,5, Not Graduate, No,4700000,17400000,2,523,10600000,7000000,10900000,5200000, Approved
2485,5, Graduate, No,3100000,10500000,6,584,7700000,2100000,10900000,2900000, Approved
2486,2, Not Graduate, No,5700000,20400000,2,630,3000000,3100000,22600000,2900000, Approved
2487,3, Graduate, Yes,2300000,8000000,14,472,4400000,3300000,7700000,1800000, Rejected
2488,0, Not Graduate, Yes,6600000,18500000,16,802,14600000,1100000,21800000,9700000, Approved
2489,2, Graduate, Yes,2700000,6400000,18,547,5000000,1700000,9200000,1700000, Rejected
2490,1, Not Graduate, Yes,800000,2800000,16,726,2000000,1300000,3100000,1200000, Approved
2491,1, Graduate, No,6600000,18500000,8,712,2300000,3200000,24400000,7600000, Approved
2492,3, Graduate, No,3900000,10700000,6,790,10600000,1900000,12500000,2700000, Approved
2493,5, Not Graduate, No,200000,600000,16,396,0,0,500000,200000, Rejected
2494,3, Graduate, No,2000000,4200000,6,831,1300000,1700000,6900000,1200000, Approved
2495,2, Graduate, Yes,9100000,20900000,20,632,4200000,400000,30000000,13200000, Approved
2496,3, Graduate, No,4700000,10800000,8,527,13300000,3100000,13600000,4800000, Rejected
2497,3, Not Graduate, Yes,3200000,11100000,6,708,8900000,5700000,8100000,1500000, Approved
2498,2, Not Graduate, No,1700000,4200000,14,829,200000,1600000,4600000,1600000, Approved
2499,1, Not Graduate, No,2600000,8100000,12,854,4500000,5100000,6300000,2500000, Approved
2500,3, Not Graduate, Yes,2700000,6700000,14,899,2400000,4200000,6000000,2000000, Approved
2501,0, Not Graduate, Yes,3600000,13400000,6,589,3600000,0,11200000,4000000, Approved
2502,4, Graduate, Yes,7200000,26000000,6,571,4700000,0,22600000,4200000, Approved
2503,2, Not Graduate, Yes,2500000,6400000,6,708,6900000,200000,9900000,3500000, Approved
2504,2, Not Graduate, No,5500000,19600000,16,328,2400000,4800000,10900000,3700000, Rejected
2505,3, Graduate, Yes,9200000,33500000,8,564,20800000,15200000,29800000,11400000, Approved
2506,3, Not Graduate, No,9000000,19000000,8,693,18300000,4500000,29600000,7200000, Approved
2507,4, Not Graduate, Yes,5900000,15000000,14,626,16400000,4600000,17600000,8200000, Approved
2508,4, Graduate, No,5600000,15600000,12,470,9900000,10700000,14600000,7000000, Rejected
2509,2, Not Graduate, Yes,3200000,12500000,8,849,400000,5300000,10400000,4400000, Approved
2510,5, Not Graduate, No,9100000,27800000,16,547,21900000,7000000,31900000,9400000, Rejected
2511,0, Not Graduate, Yes,4600000,15100000,2,417,5600000,3900000,11800000,6600000, Approved
2512,4, Graduate, No,7300000,14900000,2,358,13600000,12300000,20400000,7300000, Rejected
2513,5, Not Graduate, Yes,1300000,3100000,16,826,200000,1700000,5100000,1400000, Approved
2514,0, Not Graduate, No,1800000,4200000,6,836,1300000,1900000,6800000,2000000, Approved
2515,3, Graduate, No,500000,1700000,10,509,400000,300000,1400000,300000, Rejected
2516,2, Not Graduate, Yes,5700000,20500000,20,581,15200000,7800000,11400000,8500000, Approved
2517,4, Graduate, No,300000,1100000,4,359,100000,0,1000000,200000, Approved
2518,5, Graduate, Yes,2100000,7100000,10,517,1200000,2900000,5400000,1400000, Rejected
2519,1, Not Graduate, Yes,5700000,20100000,14,442,11700000,7300000,17900000,6500000, Rejected
2520,1, Not Graduate, Yes,1100000,2700000,16,346,1900000,300000,2200000,800000, Rejected
2521,5, Graduate, No,9300000,34000000,6,742,4200000,600000,32800000,8200000, Approved
2522,1, Graduate, Yes,3500000,8100000,10,626,7100000,5500000,7200000,2900000, Approved
2523,0, Not Graduate, Yes,8200000,28800000,4,619,9000000,1100000,23000000,6300000, Approved
2524,2, Not Graduate, Yes,7500000,17900000,20,734,9100000,5500000,23000000,4900000, Approved
2525,1, Graduate, Yes,7000000,25600000,6,420,15100000,11500000,15300000,8700000, Rejected
2526,5, Not Graduate, Yes,3900000,8300000,18,600,3900000,600000,10400000,5600000, Approved
2527,3, Graduate, Yes,4700000,13200000,12,440,4000000,3300000,16600000,4300000, Rejected
2528,5, Not Graduate, Yes,1700000,5200000,16,820,1700000,1200000,4000000,1000000, Approved
2529,0, Graduate, No,2500000,7800000,8,437,5800000,0,5800000,3300000, Rejected
2530,1, Not Graduate, Yes,400000,1400000,12,468,700000,0,1500000,400000, Rejected
2531,0, Not Graduate, Yes,2400000,9100000,8,368,2200000,200000,5600000,3300000, Rejected
2532,4, Graduate, No,5700000,21900000,2,871,3200000,1700000,14400000,6100000, Approved
2533,1, Graduate, No,9800000,37900000,4,816,21800000,12200000,26100000,8500000, Approved
2534,5, Graduate, No,9000000,32800000,4,773,10600000,4100000,18900000,11500000, Approved
2535,3, Not Graduate, No,800000,3000000,14,576,1200000,1300000,2600000,400000, Approved
2536,1, Graduate, No,1600000,4500000,14,673,1900000,2700000,3700000,1300000, Approved
2537,0, Graduate, Yes,9800000,34100000,20,760,21500000,9400000,33400000,13600000, Approved
2538,5, Not Graduate, Yes,2900000,7500000,12,678,3400000,3000000,10900000,3700000, Approved
2539,4, Not Graduate, Yes,3900000,12000000,14,893,6000000,4700000,12900000,5200000, Approved
2540,0, Graduate, Yes,3300000,9000000,18,754,6100000,3900000,6900000,4700000, Approved
2541,3, Graduate, Yes,700000,2200000,8,617,1600000,400000,2400000,900000, Approved
2542,3, Not Graduate, Yes,8400000,29500000,20,661,14600000,3400000,28900000,10900000, Approved
2543,1, Graduate, Yes,4000000,12100000,12,356,10500000,2500000,15600000,5000000, Rejected
2544,0, Not Graduate, Yes,1900000,6300000,16,811,1100000,100000,5100000,1900000, Approved
2545,0, Not Graduate, No,3900000,14600000,2,730,9200000,4000000,14600000,5400000, Approved
2546,5, Not Graduate, No,7400000,18000000,2,792,5300000,9400000,19900000,5300000, Approved
2547,5, Not Graduate, Yes,5900000,16000000,6,798,15900000,5000000,12300000,3100000, Approved
2548,2, Not Graduate, No,1400000,2900000,12,490,600000,1600000,5500000,1300000, Rejected
2549,2, Graduate, Yes,1800000,5500000,6,448,2900000,300000,5600000,1300000, Rejected
2550,0, Graduate, Yes,1000000,3100000,6,525,1900000,1700000,2800000,1400000, Rejected
2551,1, Graduate, No,7400000,19200000,20,415,2200000,4800000,29200000,7000000, Rejected
2552,5, Graduate, No,2700000,10600000,16,496,800000,2900000,9700000,2400000, Rejected
2553,1, Not Graduate, Yes,3600000,13100000,8,543,2900000,100000,9900000,2700000, Rejected
2554,5, Graduate, No,7000000,18400000,12,520,4700000,11900000,17000000,3800000, Rejected
2555,4, Not Graduate, Yes,5000000,18000000,14,307,5300000,5600000,12800000,3300000, Rejected
2556,2, Graduate, No,1800000,5700000,14,502,1400000,1100000,4400000,1300000, Rejected
2557,2, Graduate, Yes,4700000,12000000,6,505,3400000,3800000,18000000,2300000, Rejected
2558,2, Not Graduate, Yes,6700000,23100000,4,304,14400000,7100000,24300000,10000000, Approved
2559,5, Not Graduate, No,5800000,17500000,10,719,5800000,1900000,12400000,3100000, Approved
2560,0, Graduate, Yes,5900000,22700000,18,855,13400000,6300000,14500000,4000000, Approved
2561,4, Not Graduate, No,6000000,15800000,18,593,6800000,4800000,13200000,6400000, Approved
2562,1, Not Graduate, Yes,700000,1400000,10,523,700000,1100000,1600000,900000, Rejected
2563,0, Not Graduate, Yes,3700000,13100000,14,385,10600000,6800000,9200000,4900000, Rejected
2564,0, Graduate, Yes,7100000,19300000,6,783,3900000,4800000,21800000,5000000, Approved
2565,5, Graduate, Yes,1100000,3900000,2,538,400000,1300000,4300000,1600000, Approved
2566,3, Not Graduate, Yes,9500000,20100000,2,506,16800000,800000,32700000,11000000, Rejected
2567,4, Not Graduate, Yes,2200000,8600000,2,461,1400000,3000000,4700000,2100000, Approved
2568,4, Not Graduate, Yes,5500000,20000000,8,666,3800000,4700000,18000000,7900000, Approved
2569,3, Not Graduate, Yes,4400000,16300000,20,561,5500000,8000000,12000000,4000000, Approved
2570,5, Not Graduate, No,5000000,10800000,10,345,12300000,5000000,14100000,6300000, Rejected
2571,4, Not Graduate, Yes,6100000,12500000,14,862,11300000,1500000,21900000,6800000, Approved
2572,3, Not Graduate, No,8100000,22300000,10,686,20400000,8700000,19200000,6200000, Approved
2573,4, Graduate, Yes,7000000,19600000,8,708,17600000,2600000,24300000,4500000, Approved
2574,4, Not Graduate, No,5600000,14800000,20,656,9600000,9200000,11600000,6500000, Approved
2575,4, Graduate, No,1800000,7000000,14,743,2600000,1000000,4500000,1500000, Approved
2576,2, Graduate, No,3600000,12100000,14,408,10100000,4200000,13000000,5400000, Rejected
2577,5, Graduate, No,600000,1300000,14,408,1000000,300000,1600000,900000, Rejected
2578,1, Graduate, Yes,4900000,16500000,12,439,7500000,1400000,10300000,7200000, Rejected
2579,3, Graduate, Yes,3000000,7100000,6,415,2000000,5700000,9500000,2500000, Rejected
2580,0, Not Graduate, Yes,3800000,10600000,12,490,3300000,6500000,14400000,3100000, Rejected
2581,1, Graduate, Yes,7600000,30000000,16,884,13300000,3600000,17200000,10800000, Approved
2582,4, Graduate, No,7800000,25400000,18,425,3000000,14000000,30500000,7200000, Rejected
2583,0, Graduate, No,6800000,21700000,20,730,17500000,1300000,18600000,3600000, Approved
2584,4, Graduate, Yes,5900000,17300000,20,657,1500000,5600000,13000000,4100000, Approved
2585,2, Not Graduate, No,4900000,16800000,10,480,2200000,8900000,12600000,2700000, Rejected
2586,3, Not Graduate, Yes,1100000,3100000,16,356,1300000,100000,3000000,1600000, Rejected
2587,1, Not Graduate, Yes,9800000,36000000,12,629,28000000,4100000,29800000,11200000, Approved
2588,1, Graduate, Yes,1200000,4700000,2,667,1100000,300000,4200000,800000, Approved
2589,0, Not Graduate, No,4700000,11500000,18,559,7500000,0,18700000,2600000, Approved
2590,4, Graduate, No,6700000,16000000,4,791,0,13000000,20700000,5200000, Approved
2591,0, Not Graduate, Yes,3700000,11300000,6,538,6200000,400000,10400000,5400000, Rejected
2592,2, Graduate, No,7400000,16000000,20,358,16700000,5500000,26800000,4300000, Rejected
2593,2, Not Graduate, No,3300000,11700000,14,439,4000000,6300000,8300000,1700000, Rejected
2594,2, Graduate, Yes,4800000,15300000,12,503,3300000,4000000,12000000,4300000, Rejected
2595,4, Graduate, Yes,4600000,11900000,6,810,11200000,8200000,17500000,5200000, Approved
2596,1, Graduate, Yes,8000000,30600000,14,302,12700000,13100000,23900000,6800000, Rejected
2597,0, Not Graduate, No,4100000,8800000,18,300,10900000,6400000,8600000,3500000, Rejected
2598,4, Not Graduate, No,2600000,7200000,16,612,1300000,1000000,5800000,1400000, Approved
2599,3, Not Graduate, No,1300000,5000000,6,686,2700000,2000000,4100000,900000, Approved
2600,0, Graduate, Yes,2300000,4900000,12,409,3300000,2400000,4700000,3200000, Rejected
2601,5, Graduate, No,300000,900000,6,492,800000,300000,700000,400000, Rejected
2602,0, Graduate, Yes,7000000,21700000,20,498,6600000,5500000,14700000,3900000, Rejected
2603,3, Not Graduate, Yes,4400000,10900000,18,611,8600000,6300000,8800000,3000000, Approved
2604,5, Not Graduate, Yes,5100000,11800000,6,776,7600000,400000,10500000,4400000, Approved
2605,1, Not Graduate, No,5900000,13000000,6,779,10800000,11600000,13100000,6600000, Approved
2606,3, Graduate, Yes,7800000,27200000,16,560,3600000,8100000,21800000,8600000, Approved
2607,4, Graduate, Yes,2200000,5100000,6,308,3200000,2600000,6600000,3100000, Rejected
2608,4, Not Graduate, No,5400000,12600000,18,786,300000,2500000,21000000,6600000, Approved
2609,1, Not Graduate, No,7400000,29100000,8,597,12100000,4800000,16300000,7000000, Approved
2610,4, Graduate, No,5800000,12000000,12,811,9400000,8800000,14200000,3100000, Approved
2611,1, Graduate, Yes,5800000,13000000,12,862,11300000,8400000,12000000,3900000, Approved
2612,3, Not Graduate, Yes,4800000,14200000,12,369,3200000,200000,14000000,3000000, Rejected
2613,1, Not Graduate, Yes,7400000,23900000,4,687,20800000,10900000,26100000,5600000, Approved
2614,0, Not Graduate, Yes,9600000,19600000,12,500,21500000,700000,37600000,10900000, Rejected
2615,2, Not Graduate, Yes,200000,500000,6,746,400000,0,500000,0, Approved
2616,4, Not Graduate, No,700000,2100000,14,619,1900000,700000,2400000,1000000, Approved
2617,2, Not Graduate, No,7600000,16700000,20,692,9900000,9600000,25100000,7400000, Approved
2618,1, Not Graduate, Yes,1400000,3300000,18,321,900000,1500000,3000000,700000, Rejected
2619,2, Not Graduate, Yes,3800000,15000000,14,730,10800000,2900000,10700000,3600000, Approved
2620,3, Not Graduate, No,2700000,10800000,6,480,4400000,0,10300000,3500000, Rejected
2621,2, Not Graduate, Yes,5000000,10700000,2,753,12600000,9000000,11500000,5700000, Approved
2622,4, Graduate, Yes,9000000,28900000,6,637,11300000,1200000,33000000,4800000, Approved
2623,3, Graduate, No,3700000,9000000,6,483,9300000,400000,9900000,3600000, Rejected
2624,4, Not Graduate, Yes,300000,1100000,4,315,700000,100000,900000,100000, Approved
2625,4, Graduate, No,1800000,4100000,8,777,2200000,2500000,3600000,1900000, Approved
2626,2, Graduate, No,7900000,17700000,4,402,20900000,11800000,25600000,8400000, Rejected
2627,4, Graduate, Yes,2100000,7700000,8,493,4300000,400000,4400000,1300000, Rejected
2628,0, Graduate, Yes,900000,3100000,4,355,1700000,100000,3000000,500000, Approved
2629,3, Graduate, No,9900000,23600000,18,557,18300000,8600000,23000000,9100000, Approved
2630,0, Not Graduate, Yes,5600000,20000000,20,606,7100000,500000,20000000,7600000, Approved
2631,1, Not Graduate, Yes,6000000,12200000,16,743,8800000,2600000,20600000,2900000, Approved
2632,5, Not Graduate, No,5700000,18400000,4,579,12800000,4000000,17200000,4900000, Approved
2633,0, Graduate, Yes,9000000,33100000,20,734,2800000,5900000,25300000,10300000, Approved
2634,0, Graduate, No,7300000,16100000,2,490,7600000,1400000,21800000,10700000, Rejected
2635,5, Graduate, No,5300000,20500000,16,802,11200000,7100000,21100000,4100000, Approved
2636,1, Not Graduate, Yes,3500000,7400000,16,867,500000,6600000,9500000,2100000, Approved
2637,0, Not Graduate, No,1000000,2200000,12,302,2200000,400000,3700000,1400000, Rejected
2638,0, Not Graduate, No,5100000,19900000,12,867,1800000,7100000,18300000,5700000, Approved
2639,0, Graduate, Yes,2900000,9900000,8,312,1800000,4500000,11200000,3700000, Rejected
2640,3, Not Graduate, No,7600000,19100000,14,762,14800000,15000000,23500000,7300000, Approved
2641,5, Not Graduate, Yes,6000000,14700000,18,462,15400000,9700000,13800000,3500000, Rejected
2642,1, Graduate, No,6300000,18200000,18,849,4300000,5800000,15500000,5200000, Approved
2643,3, Not Graduate, No,1900000,7400000,18,592,2300000,3000000,6000000,1800000, Approved
2644,4, Graduate, No,600000,1400000,4,507,200000,300000,1700000,400000, Rejected
2645,2, Not Graduate, Yes,4100000,11400000,14,505,8100000,7500000,10100000,5500000, Rejected
2646,0, Not Graduate, Yes,800000,3200000,8,467,900000,400000,3100000,800000, Rejected
2647,2, Not Graduate, No,6600000,22900000,16,543,2500000,11000000,26300000,8500000, Rejected
2648,4, Graduate, Yes,300000,1100000,12,674,600000,0,800000,200000, Approved
2649,3, Graduate, No,6100000,13500000,2,717,15700000,4200000,16100000,3400000, Approved
2650,5, Not Graduate, Yes,4800000,17000000,10,666,6800000,5400000,12400000,2900000, Approved
2651,4, Not Graduate, No,4500000,17300000,18,830,200000,4200000,12000000,2500000, Approved
2652,2, Graduate, No,3800000,9400000,16,383,8300000,500000,9200000,2300000, Rejected
2653,2, Graduate, Yes,7000000,18900000,8,584,13000000,13600000,20600000,5000000, Approved
2654,2, Not Graduate, No,4400000,14200000,18,799,6300000,7800000,10800000,2400000, Approved
2655,5, Graduate, No,5300000,19400000,6,510,14700000,7000000,13600000,3700000, Rejected
2656,0, Not Graduate, Yes,2600000,5900000,6,572,5800000,3100000,7300000,3800000, Approved
2657,3, Not Graduate, No,3300000,13100000,2,554,6000000,2500000,6700000,3800000, Approved
2658,1, Not Graduate, Yes,1200000,4800000,6,344,2900000,1700000,3200000,1300000, Rejected
2659,3, Graduate, No,4300000,8600000,8,881,9100000,5200000,15000000,5500000, Approved
2660,0, Not Graduate, Yes,8400000,27200000,10,514,2500000,6400000,20100000,7200000, Rejected
2661,0, Graduate, No,600000,1800000,18,796,1000000,700000,1200000,500000, Approved
2662,2, Graduate, Yes,4700000,16200000,12,802,2300000,5400000,14800000,6700000, Approved
2663,3, Graduate, No,4200000,12500000,20,375,1300000,5100000,10900000,2400000, Rejected
2664,2, Graduate, No,4300000,14700000,2,871,4100000,7300000,13900000,4400000, Approved
2665,0, Not Graduate, No,800000,2900000,2,439,100000,900000,2700000,1200000, Approved
2666,0, Not Graduate, Yes,9300000,32000000,8,438,24800000,6400000,34900000,12400000, Rejected
2667,5, Not Graduate, No,6200000,13700000,2,468,3300000,12300000,13900000,5500000, Rejected
2668,3, Graduate, Yes,3500000,10200000,12,645,10400000,5700000,10000000,2400000, Approved
2669,2, Graduate, Yes,3600000,9200000,18,700,4400000,1800000,10700000,3500000, Approved
2670,5, Graduate, Yes,9500000,36700000,16,348,3500000,2200000,31600000,11400000, Rejected
2671,5, Graduate, Yes,600000,1400000,10,877,1400000,400000,2000000,700000, Approved
2672,0, Not Graduate, Yes,3800000,14900000,6,899,7800000,600000,12400000,2800000, Approved
2673,3, Graduate, Yes,1400000,3500000,12,610,1200000,600000,3800000,1400000, Approved
2674,1, Not Graduate, No,6300000,23900000,4,742,1500000,7100000,21800000,4300000, Approved
2675,1, Not Graduate, Yes,2800000,6600000,18,801,4000000,4900000,7100000,3700000, Approved
2676,4, Graduate, Yes,5400000,17100000,2,533,13800000,5100000,12200000,4700000, Approved
2677,3, Not Graduate, Yes,6300000,23900000,16,656,12700000,9300000,15200000,5100000, Approved
2678,3, Graduate, Yes,3900000,14300000,18,785,10900000,7600000,13900000,4900000, Approved
2679,2, Graduate, Yes,4200000,15700000,2,332,7000000,700000,13300000,3000000, Approved
2680,0, Graduate, No,3100000,8100000,18,768,400000,1600000,11600000,2400000, Approved
2681,1, Graduate, No,3400000,8600000,6,640,7700000,1000000,7800000,4400000, Approved
2682,4, Not Graduate, No,1500000,3100000,6,885,100000,2800000,3800000,1900000, Approved
2683,3, Not Graduate, Yes,900000,2000000,18,772,2300000,700000,3500000,800000, Approved
2684,4, Graduate, Yes,7800000,25600000,4,665,1000000,2300000,27300000,8200000, Approved
2685,1, Not Graduate, Yes,3500000,10500000,20,454,8300000,4000000,7600000,2100000, Rejected
2686,1, Not Graduate, No,8400000,32500000,14,698,20600000,5900000,17300000,12200000, Approved
2687,4, Not Graduate, Yes,6400000,21300000,20,332,3600000,9100000,16200000,8000000, Rejected
2688,1, Not Graduate, No,9600000,28300000,6,536,18700000,9300000,27300000,6000000, Rejected
2689,5, Not Graduate, Yes,2100000,6500000,10,796,2400000,2800000,7300000,2700000, Approved
2690,2, Not Graduate, Yes,6000000,19900000,8,486,12100000,8100000,20100000,6600000, Rejected
2691,0, Not Graduate, Yes,8300000,16800000,18,422,8000000,10600000,23300000,11400000, Rejected
2692,1, Not Graduate, Yes,5300000,18500000,6,501,6700000,8600000,16600000,4300000, Rejected
2693,1, Not Graduate, Yes,9700000,23500000,4,666,15100000,9400000,23300000,8000000, Approved
2694,3, Not Graduate, Yes,8200000,16500000,18,371,19000000,1200000,18500000,8200000, Rejected
2695,5, Graduate, No,3400000,6900000,14,312,1800000,400000,10300000,3800000, Rejected
2696,5, Graduate, No,2800000,11000000,12,753,3900000,4600000,10700000,2400000, Approved
2697,0, Not Graduate, Yes,2400000,5200000,16,740,6300000,1000000,7500000,2900000, Approved
2698,1, Graduate, No,8200000,24000000,4,366,10900000,15200000,25200000,10400000, Rejected
2699,4, Not Graduate, No,4200000,11100000,8,526,11600000,200000,16800000,4900000, Rejected
2700,4, Graduate, Yes,5500000,14800000,10,354,16000000,3400000,21200000,7700000, Rejected
2701,5, Not Graduate, Yes,2900000,6300000,6,719,7900000,1600000,8000000,1600000, Approved
2702,5, Not Graduate, No,6300000,20100000,12,774,15600000,11800000,16200000,5800000, Approved
2703,5, Not Graduate, Yes,9700000,29100000,18,732,4700000,7400000,35600000,12400000, Approved
2704,1, Not Graduate, No,6500000,16000000,6,862,2000000,0,24000000,9700000, Approved
2705,5, Not Graduate, No,4900000,10800000,18,613,6800000,800000,14500000,5300000, Approved
2706,5, Graduate, Yes,6900000,16500000,6,447,4100000,400000,14100000,6600000, Rejected
2707,4, Not Graduate, Yes,1100000,3000000,4,730,300000,600000,3600000,1100000, Approved
2708,2, Not Graduate, Yes,7800000,29600000,14,568,-100000,8600000,27000000,7200000, Approved
2709,2, Graduate, Yes,8200000,23600000,6,495,23000000,10600000,27200000,6100000, Rejected
2710,5, Not Graduate, Yes,6700000,23600000,14,854,3000000,3300000,19400000,7500000, Approved
2711,3, Graduate, Yes,7400000,15200000,10,548,16700000,12800000,19300000,4800000, Rejected
2712,1, Not Graduate, No,1200000,2700000,14,779,600000,2200000,2400000,600000, Approved
2713,0, Not Graduate, No,9500000,24800000,2,564,17400000,16000000,19600000,12000000, Approved
2714,5, Not Graduate, Yes,4000000,8200000,2,571,3500000,7700000,9500000,4400000, Approved
2715,0, Not Graduate, Yes,8600000,32600000,8,778,21500000,14100000,33600000,11000000, Approved
2716,4, Graduate, Yes,9100000,28400000,12,808,25800000,11800000,19300000,9700000, Approved
2717,0, Not Graduate, Yes,7100000,18600000,20,770,19200000,13100000,23100000,5100000, Approved
2718,0, Not Graduate, No,9000000,28400000,4,612,0,7200000,26900000,13200000, Approved
2719,3, Graduate, Yes,1400000,2700000,14,819,1200000,1500000,4000000,1300000, Approved
2720,1, Graduate, No,8800000,20200000,6,627,24200000,16100000,17600000,11900000, Approved
2721,3, Not Graduate, Yes,5400000,14700000,4,359,12300000,9900000,15100000,6100000, Rejected
2722,1, Graduate, No,6100000,19100000,6,341,5700000,5900000,12400000,6300000, Rejected
2723,1, Graduate, No,1000000,3600000,4,570,1000000,1300000,3700000,1000000, Approved
2724,3, Graduate, Yes,7700000,18100000,20,736,7800000,14500000,29100000,10000000, Approved
2725,1, Graduate, Yes,6100000,12900000,2,302,8900000,7500000,15600000,7200000, Rejected
2726,2, Not Graduate, Yes,7700000,21000000,12,420,16100000,4300000,27400000,10500000, Rejected
2727,4, Graduate, Yes,4700000,12000000,2,416,5800000,8200000,13000000,6800000, Rejected
2728,2, Graduate, Yes,9100000,34800000,20,836,21300000,10900000,30600000,9900000, Approved
2729,0, Graduate, Yes,5800000,12700000,12,528,8400000,7300000,19600000,7600000, Rejected
2730,4, Not Graduate, No,8500000,24900000,2,405,1900000,400000,21700000,11400000, Rejected
2731,2, Graduate, Yes,9900000,33400000,14,783,16600000,16100000,21000000,9500000, Approved
2732,4, Not Graduate, Yes,2000000,4000000,10,636,2100000,0,4000000,1700000, Approved
2733,1, Not Graduate, Yes,5000000,16800000,6,711,6300000,7600000,16000000,3200000, Approved
2734,1, Graduate, Yes,3200000,11800000,16,848,5500000,3200000,7500000,2300000, Approved
2735,1, Not Graduate, Yes,8000000,27800000,8,804,7900000,1600000,27100000,11800000, Approved
2736,0, Not Graduate, Yes,1200000,2800000,14,892,3200000,100000,3300000,1700000, Approved
2737,2, Not Graduate, Yes,5800000,22800000,14,696,12100000,200000,20800000,4800000, Approved
2738,1, Graduate, No,2500000,7600000,20,888,7400000,4200000,6400000,1900000, Approved
2739,1, Not Graduate, Yes,600000,1400000,10,699,400000,500000,1300000,800000, Approved
2740,5, Graduate, No,4900000,13000000,10,865,13300000,3700000,14700000,6500000, Approved
2741,2, Graduate, Yes,9400000,37300000,14,383,7800000,15900000,27100000,7700000, Rejected
2742,2, Graduate, No,5300000,19300000,16,368,14700000,400000,11600000,3700000, Rejected
2743,5, Not Graduate, No,5100000,15800000,4,607,6000000,7700000,12600000,7000000, Approved
2744,4, Not Graduate, Yes,2900000,8900000,18,827,400000,3400000,11200000,1600000, Approved
2745,1, Graduate, No,9100000,34000000,12,672,8600000,1600000,32700000,8800000, Approved
2746,3, Not Graduate, Yes,8800000,26700000,12,708,16000000,15300000,26900000,9600000, Approved
2747,4, Not Graduate, No,2600000,8800000,10,682,4500000,4700000,10300000,1600000, Approved
2748,1, Graduate, Yes,9700000,25500000,18,741,21900000,6200000,34800000,4900000, Approved
2749,5, Not Graduate, Yes,600000,1200000,8,343,100000,700000,1600000,600000, Rejected
2750,0, Graduate, Yes,4100000,11100000,16,785,6800000,5300000,8500000,4800000, Approved
2751,1, Not Graduate, Yes,8000000,28000000,20,830,22400000,12600000,25600000,10600000, Approved
2752,2, Graduate, No,8800000,26700000,16,696,12900000,15300000,20300000,10900000, Approved
2753,1, Graduate, No,200000,300000,12,697,600000,300000,700000,100000, Approved
2754,0, Graduate, Yes,3800000,11700000,2,351,100000,6700000,12500000,3100000, Approved
2755,3, Graduate, No,6800000,21800000,10,556,16400000,9300000,19100000,5400000, Approved
2756,0, Graduate, No,8600000,31800000,2,895,22600000,15900000,19600000,5100000, Approved
2757,2, Graduate, Yes,2800000,8400000,10,534,8300000,4800000,10600000,1500000, Rejected
2758,0, Graduate, No,8000000,29800000,12,736,600000,15700000,30800000,8400000, Approved
2759,2, Graduate, Yes,2300000,5500000,16,629,4600000,2900000,7000000,1900000, Approved
2760,4, Graduate, Yes,7600000,16200000,20,657,1900000,9300000,28500000,5500000, Approved
2761,2, Graduate, No,2900000,11300000,12,839,700000,5100000,8100000,2600000, Approved
2762,4, Not Graduate, No,7900000,25700000,18,589,4300000,300000,25300000,9800000, Approved
2763,2, Not Graduate, No,1900000,4500000,6,805,2200000,3100000,4800000,2300000, Approved
2764,3, Not Graduate, Yes,4600000,13600000,20,729,1300000,8900000,17200000,5900000, Approved
2765,1, Not Graduate, No,2600000,7700000,6,399,3700000,4300000,8900000,3500000, Rejected
2766,2, Not Graduate, No,2700000,6700000,8,413,7600000,800000,9200000,2300000, Rejected
2767,5, Graduate, Yes,6300000,13200000,16,321,6700000,4000000,15200000,7100000, Rejected
2768,0, Graduate, Yes,2600000,7500000,2,853,4200000,3900000,9600000,1400000, Approved
2769,4, Not Graduate, Yes,7700000,23400000,6,400,3900000,3400000,20800000,10700000, Rejected
2770,0, Graduate, Yes,7400000,16300000,16,630,11200000,13200000,28400000,5300000, Approved
2771,3, Graduate, Yes,7300000,21600000,20,557,1900000,3800000,26400000,9300000, Approved
2772,1, Graduate, No,2900000,7600000,2,358,800000,700000,10100000,2100000, Rejected
2773,3, Graduate, Yes,6600000,16000000,10,510,1200000,4800000,13300000,6300000, Rejected
2774,2, Graduate, Yes,2700000,9600000,14,554,5800000,200000,10200000,1900000, Approved
2775,3, Graduate, Yes,8300000,27700000,4,596,20500000,15400000,21400000,7400000, Approved
2776,0, Graduate, No,4900000,18500000,8,659,8800000,1700000,14700000,4900000, Approved
2777,4, Graduate, Yes,7900000,30700000,10,322,10600000,13200000,30300000,6300000, Rejected
2778,5, Graduate, Yes,8800000,21300000,14,852,8000000,6400000,28500000,9900000, Approved
2779,5, Not Graduate, No,4000000,14100000,18,653,5800000,4100000,9400000,5400000, Approved
2780,4, Graduate, Yes,3900000,9200000,12,737,2800000,2300000,12300000,5200000, Approved
2781,3, Graduate, Yes,7700000,18900000,2,583,9300000,3000000,16700000,9300000, Approved
2782,1, Graduate, Yes,3800000,10000000,16,873,5100000,2800000,10300000,4000000, Approved
2783,5, Graduate, No,8000000,27000000,20,595,4500000,5200000,24800000,10400000, Approved
2784,5, Graduate, Yes,3400000,11300000,20,871,6500000,3900000,9700000,2400000, Approved
2785,5, Graduate, Yes,5500000,18800000,12,603,3300000,700000,21000000,5000000, Approved
2786,0, Not Graduate, No,7700000,29300000,14,801,6200000,11800000,23400000,4700000, Approved
2787,5, Graduate, No,4000000,9400000,4,723,200000,0,12100000,2000000, Approved
2788,5, Not Graduate, Yes,5900000,22600000,18,630,2300000,4200000,16500000,6800000, Approved
2789,0, Not Graduate, Yes,2600000,9900000,20,368,3600000,1500000,5200000,2000000, Rejected
2790,3, Graduate, No,6600000,22200000,12,759,8900000,2200000,18700000,8500000, Approved
2791,0, Not Graduate, Yes,1000000,3000000,18,382,2200000,700000,3500000,900000, Rejected
2792,4, Not Graduate, Yes,800000,2800000,16,645,900000,1400000,2300000,600000, Approved
2793,0, Graduate, No,3200000,6300000,6,878,6700000,5200000,8100000,3600000, Approved
2794,4, Graduate, No,8400000,23400000,12,350,18700000,9100000,27500000,6700000, Rejected
2795,3, Graduate, Yes,5800000,17600000,6,720,4900000,4200000,18800000,6600000, Approved
2796,0, Not Graduate, Yes,7300000,28100000,10,673,13700000,1200000,16300000,8900000, Approved
2797,1, Graduate, No,3900000,8000000,6,448,100000,1900000,9800000,4000000, Rejected
2798,2, Not Graduate, Yes,4600000,16000000,4,720,0,4000000,12300000,4200000, Approved
2799,0, Graduate, No,3600000,12300000,2,300,5200000,3000000,14300000,5400000, Approved
2800,4, Graduate, No,7500000,28700000,20,520,4600000,3500000,15200000,5700000, Rejected
2801,1, Graduate, No,5200000,15000000,12,794,3200000,7200000,16500000,5100000, Approved
2802,3, Graduate, Yes,4400000,10000000,8,875,5900000,5200000,11700000,4100000, Approved
2803,1, Not Graduate, Yes,5100000,12900000,14,533,6700000,6700000,14400000,3900000, Rejected
2804,0, Graduate, No,6000000,23600000,6,776,13800000,2700000,23400000,8800000, Approved
2805,2, Graduate, No,3800000,11400000,6,706,1000000,4000000,12100000,2800000, Approved
2806,3, Graduate, No,2800000,10900000,2,710,600000,2400000,5600000,3600000, Approved
2807,5, Graduate, Yes,6500000,18300000,4,333,8100000,400000,21700000,7000000, Rejected
2808,2, Not Graduate, Yes,1600000,6400000,4,787,1000000,300000,5500000,1100000, Approved
2809,4, Graduate, No,5500000,18600000,12,569,13500000,6200000,19700000,7300000, Approved
2810,0, Graduate, Yes,9600000,20100000,16,427,7200000,2300000,34500000,7400000, Rejected
2811,0, Graduate, No,7000000,27800000,16,640,11500000,3700000,16000000,8200000, Approved
2812,2, Not Graduate, No,4000000,8100000,16,312,3500000,2100000,15100000,3100000, Rejected
2813,1, Not Graduate, Yes,8100000,30900000,12,464,13600000,9800000,17900000,7500000, Rejected
2814,2, Not Graduate, Yes,6600000,22800000,8,490,6100000,10000000,18000000,6400000, Rejected
2815,5, Graduate, No,4100000,10200000,12,431,6200000,2200000,13700000,4300000, Rejected
2816,1, Graduate, No,6600000,24800000,4,500,8600000,4100000,16700000,6100000, Approved
2817,4, Graduate, No,5100000,12200000,14,511,2700000,6000000,18300000,3400000, Rejected
2818,4, Graduate, No,8200000,25200000,18,691,5800000,8900000,28500000,10500000, Approved
2819,1, Not Graduate, Yes,9500000,24400000,14,696,25500000,6700000,29500000,6300000, Approved
2820,0, Not Graduate, Yes,7600000,27600000,2,437,10000000,11200000,27600000,6800000, Approved
2821,2, Not Graduate, Yes,8400000,20800000,12,335,6700000,12300000,18500000,10100000, Rejected
2822,4, Graduate, No,7600000,25100000,4,671,4600000,13200000,27400000,4300000, Approved
2823,4, Not Graduate, Yes,1400000,3700000,12,621,3100000,900000,5100000,1800000, Approved
2824,4, Not Graduate, Yes,2700000,6800000,10,455,4700000,2600000,7400000,2700000, Rejected
2825,1, Graduate, Yes,200000,500000,10,856,500000,200000,500000,200000, Approved
2826,3, Graduate, No,600000,2100000,16,892,700000,400000,2400000,500000, Approved
2827,4, Graduate, No,5200000,12900000,16,819,3400000,4100000,16800000,7500000, Approved
2828,0, Not Graduate, Yes,5100000,11600000,10,308,8700000,1300000,10700000,7000000, Rejected
2829,4, Graduate, Yes,9200000,18600000,2,889,26900000,4200000,33300000,9700000, Approved
2830,5, Not Graduate, No,6500000,23200000,18,713,6700000,1400000,13400000,7200000, Approved
2831,0, Graduate, No,8500000,21000000,6,665,3600000,9600000,27500000,11300000, Approved
2832,4, Not Graduate, No,2000000,6000000,12,837,1300000,1900000,6300000,2300000, Approved
2833,4, Not Graduate, Yes,7500000,18000000,20,395,200000,12800000,23500000,9700000, Rejected
2834,0, Graduate, Yes,7500000,28900000,10,632,21700000,10700000,24700000,9900000, Approved
2835,2, Not Graduate, No,2000000,4300000,16,497,5100000,200000,5700000,2800000, Rejected
2836,3, Graduate, Yes,1400000,2700000,14,694,3800000,200000,3600000,1700000, Approved
2837,1, Not Graduate, Yes,1700000,5600000,2,882,3100000,2600000,6700000,1600000, Approved
2838,2, Graduate, Yes,5300000,14900000,6,504,10600000,2100000,17000000,3200000, Rejected
2839,4, Not Graduate, No,8900000,30100000,2,747,20600000,12900000,20700000,10300000, Approved
2840,3, Graduate, No,9700000,35300000,4,462,11500000,9500000,33700000,7200000, Approved
2841,5, Graduate, No,9000000,25900000,4,538,11100000,11100000,31300000,8100000, Rejected
2842,2, Not Graduate, Yes,8500000,30900000,6,664,5700000,9900000,19800000,7400000, Approved
2843,1, Not Graduate, No,3500000,10900000,4,524,8800000,6200000,13600000,2800000, Approved
2844,1, Not Graduate, No,500000,1400000,6,464,1100000,0,1900000,500000, Rejected
2845,3, Graduate, No,8900000,19100000,6,807,2300000,16500000,29900000,10400000, Approved
2846,2, Not Graduate, Yes,7800000,27200000,18,622,6000000,6000000,26400000,4300000, Approved
2847,5, Not Graduate, Yes,9800000,27800000,6,827,2400000,14900000,32800000,9500000, Approved
2848,0, Graduate, No,5200000,19000000,14,687,11900000,500000,19400000,4400000, Approved
2849,4, Graduate, No,7400000,19400000,16,835,16400000,14200000,23500000,6500000, Approved
2850,3, Graduate, Yes,1200000,3300000,6,772,700000,900000,2900000,1400000, Approved
2851,1, Not Graduate, Yes,1000000,3200000,2,710,100000,200000,3300000,900000, Approved
2852,3, Graduate, Yes,9500000,32500000,14,581,2800000,14300000,36000000,4700000, Approved
2853,3, Not Graduate, No,4500000,11700000,18,775,8700000,2800000,12700000,4500000, Approved
2854,2, Graduate, No,4900000,16000000,12,710,8700000,7100000,10000000,5700000, Approved
2855,3, Not Graduate, Yes,700000,2500000,8,321,1900000,1200000,1700000,400000, Rejected
2856,0, Graduate, No,9400000,28300000,20,761,22500000,14800000,30800000,10100000, Approved
2857,3, Not Graduate, Yes,8300000,31400000,6,674,1000000,1600000,17200000,6100000, Rejected
2858,4, Graduate, Yes,5600000,13000000,4,899,10500000,9100000,11400000,6400000, Approved
2859,5, Not Graduate, Yes,4400000,12300000,8,567,2400000,500000,12900000,6300000, Approved
2860,3, Graduate, No,2100000,5400000,8,771,5200000,3700000,6200000,1000000, Approved
2861,1, Not Graduate, Yes,4400000,10600000,4,360,6600000,7700000,15100000,5000000, Rejected
2862,0, Not Graduate, No,6300000,19600000,6,425,15900000,10400000,13300000,5900000, Rejected
2863,4, Graduate, No,9900000,30000000,18,496,10400000,8000000,29300000,13800000, Rejected
2864,3, Not Graduate, No,700000,1600000,20,705,600000,900000,2300000,700000, Approved
2865,4, Not Graduate, No,3600000,12400000,14,427,10400000,2400000,9100000,2600000, Rejected
2866,1, Not Graduate, Yes,5600000,21000000,2,552,3200000,6300000,22100000,6100000, Approved
2867,3, Not Graduate, Yes,1000000,3700000,8,725,3000000,1300000,4000000,1300000, Approved
2868,5, Graduate, Yes,6400000,15600000,8,553,14200000,2900000,20400000,8000000, Approved
2869,0, Not Graduate, No,8900000,19100000,2,725,8300000,15000000,19000000,8800000, Approved
2870,4, Graduate, No,9900000,26100000,2,481,14500000,5000000,23600000,9300000, Rejected
2871,2, Graduate, Yes,4000000,8600000,4,847,10200000,2700000,14300000,2400000, Approved
2872,0, Not Graduate, Yes,7300000,25700000,10,666,14000000,3100000,29000000,6000000, Approved
2873,1, Not Graduate, No,8100000,25400000,6,477,4500000,13200000,23200000,4400000, Rejected
2874,4, Graduate, Yes,6800000,22100000,4,446,3700000,4600000,18900000,9200000, Approved
2875,0, Not Graduate, Yes,2600000,8200000,8,630,6000000,4900000,7500000,2000000, Approved
2876,5, Not Graduate, Yes,300000,1100000,20,613,600000,400000,700000,200000, Approved
2877,2, Graduate, Yes,2400000,7500000,4,851,3100000,700000,5600000,2400000, Approved
2878,0, Not Graduate, No,6000000,20600000,12,339,3400000,10700000,17200000,8200000, Rejected
2879,4, Graduate, Yes,3800000,11100000,16,857,11300000,7400000,11700000,4700000, Approved
2880,0, Graduate, Yes,7000000,22100000,14,467,10000000,6400000,26100000,5800000, Rejected
2881,0, Graduate, Yes,5400000,12900000,16,355,11200000,3100000,18200000,7400000, Rejected
2882,1, Not Graduate, No,6400000,16400000,6,428,12400000,10900000,23900000,8900000, Rejected
2883,5, Not Graduate, Yes,7000000,24000000,14,450,10300000,5700000,21100000,4700000, Rejected
2884,2, Not Graduate, Yes,2100000,4600000,4,348,5400000,0,7400000,1400000, Rejected
2885,4, Not Graduate, Yes,4400000,15000000,12,459,5700000,800000,11400000,2400000, Rejected
2886,0, Not Graduate, No,8000000,31000000,8,847,4900000,9500000,29600000,5700000, Approved
2887,2, Not Graduate, Yes,3900000,8300000,18,523,800000,300000,9900000,2300000, Rejected
2888,0, Graduate, No,4700000,15200000,10,786,11100000,8000000,9600000,3200000, Approved
2889,0, Graduate, No,6800000,21200000,14,300,0,8700000,16500000,10000000, Rejected
2890,0, Not Graduate, Yes,1800000,6500000,12,728,3500000,0,6100000,1900000, Approved
2891,3, Not Graduate, Yes,8600000,32000000,4,497,11400000,3300000,18600000,4900000, Approved
2892,1, Not Graduate, Yes,3600000,13700000,10,548,9900000,2400000,8900000,4100000, Rejected
2893,1, Graduate, Yes,6800000,22900000,6,576,500000,11100000,13800000,5600000, Approved
2894,3, Graduate, Yes,1100000,4100000,20,863,800000,1100000,3700000,600000, Approved
2895,4, Graduate, Yes,4000000,8400000,8,717,7400000,4900000,11900000,4000000, Approved
2896,1, Graduate, No,2500000,5900000,12,668,7400000,600000,6300000,3700000, Approved
2897,2, Graduate, No,5400000,17400000,10,335,5900000,1400000,18100000,4300000, Rejected
2898,5, Not Graduate, No,6600000,13600000,4,861,11700000,8400000,14600000,5400000, Approved
2899,4, Not Graduate, No,6000000,14900000,2,321,6900000,7700000,18000000,6500000, Rejected
2900,0, Graduate, Yes,2200000,8300000,10,585,3600000,1700000,4300000,1900000, Approved
2901,1, Graduate, No,8800000,18500000,10,704,14400000,3200000,26600000,11300000, Approved
2902,0, Not Graduate, Yes,4000000,10300000,4,819,11100000,1200000,15200000,2600000, Approved
2903,4, Not Graduate, Yes,3600000,12400000,18,494,5300000,100000,10200000,1900000, Rejected
2904,5, Graduate, Yes,8100000,22500000,2,808,4800000,6100000,16900000,6000000, Approved
2905,3, Not Graduate, Yes,5200000,11000000,12,830,8900000,5100000,16000000,7600000, Approved
2906,5, Graduate, No,1100000,2800000,14,473,100000,500000,4200000,700000, Rejected
2907,2, Graduate, No,7500000,29800000,4,392,5500000,2200000,20800000,4000000, Approved
2908,5, Not Graduate, No,7700000,20300000,12,806,21300000,13300000,18900000,9600000, Approved
2909,0, Not Graduate, No,5700000,21400000,8,340,3200000,1900000,17200000,3800000, Rejected
2910,3, Graduate, Yes,5000000,13900000,8,555,12300000,6700000,18100000,4800000, Approved
2911,5, Not Graduate, No,500000,1200000,16,499,600000,600000,1500000,200000, Rejected
2912,3, Graduate, No,8900000,21300000,10,467,18700000,2600000,31800000,8800000, Rejected
2913,1, Not Graduate, No,1700000,6600000,4,797,2800000,1900000,6100000,1300000, Approved
2914,4, Not Graduate, Yes,500000,1300000,18,762,1400000,0,1600000,300000, Approved
2915,3, Not Graduate, Yes,9900000,36500000,16,562,17300000,18500000,22300000,9800000, Approved
2916,1, Graduate, No,8400000,21800000,2,492,4000000,11000000,18200000,6600000, Rejected
2917,3, Not Graduate, Yes,500000,1700000,4,824,500000,600000,1400000,400000, Approved
2918,2, Graduate, No,1700000,5700000,10,602,4900000,2700000,4500000,1800000, Approved
2919,1, Not Graduate, Yes,6500000,18300000,10,722,11900000,8600000,19200000,4500000, Approved
2920,1, Not Graduate, No,8900000,28400000,6,709,21600000,5500000,26200000,7900000, Approved
2921,1, Not Graduate, No,400000,1400000,4,302,200000,100000,1500000,500000, Approved
2922,3, Not Graduate, No,5700000,12300000,6,364,7900000,11000000,20000000,5500000, Rejected
2923,0, Not Graduate, Yes,9600000,23800000,12,389,25200000,15800000,27000000,8300000, Rejected
2924,0, Graduate, Yes,8500000,20000000,16,786,13300000,7400000,17700000,8900000, Approved
2925,0, Graduate, No,4000000,11500000,8,434,4500000,2800000,8400000,5900000, Rejected
2926,2, Not Graduate, Yes,6300000,18100000,6,671,7900000,8200000,13200000,5400000, Approved
2927,3, Graduate, Yes,4000000,14700000,8,376,3000000,6200000,8900000,4200000, Rejected
2928,4, Graduate, No,9400000,32200000,6,898,27600000,11800000,19500000,8600000, Approved
2929,5, Graduate, Yes,4100000,15500000,10,836,10500000,1100000,15200000,3600000, Approved
2930,4, Graduate, Yes,1100000,4400000,6,515,1000000,700000,4300000,1500000, Rejected
2931,3, Not Graduate, No,8700000,24800000,20,360,25300000,8700000,31100000,4300000, Rejected
2932,4, Graduate, Yes,4900000,12800000,2,691,200000,4900000,14700000,7000000, Approved
2933,1, Not Graduate, Yes,2800000,9100000,14,510,2400000,4200000,10400000,3000000, Rejected
2934,0, Graduate, No,9600000,23200000,18,389,1000000,17600000,22200000,8800000, Rejected
2935,3, Graduate, Yes,6900000,19000000,14,348,4200000,3700000,19400000,4900000, Rejected
2936,2, Not Graduate, Yes,2300000,8100000,2,504,1800000,3100000,4600000,3100000, Approved
2937,2, Not Graduate, No,6800000,21300000,20,658,7800000,7000000,25900000,9600000, Approved
2938,1, Not Graduate, Yes,2200000,5400000,16,641,5900000,0,4800000,1200000, Approved
2939,2, Not Graduate, No,5900000,19800000,20,327,7800000,1500000,19700000,8500000, Rejected
2940,1, Graduate, Yes,7000000,20300000,18,726,11600000,13100000,17100000,9000000, Approved
2941,1, Graduate, Yes,9600000,34100000,20,828,26100000,19000000,20800000,12400000, Approved
2942,0, Graduate, No,6500000,14500000,12,755,9000000,11900000,20800000,3400000, Approved
2943,2, Not Graduate, Yes,3800000,7600000,20,788,1700000,5200000,9200000,5600000, Approved
2944,2, Graduate, No,9400000,25100000,20,832,19400000,2100000,22300000,5900000, Approved
2945,0, Not Graduate, No,2100000,8200000,4,554,3900000,3800000,5900000,1700000, Approved
2946,1, Not Graduate, Yes,8500000,26200000,8,811,22800000,6400000,32500000,12700000, Approved
2947,5, Graduate, Yes,3800000,12000000,2,649,6200000,5300000,10300000,4200000, Approved
2948,1, Not Graduate, Yes,3400000,9700000,20,830,3500000,6400000,10300000,4800000, Approved
2949,1, Graduate, Yes,5600000,11700000,6,707,4500000,800000,19000000,3900000, Approved
2950,0, Graduate, Yes,8500000,33700000,10,483,18800000,8900000,29000000,12200000, Rejected
2951,4, Not Graduate, Yes,2100000,5500000,18,349,100000,0,6600000,2000000, Rejected
2952,4, Graduate, No,400000,1500000,4,846,300000,0,1600000,600000, Approved
2953,4, Not Graduate, No,7900000,31500000,20,386,14300000,3800000,23800000,7500000, Rejected
2954,5, Not Graduate, No,6900000,19200000,12,408,10000000,5000000,24900000,9000000, Rejected
2955,0, Not Graduate, Yes,1800000,3900000,2,764,2200000,700000,3500000,1200000, Approved
2956,0, Graduate, Yes,1200000,3200000,18,473,2100000,600000,2400000,1200000, Rejected
2957,3, Not Graduate, No,3600000,9800000,12,654,600000,1300000,7500000,2200000, Approved
2958,1, Graduate, No,7200000,22800000,2,551,15000000,8700000,21300000,9500000, Approved
2959,5, Graduate, No,9400000,21800000,6,850,13300000,11700000,24800000,6800000, Approved
2960,5, Graduate, No,9000000,24200000,4,646,12400000,5500000,18100000,11900000, Approved
2961,1, Not Graduate, Yes,1000000,2100000,8,793,2900000,1300000,2200000,1400000, Approved
2962,3, Not Graduate, No,5600000,19900000,16,551,14000000,4200000,16100000,4500000, Approved
2963,1, Graduate, No,900000,2600000,4,346,400000,700000,2900000,900000, Rejected
2964,5, Not Graduate, Yes,9000000,19100000,14,540,11300000,800000,18300000,4900000, Rejected
2965,2, Not Graduate, No,3100000,9000000,20,892,5000000,5600000,7100000,4000000, Approved
2966,1, Not Graduate, Yes,8000000,20700000,6,570,1000000,11700000,23200000,11300000, Approved
2967,4, Not Graduate, Yes,3500000,11300000,16,874,1400000,3800000,10100000,3700000, Approved
2968,4, Graduate, No,3900000,12600000,8,553,8200000,2500000,12300000,4500000, Approved
2969,2, Graduate, No,9700000,34500000,10,649,10600000,7600000,24800000,5900000, Approved
2970,4, Graduate, No,4500000,15800000,14,439,8900000,6900000,15200000,4400000, Rejected
2971,5, Not Graduate, No,6800000,24800000,8,621,13000000,13500000,23300000,4800000, Approved
2972,2, Not Graduate, No,6300000,18600000,14,872,9900000,11900000,16100000,7500000, Approved
2973,2, Graduate, No,4900000,18500000,8,492,12900000,5000000,10200000,5800000, Rejected
2974,0, Graduate, No,4800000,18600000,6,618,12300000,5900000,16800000,4000000, Approved
2975,5, Graduate, No,7500000,15800000,18,458,7800000,6500000,22400000,8400000, Rejected
2976,5, Not Graduate, No,5200000,13900000,4,422,7800000,4500000,12000000,7000000, Rejected
2977,3, Not Graduate, Yes,9400000,30900000,20,873,22800000,17700000,19300000,9000000, Approved
2978,5, Not Graduate, No,3200000,10000000,14,610,2900000,3800000,8600000,3500000, Approved
2979,1, Not Graduate, Yes,3600000,13200000,20,546,8900000,3600000,13900000,2900000, Rejected
2980,1, Not Graduate, Yes,3400000,7200000,8,741,4300000,6600000,11500000,3900000, Approved
2981,3, Graduate, No,2100000,8200000,6,754,900000,2900000,4900000,1000000, Approved
2982,1, Graduate, No,7200000,15100000,8,379,2600000,8300000,21700000,8200000, Rejected
2983,5, Graduate, No,4500000,16900000,18,455,2700000,2500000,10700000,5600000, Rejected
2984,0, Graduate, Yes,2600000,9000000,20,615,6800000,0,8400000,3400000, Approved
2985,4, Graduate, Yes,6400000,21700000,10,384,16500000,8200000,15100000,5700000, Rejected
2986,0, Graduate, No,6400000,25100000,16,628,16100000,2900000,18100000,6400000, Approved
2987,3, Graduate, No,3100000,11200000,16,865,3600000,4600000,6600000,4200000, Approved
2988,2, Graduate, No,1800000,5300000,2,679,1000000,1400000,5800000,900000, Approved
2989,1, Graduate, Yes,9300000,19000000,14,689,24000000,11500000,35100000,9000000, Approved
2990,5, Not Graduate, Yes,6500000,13800000,10,636,13000000,5500000,19400000,8100000, Approved
2991,1, Not Graduate, No,3100000,6600000,20,837,4000000,4200000,12300000,4300000, Approved
2992,3, Not Graduate, No,2300000,8500000,12,557,3600000,1400000,6200000,1300000, Approved
2993,2, Graduate, No,500000,1700000,10,324,300000,300000,1800000,700000, Rejected
2994,0, Not Graduate, Yes,3700000,9300000,14,531,8300000,1000000,8900000,1900000, Rejected
2995,4, Not Graduate, Yes,8600000,21400000,14,476,6200000,2700000,28000000,12800000, Rejected
2996,4, Graduate, No,2600000,8500000,4,775,600000,3800000,10400000,2600000, Approved
2997,1, Not Graduate, Yes,7100000,18000000,20,477,6600000,13200000,19300000,9300000, Rejected
2998,4, Not Graduate, Yes,7000000,19800000,16,682,9300000,5300000,14500000,7300000, Approved
2999,5, Not Graduate, No,8300000,17700000,12,334,19600000,13200000,22500000,9800000, Rejected
3000,3, Graduate, Yes,6800000,23900000,12,565,18800000,2800000,18800000,6700000, Approved
3001,1, Not Graduate, Yes,9900000,25700000,2,340,15600000,18800000,29500000,11800000, Rejected
3002,2, Graduate, No,5100000,11000000,14,322,7900000,2900000,10700000,5900000, Rejected
3003,4, Graduate, Yes,3500000,10700000,8,883,200000,2300000,8400000,2000000, Approved
3004,3, Graduate, Yes,4300000,12800000,16,346,3300000,1100000,11900000,3800000, Rejected
3005,0, Graduate, Yes,5300000,20200000,2,861,500000,800000,16500000,6200000, Approved
3006,5, Graduate, Yes,6400000,21900000,12,699,15700000,500000,17200000,3800000, Approved
3007,0, Graduate, No,9300000,27200000,8,629,4500000,14300000,26900000,5000000, Approved
3008,3, Graduate, No,1100000,3100000,14,359,1500000,1000000,4000000,1000000, Rejected
3009,2, Not Graduate, No,7100000,27000000,10,430,20700000,8300000,24500000,4200000, Rejected
3010,4, Not Graduate, No,1100000,3300000,18,417,1400000,1000000,4200000,700000, Rejected
3011,2, Graduate, No,1900000,5200000,6,896,4300000,100000,6200000,2400000, Approved
3012,0, Not Graduate, No,1300000,3900000,16,690,3600000,1700000,4700000,800000, Approved
3013,5, Graduate, No,7500000,22800000,16,347,15100000,1200000,16100000,10700000, Rejected
3014,4, Not Graduate, No,2400000,7000000,4,539,2300000,0,9600000,2900000, Rejected
3015,4, Graduate, Yes,2500000,8000000,8,464,4000000,3000000,9000000,3000000, Rejected
3016,4, Graduate, No,7500000,16200000,4,310,10800000,14300000,14900000,5800000, Rejected
3017,3, Not Graduate, No,9300000,36600000,6,431,22000000,14600000,32900000,8800000, Rejected
3018,5, Not Graduate, No,3300000,10000000,12,489,2000000,500000,7200000,2800000, Rejected
3019,4, Not Graduate, Yes,5700000,13900000,12,775,1600000,3100000,15900000,7100000, Approved
3020,4, Not Graduate, No,300000,600000,6,365,-100000,400000,600000,200000, Rejected
3021,2, Not Graduate, Yes,1200000,4500000,10,555,100000,1100000,2700000,1400000, Approved
3022,4, Graduate, Yes,8200000,29600000,10,457,6700000,6700000,21400000,11000000, Rejected
3023,3, Not Graduate, No,5500000,12400000,8,580,800000,900000,19300000,7300000, Approved
3024,4, Not Graduate, No,1800000,7200000,20,496,3000000,1100000,7200000,2000000, Rejected
3025,0, Not Graduate, No,3500000,11400000,16,837,3700000,2100000,10000000,2700000, Approved
3026,4, Not Graduate, Yes,6000000,13200000,6,455,7300000,5900000,16500000,7100000, Rejected
3027,0, Graduate, Yes,2700000,9700000,20,551,1300000,1300000,7100000,1600000, Approved
3028,4, Not Graduate, Yes,5900000,20700000,10,825,11700000,7900000,21000000,8500000, Approved
3029,1, Not Graduate, Yes,2100000,4200000,18,554,3400000,800000,6400000,1500000, Approved
3030,0, Not Graduate, Yes,2000000,5200000,18,400,1900000,1500000,5000000,1500000, Rejected
3031,5, Not Graduate, No,9000000,34300000,10,853,22500000,11900000,32200000,10100000, Approved
3032,1, Not Graduate, Yes,7600000,18800000,14,403,20900000,4700000,24700000,10000000, Rejected
3033,3, Graduate, No,500000,1500000,6,392,1400000,200000,1800000,600000, Rejected
3034,1, Graduate, No,6300000,19000000,20,673,14600000,8100000,16000000,4200000, Approved
3035,0, Graduate, Yes,3100000,7100000,10,498,3800000,1100000,12200000,4300000, Rejected
3036,1, Not Graduate, No,1100000,2600000,6,858,1800000,1900000,2700000,600000, Approved
3037,4, Graduate, Yes,3900000,14300000,20,477,1000000,4600000,9100000,2900000, Rejected
3038,4, Not Graduate, Yes,8700000,28200000,12,548,11800000,9900000,19800000,8500000, Rejected
3039,4, Not Graduate, Yes,6400000,23900000,6,300,16200000,11600000,24900000,7000000, Rejected
3040,2, Graduate, Yes,200000,800000,12,483,100000,200000,600000,300000, Rejected
3041,1, Graduate, No,2400000,5800000,20,384,1700000,2500000,8400000,3100000, Rejected
3042,3, Not Graduate, No,8900000,35200000,10,894,17100000,5600000,27700000,9800000, Approved
3043,3, Not Graduate, No,6100000,14800000,10,492,6700000,3500000,17900000,6100000, Rejected
3044,5, Not Graduate, Yes,7600000,25700000,4,607,12900000,13600000,29100000,4900000, Approved
3045,3, Not Graduate, No,900000,2400000,16,701,700000,0,2000000,400000, Approved
3046,2, Not Graduate, Yes,7100000,19700000,20,890,13900000,3900000,22200000,4000000, Approved
3047,2, Not Graduate, Yes,5000000,14600000,10,808,4400000,3500000,17300000,3100000, Approved
3048,4, Graduate, Yes,2000000,7400000,20,596,600000,2300000,4900000,2500000, Approved
3049,4, Graduate, Yes,2600000,6200000,14,421,2500000,2200000,8900000,3400000, Rejected
3050,2, Graduate, Yes,7000000,14900000,20,495,9900000,8800000,14000000,10200000, Rejected
3051,3, Graduate, No,3900000,9800000,6,604,10900000,7300000,7700000,3300000, Approved
3052,3, Graduate, No,8400000,32600000,4,509,22700000,12600000,32400000,8700000, Approved
3053,0, Graduate, Yes,200000,600000,8,852,500000,0,400000,200000, Approved
3054,2, Not Graduate, Yes,1900000,6700000,16,893,5600000,3600000,6300000,1600000, Approved
3055,2, Not Graduate, Yes,9200000,33000000,14,874,3900000,9700000,31200000,6600000, Approved
3056,3, Not Graduate, Yes,300000,500000,6,386,800000,200000,1200000,100000, Rejected
3057,5, Graduate, No,6300000,18100000,4,590,5400000,10900000,22400000,8600000, Approved
3058,2, Not Graduate, No,6100000,23500000,14,510,9000000,9500000,12400000,3400000, Rejected
3059,3, Graduate, Yes,7800000,25600000,6,523,13600000,7100000,20800000,9200000, Rejected
3060,0, Graduate, Yes,2000000,6700000,8,461,4900000,2200000,7200000,2600000, Rejected
3061,4, Not Graduate, No,1900000,5600000,2,832,2700000,3300000,7100000,2400000, Approved
3062,2, Not Graduate, Yes,3300000,9600000,18,896,9900000,900000,12100000,4900000, Approved
3063,0, Not Graduate, Yes,9500000,26000000,2,732,22500000,15600000,20400000,9300000, Approved
3064,0, Graduate, Yes,3500000,13900000,16,301,10300000,100000,8700000,2700000, Rejected
3065,5, Graduate, No,4400000,15800000,4,701,4100000,6300000,17100000,4100000, Approved
3066,2, Not Graduate, No,2000000,4000000,14,502,4900000,1500000,5400000,1300000, Rejected
3067,3, Not Graduate, No,9200000,19500000,12,742,18300000,9900000,19500000,13700000, Approved
3068,1, Not Graduate, No,2200000,5000000,2,755,1100000,2500000,6700000,3200000, Approved
3069,1, Not Graduate, No,1900000,7100000,2,834,3900000,2300000,5800000,1400000, Approved
3070,5, Graduate, Yes,8700000,18400000,12,394,18800000,3200000,24600000,12000000, Rejected
3071,3, Graduate, Yes,9700000,19700000,4,663,16700000,2200000,36200000,5200000, Approved
3072,3, Graduate, No,9400000,20300000,10,649,19600000,6700000,36100000,10000000, Approved
3073,4, Not Graduate, Yes,8000000,23200000,14,738,10900000,12100000,19900000,5400000, Approved
3074,5, Not Graduate, No,1000000,2000000,4,524,2700000,1800000,2200000,700000, Rejected
3075,5, Not Graduate, No,5300000,14600000,16,855,4200000,1600000,11200000,7400000, Approved
3076,3, Graduate, Yes,1400000,5400000,20,304,1700000,1300000,2900000,800000, Rejected
3077,2, Graduate, Yes,1600000,3800000,12,532,3200000,1400000,5400000,1100000, Rejected
3078,3, Graduate, Yes,3400000,8500000,6,584,4200000,4700000,6800000,3700000, Approved
3079,3, Graduate, No,7800000,28700000,4,447,7200000,9500000,20100000,11300000, Approved
3080,4, Not Graduate, No,7100000,19900000,14,852,4700000,3200000,19700000,7600000, Approved
3081,1, Not Graduate, Yes,6000000,13100000,2,368,9900000,2200000,13700000,4900000, Rejected
3082,3, Not Graduate, Yes,8200000,28900000,10,447,4400000,14700000,29400000,6800000, Rejected
3083,4, Graduate, No,3900000,11400000,20,867,3800000,1100000,13600000,3200000, Approved
3084,5, Not Graduate, Yes,8400000,17600000,12,397,13400000,14500000,24500000,7900000, Rejected
3085,4, Graduate, No,9700000,19400000,20,798,6400000,13700000,20300000,12800000, Approved
3086,1, Not Graduate, Yes,8300000,26300000,20,530,22800000,11000000,33200000,8000000, Rejected
3087,4, Graduate, No,2500000,9900000,16,356,5500000,2600000,6100000,2300000, Rejected
3088,3, Graduate, No,6100000,24000000,18,718,4100000,3400000,16600000,6800000, Approved
3089,3, Not Graduate, No,5000000,13000000,10,459,2900000,3400000,18200000,7200000, Rejected
3090,3, Not Graduate, No,9500000,22200000,8,571,4400000,8600000,24400000,10500000, Approved
3091,2, Graduate, No,5700000,20500000,8,412,5800000,4300000,21200000,4900000, Rejected
3092,1, Graduate, Yes,5000000,12500000,20,604,4100000,100000,12200000,7400000, Approved
3093,4, Not Graduate, Yes,8600000,20600000,16,449,10800000,10600000,28700000,5400000, Rejected
3094,5, Not Graduate, No,1400000,5300000,12,778,1600000,700000,4400000,700000, Approved
3095,3, Graduate, No,5900000,21200000,16,476,11700000,4800000,14800000,7700000, Rejected
3096,4, Graduate, Yes,4100000,10400000,12,727,11900000,5900000,16400000,4400000, Approved
3097,3, Graduate, No,7400000,18500000,8,818,10400000,8800000,28000000,8400000, Approved
3098,1, Graduate, Yes,7100000,19300000,16,738,7200000,0,24300000,3600000, Approved
3099,5, Graduate, Yes,5300000,18200000,16,546,14600000,7900000,13400000,4000000, Rejected
3100,2, Not Graduate, No,6600000,14100000,2,471,10800000,11400000,20700000,6000000, Rejected
3101,3, Not Graduate, No,2800000,10600000,4,860,5200000,4700000,6700000,2900000, Approved
3102,1, Not Graduate, Yes,1600000,4400000,4,364,2500000,700000,4300000,2400000, Rejected
3103,0, Graduate, Yes,8500000,25300000,20,557,13000000,5100000,23900000,7100000, Approved
3104,1, Not Graduate, Yes,5200000,20700000,12,612,2200000,2600000,16500000,3200000, Approved
3105,2, Not Graduate, Yes,6400000,19300000,6,414,7200000,1800000,19100000,3900000, Rejected
3106,5, Graduate, No,1300000,2900000,4,372,1700000,100000,2800000,600000, Rejected
3107,0, Graduate, No,5600000,11600000,12,466,15000000,7400000,21800000,7500000, Rejected
3108,3, Graduate, Yes,9000000,19800000,20,348,8600000,9200000,25300000,6000000, Rejected
3109,1, Not Graduate, Yes,7800000,17200000,4,597,3700000,12700000,17400000,8500000, Approved
3110,4, Not Graduate, Yes,4000000,11000000,8,791,500000,4700000,10300000,3000000, Approved
3111,0, Graduate, Yes,700000,1800000,12,400,1500000,1100000,2200000,300000, Rejected
3112,5, Graduate, Yes,7300000,18700000,16,813,6600000,8200000,20000000,5800000, Approved
3113,0, Not Graduate, Yes,5200000,15400000,4,675,15300000,8800000,12800000,2900000, Approved
3114,1, Not Graduate, No,6200000,18200000,18,324,3100000,12000000,19200000,3400000, Rejected
3115,4, Graduate, No,1100000,3600000,8,693,2400000,1300000,3800000,1500000, Approved
3116,1, Not Graduate, Yes,5600000,13700000,8,491,10100000,3700000,18500000,4200000, Rejected
3117,5, Graduate, Yes,3400000,9800000,8,559,3500000,2900000,8300000,2200000, Approved
3118,4, Graduate, No,1500000,4900000,16,392,1800000,1100000,3000000,2000000, Rejected
3119,2, Not Graduate, No,5800000,18600000,18,532,10900000,900000,12300000,6700000, Rejected
3120,4, Not Graduate, No,9800000,29400000,8,592,29100000,16700000,35900000,9000000, Approved
3121,5, Not Graduate, No,8300000,23100000,4,459,5500000,14300000,28400000,5500000, Rejected
3122,4, Graduate, Yes,500000,1200000,4,627,0,500000,1800000,700000, Approved
3123,4, Graduate, No,1900000,6100000,2,462,2100000,3300000,5400000,2500000, Approved
3124,1, Not Graduate, Yes,9700000,24700000,14,600,13600000,14000000,35500000,6700000, Approved
3125,5, Not Graduate, No,1800000,6200000,18,366,3500000,2400000,6300000,1300000, Rejected
3126,0, Graduate, Yes,3300000,9700000,14,356,9800000,4800000,9400000,1900000, Rejected
3127,5, Graduate, No,900000,2300000,16,590,1200000,1500000,2100000,900000, Approved
3128,5, Graduate, Yes,8200000,28900000,4,485,16500000,3000000,19400000,6800000, Approved
3129,1, Not Graduate, Yes,500000,1700000,18,617,400000,100000,1400000,500000, Approved
3130,5, Graduate, Yes,1000000,2600000,8,664,900000,1200000,3500000,900000, Approved
3131,3, Not Graduate, No,7100000,27900000,8,583,8900000,7600000,19600000,6300000, Approved
3132,1, Graduate, Yes,200000,400000,18,859,300000,100000,400000,200000, Approved
3133,2, Graduate, No,3100000,7300000,14,504,3200000,0,7200000,1500000, Rejected
3134,4, Graduate, No,700000,2300000,16,688,1500000,300000,1900000,400000, Approved
3135,3, Not Graduate, No,1800000,5700000,2,422,4800000,0,3700000,2300000, Approved
3136,3, Not Graduate, Yes,8400000,27000000,8,746,15000000,8400000,27000000,12500000, Approved
3137,3, Graduate, No,7400000,17500000,20,317,17700000,14000000,27000000,9500000, Rejected
3138,2, Not Graduate, Yes,6700000,20200000,6,701,8800000,12200000,13900000,8200000, Approved
3139,1, Graduate, Yes,1700000,6000000,16,754,3900000,1500000,6400000,1800000, Approved
3140,3, Not Graduate, Yes,300000,600000,10,515,300000,200000,1000000,200000, Rejected
3141,1, Graduate, Yes,3800000,8800000,12,670,5200000,4700000,12200000,3800000, Approved
3142,5, Graduate, Yes,1300000,4000000,8,407,3800000,1300000,3500000,1100000, Rejected
3143,5, Not Graduate, Yes,3100000,10900000,12,884,6100000,3700000,12300000,4100000, Approved
3144,1, Graduate, Yes,200000,400000,20,882,400000,100000,300000,0, Approved
3145,2, Not Graduate, Yes,8100000,24700000,6,595,5500000,14300000,27300000,6500000, Approved
3146,1, Not Graduate, Yes,8900000,22900000,4,757,8200000,11600000,17800000,7800000, Approved
3147,5, Graduate, Yes,4200000,8500000,4,386,8700000,4600000,10500000,6000000, Rejected
3148,5, Not Graduate, Yes,4100000,11100000,18,756,1700000,3000000,10800000,3000000, Approved
3149,3, Not Graduate, No,8300000,25700000,12,453,24000000,14600000,20400000,5700000, Rejected
3150,3, Not Graduate, No,7500000,25200000,8,316,1000000,800000,18300000,9000000, Rejected
3151,3, Graduate, No,2100000,7700000,6,703,700000,4000000,8200000,1300000, Approved
3152,3, Graduate, No,1400000,3200000,8,753,2200000,2000000,3600000,2000000, Approved
3153,0, Not Graduate, No,6900000,23500000,2,621,7800000,7300000,23100000,9400000, Approved
3154,0, Graduate, Yes,2500000,9100000,10,852,5000000,4700000,7400000,1500000, Approved
3155,3, Not Graduate, Yes,3800000,9400000,12,301,7800000,2800000,14900000,5000000, Rejected
3156,3, Not Graduate, Yes,7700000,29300000,10,359,6800000,6100000,21900000,4200000, Rejected
3157,1, Not Graduate, No,3200000,6600000,16,534,8800000,2600000,6500000,1800000, Rejected
3158,0, Not Graduate, Yes,8600000,20000000,10,704,25400000,10000000,30800000,10300000, Approved
3159,3, Not Graduate, Yes,3800000,13700000,16,662,4800000,400000,12400000,5300000, Approved
3160,3, Graduate, No,8400000,31100000,18,599,20600000,14100000,20500000,8500000, Approved
3161,1, Graduate, No,1600000,5400000,4,319,4200000,2200000,4200000,1600000, Approved
3162,2, Not Graduate, No,7800000,19400000,16,549,18600000,13300000,24100000,6900000, Rejected
3163,1, Graduate, Yes,9400000,21000000,12,443,14100000,2700000,23200000,5600000, Rejected
3164,3, Not Graduate, Yes,9900000,26700000,10,550,22200000,15900000,36800000,6600000, Approved
3165,4, Not Graduate, No,2400000,8000000,18,393,-100000,200000,7600000,3000000, Rejected
3166,2, Graduate, Yes,7500000,15100000,8,488,19800000,0,28500000,6700000, Rejected
3167,5, Graduate, No,3300000,11800000,16,845,6000000,1500000,9200000,2600000, Approved
3168,2, Graduate, No,5500000,19000000,2,382,12500000,1000000,15200000,8100000, Approved
3169,5, Not Graduate, No,2400000,7500000,12,357,2600000,2900000,6100000,1300000, Rejected
3170,1, Not Graduate, Yes,8700000,27500000,16,815,8000000,13400000,23600000,5900000, Approved
3171,1, Not Graduate, No,9600000,26000000,16,368,18500000,16600000,29900000,8400000, Rejected
3172,0, Graduate, No,8400000,19800000,16,674,500000,12200000,27400000,10700000, Approved
3173,5, Not Graduate, No,9200000,23900000,10,335,5800000,15300000,35400000,10700000, Rejected
3174,2, Graduate, Yes,4600000,12600000,2,355,6300000,6900000,14800000,6500000, Rejected
3175,5, Not Graduate, No,7600000,17500000,6,510,9100000,3500000,15700000,9800000, Rejected
3176,4, Graduate, No,8500000,17800000,4,698,6700000,4300000,28600000,8000000, Approved
3177,4, Not Graduate, Yes,3100000,8200000,18,408,2900000,3800000,10800000,3100000, Rejected
3178,3, Graduate, Yes,4900000,13100000,18,401,5700000,4100000,16400000,3600000, Rejected
3179,5, Not Graduate, Yes,5800000,14000000,14,418,3900000,10400000,15100000,6800000, Rejected
3180,0, Not Graduate, No,5700000,21300000,4,697,3000000,6800000,20000000,5500000, Approved
3181,4, Graduate, No,3200000,12200000,14,683,-100000,1100000,7500000,2900000, Rejected
3182,4, Not Graduate, Yes,8000000,31500000,16,763,14900000,8800000,17600000,8900000, Approved
3183,4, Not Graduate, No,5000000,11400000,6,336,1600000,4000000,15500000,2500000, Rejected
3184,2, Not Graduate, Yes,2900000,8300000,10,693,7500000,1900000,9700000,4300000, Approved
3185,2, Not Graduate, No,6400000,23900000,18,745,14800000,4000000,16300000,7000000, Approved
3186,5, Graduate, No,6300000,22500000,18,629,300000,3900000,23100000,8000000, Approved
3187,0, Not Graduate, No,5900000,23300000,16,581,2200000,8100000,14900000,5800000, Approved
3188,1, Graduate, No,8100000,29600000,4,672,8200000,5100000,21100000,5400000, Approved
3189,5, Graduate, Yes,7100000,20100000,4,700,16900000,2900000,15600000,4500000, Approved
3190,1, Not Graduate, No,1400000,4400000,14,787,1600000,1200000,4200000,800000, Approved
3191,3, Graduate, Yes,2300000,8000000,8,300,4200000,3800000,7300000,1200000, Rejected
3192,1, Graduate, No,7400000,16100000,4,655,22000000,12900000,25300000,4300000, Approved
3193,0, Graduate, Yes,5300000,13300000,12,572,4200000,2500000,18000000,7100000, Approved
3194,5, Graduate, Yes,7700000,16400000,2,663,1100000,14800000,15800000,3900000, Approved
3195,0, Not Graduate, No,5000000,10700000,16,726,1600000,1100000,15700000,4800000, Approved
3196,5, Not Graduate, Yes,6000000,12300000,12,680,11400000,5300000,13800000,7300000, Approved
3197,0, Graduate, No,1400000,2700000,2,685,3400000,800000,5400000,1300000, Approved
3198,5, Not Graduate, Yes,9400000,23100000,6,762,12400000,10200000,22300000,6600000, Approved
3199,3, Not Graduate, No,5200000,17200000,18,768,9200000,5500000,11700000,3800000, Approved
3200,0, Graduate, No,3100000,11100000,8,504,3500000,4600000,11400000,1800000, Rejected
3201,3, Not Graduate, Yes,8400000,20500000,12,796,22900000,10500000,17600000,11200000, Approved
3202,0, Not Graduate, No,1200000,2900000,18,348,400000,1200000,2900000,600000, Rejected
3203,5, Not Graduate, Yes,4800000,13100000,6,717,8300000,8900000,18300000,2800000, Approved
3204,5, Not Graduate, Yes,9200000,34200000,4,565,500000,13900000,23600000,12300000, Approved
3205,2, Not Graduate, No,5300000,10900000,6,647,14600000,3500000,18700000,3200000, Approved
3206,3, Graduate, No,4700000,10900000,2,626,9200000,2300000,14600000,5200000, Approved
3207,0, Not Graduate, No,6500000,24700000,6,554,2700000,1100000,22700000,9600000, Approved
3208,4, Graduate, Yes,3200000,11500000,20,864,8700000,5000000,12100000,4100000, Approved
3209,4, Graduate, No,4600000,12500000,6,406,10800000,200000,14000000,6800000, Rejected
3210,5, Graduate, No,700000,1800000,10,650,1300000,100000,1500000,300000, Approved
3211,5, Not Graduate, Yes,7600000,16500000,8,534,8900000,10300000,24900000,8300000, Rejected
3212,4, Graduate, No,1200000,2600000,8,872,1600000,2100000,2700000,900000, Approved
3213,2, Graduate, No,5100000,16500000,12,845,12100000,9000000,11400000,5700000, Approved
3214,1, Not Graduate, Yes,4300000,16300000,14,792,400000,400000,10200000,4000000, Rejected
3215,4, Graduate, No,300000,1200000,18,544,700000,100000,800000,100000, Rejected
3216,2, Graduate, Yes,4000000,13000000,10,552,3700000,1600000,15600000,3400000, Approved
3217,5, Not Graduate, No,3900000,14900000,12,837,1100000,500000,14400000,3600000, Approved
3218,0, Not Graduate, Yes,6900000,21300000,18,845,17400000,5600000,21400000,6600000, Approved
3219,4, Not Graduate, Yes,7000000,24100000,10,677,18800000,6000000,21600000,6300000, Approved
3220,1, Graduate, No,6300000,18300000,20,430,13000000,1300000,23000000,9200000, Rejected
3221,3, Graduate, Yes,8900000,22500000,12,887,23300000,10800000,33500000,9500000, Approved
3222,0, Not Graduate, Yes,5700000,19400000,8,544,4300000,6400000,19900000,5800000, Rejected
3223,4, Not Graduate, Yes,5200000,18300000,10,355,400000,3800000,10600000,3400000, Rejected
3224,4, Graduate, No,7400000,17500000,4,540,8800000,7600000,17900000,3600000, Rejected
3225,5, Graduate, No,6500000,16000000,14,444,1100000,7900000,23100000,7900000, Rejected
3226,3, Graduate, No,6200000,14900000,14,567,1200000,9100000,20800000,8800000, Approved
3227,5, Not Graduate, Yes,2400000,6500000,20,513,6400000,2100000,5200000,2600000, Rejected
3228,0, Not Graduate, No,2500000,7100000,10,590,4000000,800000,6100000,2600000, Approved
3229,2, Graduate, Yes,2700000,8500000,20,368,4900000,4500000,5900000,2100000, Rejected
3230,5, Not Graduate, No,3000000,7600000,6,413,2300000,3500000,11400000,1700000, Rejected
3231,4, Graduate, Yes,6100000,13600000,4,401,10700000,2000000,20500000,3900000, Rejected
3232,3, Graduate, No,1500000,5400000,18,687,200000,400000,4500000,1700000, Approved
3233,2, Graduate, No,6500000,14100000,14,577,4600000,12000000,25100000,3900000, Approved
3234,4, Not Graduate, No,200000,700000,10,576,500000,100000,400000,300000, Approved
3235,1, Not Graduate, No,9900000,23400000,16,687,28200000,3700000,29600000,8200000, Approved
3236,4, Graduate, No,5500000,11600000,12,474,1800000,2400000,20100000,5600000, Rejected
3237,4, Graduate, No,1200000,4400000,6,709,2800000,2300000,4100000,1700000, Approved
3238,4, Graduate, Yes,6900000,20200000,18,438,9600000,6200000,26800000,5700000, Rejected
3239,3, Graduate, Yes,8000000,25300000,4,306,22300000,7300000,24400000,6600000, Approved
3240,3, Not Graduate, Yes,4100000,13900000,20,383,1900000,2300000,15800000,3800000, Rejected
3241,2, Graduate, No,1400000,4700000,20,563,400000,2300000,2800000,1400000, Approved
3242,4, Not Graduate, Yes,1600000,3200000,20,371,1600000,2300000,4600000,1000000, Rejected
3243,1, Graduate, No,2100000,4200000,12,379,2700000,2100000,8100000,2500000, Rejected
3244,1, Not Graduate, No,8800000,30200000,18,897,17100000,7900000,28700000,11100000, Approved
3245,3, Not Graduate, Yes,7100000,25400000,10,725,20600000,5300000,16000000,8600000, Approved
3246,1, Not Graduate, No,8600000,31500000,16,678,19700000,13400000,22200000,5300000, Approved
3247,2, Not Graduate, Yes,5400000,14800000,6,724,1000000,400000,13100000,5400000, Approved
3248,3, Graduate, Yes,1000000,2500000,6,808,2900000,600000,2000000,500000, Approved
3249,0, Graduate, No,5400000,18400000,8,625,12100000,3000000,13000000,4800000, Approved
3250,2, Graduate, No,4200000,16800000,4,771,6500000,4500000,10500000,5800000, Approved
3251,2, Not Graduate, No,7500000,22400000,14,695,8100000,3900000,15300000,9400000, Approved
3252,4, Graduate, No,1200000,3300000,2,564,2200000,500000,4700000,1100000, Approved
3253,4, Graduate, Yes,6300000,14500000,10,349,3800000,12300000,16500000,5700000, Rejected
3254,4, Graduate, Yes,300000,900000,4,797,300000,400000,600000,400000, Approved
3255,3, Graduate, No,7400000,28800000,8,391,20000000,7900000,23600000,7200000, Rejected
3256,5, Not Graduate, No,2200000,5400000,12,833,4900000,3300000,7000000,1600000, Approved
3257,5, Graduate, No,4000000,9100000,10,515,600000,6400000,9900000,5500000, Rejected
3258,4, Graduate, Yes,2700000,10400000,16,671,6100000,3700000,5600000,4000000, Approved
3259,0, Not Graduate, Yes,2000000,6900000,4,404,4900000,1600000,4200000,3000000, Approved
3260,4, Not Graduate, No,6400000,14800000,6,537,2300000,3700000,18600000,6500000, Rejected
3261,5, Not Graduate, Yes,1400000,5100000,4,348,2100000,900000,4000000,1300000, Approved
3262,0, Not Graduate, Yes,2800000,6300000,12,647,4100000,0,8700000,2300000, Approved
3263,2, Not Graduate, Yes,8200000,28700000,14,316,23300000,16100000,17700000,4300000, Rejected
3264,3, Not Graduate, No,9000000,26700000,14,638,5300000,0,31300000,5200000, Approved
3265,5, Not Graduate, Yes,800000,2100000,12,363,1200000,1000000,3100000,900000, Rejected
3266,4, Not Graduate, Yes,6100000,21200000,6,808,700000,7200000,22300000,6100000, Approved
3267,4, Not Graduate, Yes,2400000,9400000,2,871,3700000,300000,7100000,3500000, Approved
3268,4, Graduate, Yes,6000000,17000000,12,607,15300000,3200000,22100000,3900000, Approved
3269,2, Not Graduate, Yes,7900000,22500000,6,571,8100000,5300000,17900000,8100000, Approved
3270,3, Graduate, Yes,9500000,25700000,18,446,16900000,13600000,29300000,10100000, Rejected
3271,3, Not Graduate, Yes,1800000,6400000,20,436,1500000,2900000,4400000,1300000, Rejected
3272,3, Not Graduate, Yes,5800000,14100000,12,738,11700000,4400000,15400000,8400000, Approved
3273,3, Graduate, No,2800000,9400000,10,519,7000000,3500000,7700000,1500000, Rejected
3274,3, Graduate, Yes,4000000,8300000,8,531,3700000,7400000,15200000,5900000, Rejected
3275,1, Not Graduate, No,1000000,3400000,18,578,2300000,400000,3100000,1200000, Approved
3276,0, Graduate, No,9100000,21100000,20,578,5900000,6200000,33700000,5600000, Approved
3277,0, Graduate, No,4600000,18100000,14,442,2800000,200000,15600000,3300000, Rejected
3278,2, Not Graduate, No,7800000,16900000,6,751,17400000,6300000,20400000,11700000, Approved
3279,4, Graduate, Yes,6600000,18800000,10,353,16500000,9500000,20000000,6200000, Rejected
3280,5, Not Graduate, No,9800000,26600000,12,664,5200000,2900000,22500000,14100000, Approved
3281,1, Graduate, No,7400000,26600000,18,505,2200000,2400000,22400000,3900000, Rejected
3282,3, Graduate, Yes,4300000,16600000,10,571,5700000,3700000,12800000,5800000, Approved
3283,2, Not Graduate, Yes,9800000,34600000,16,754,12400000,14900000,34700000,6100000, Approved
3284,5, Not Graduate, No,1100000,3900000,20,858,3200000,1200000,3800000,1100000, Approved
3285,3, Graduate, Yes,8600000,21800000,20,641,5300000,8800000,24000000,9100000, Approved
3286,0, Not Graduate, Yes,9400000,35500000,16,592,9300000,11800000,30500000,5800000, Approved
3287,3, Graduate, Yes,5300000,20300000,14,432,15000000,0,17200000,5900000, Rejected
3288,1, Not Graduate, Yes,8700000,33800000,18,558,18300000,11500000,31500000,5900000, Approved
3289,3, Graduate, Yes,4800000,14200000,12,547,10400000,700000,9800000,2400000, Rejected
3290,4, Not Graduate, No,4400000,9800000,18,732,2400000,2400000,15100000,4400000, Approved
3291,1, Graduate, Yes,5400000,19300000,12,784,5000000,1800000,20300000,6500000, Approved
3292,5, Not Graduate, Yes,8400000,31900000,10,605,18900000,10300000,22000000,9100000, Approved
3293,1, Graduate, Yes,5400000,19500000,18,688,12100000,800000,17000000,3500000, Approved
3294,3, Not Graduate, Yes,9400000,32100000,10,617,22700000,5800000,29400000,11400000, Approved
3295,0, Not Graduate, Yes,800000,2400000,4,518,500000,800000,2800000,500000, Approved
3296,0, Not Graduate, No,3800000,14800000,10,390,5900000,5700000,9500000,4600000, Rejected
3297,4, Graduate, No,3100000,6300000,4,370,8600000,4100000,8800000,2800000, Rejected
3298,3, Not Graduate, Yes,6000000,21300000,4,802,4700000,8900000,17300000,7600000, Approved
3299,2, Not Graduate, Yes,6800000,15500000,12,338,9900000,1200000,21800000,8500000, Rejected
3300,5, Not Graduate, No,5200000,11700000,6,658,8100000,5100000,11400000,5600000, Approved
3301,0, Not Graduate, No,1900000,6700000,12,595,3000000,3200000,4900000,1700000, Approved
3302,5, Graduate, Yes,3600000,8500000,20,594,4400000,6400000,7400000,4500000, Approved
3303,3, Graduate, Yes,1500000,4100000,14,611,600000,2000000,4800000,2100000, Approved
3304,3, Not Graduate, No,2000000,5800000,8,799,3000000,3100000,5500000,1000000, Approved
3305,5, Graduate, No,9200000,18600000,20,497,1000000,300000,24200000,10700000, Rejected
3306,0, Not Graduate, Yes,6100000,15900000,18,456,12900000,10800000,19100000,8800000, Rejected
3307,5, Not Graduate, No,300000,500000,8,396,400000,300000,1200000,200000, Rejected
3308,1, Graduate, No,800000,2300000,10,770,900000,900000,2900000,1100000, Approved
3309,0, Not Graduate, No,3300000,9000000,16,797,3000000,6400000,10300000,3300000, Approved
3310,1, Not Graduate, No,5800000,18700000,20,586,14100000,3000000,15600000,6000000, Approved
3311,5, Not Graduate, No,8500000,23400000,16,604,25100000,16500000,24500000,4800000, Approved
3312,0, Not Graduate, Yes,4100000,12800000,8,799,3700000,700000,9400000,2700000, Approved
3313,2, Graduate, No,7800000,26400000,4,763,2200000,8400000,16600000,6700000, Approved
3314,0, Graduate, No,7500000,23000000,14,725,8900000,4800000,20200000,7100000, Approved
3315,2, Graduate, No,2300000,8800000,18,336,1800000,800000,5200000,1500000, Rejected
3316,4, Graduate, Yes,600000,2300000,6,495,1700000,600000,2000000,300000, Rejected
3317,1, Not Graduate, No,2900000,11500000,20,431,3600000,3800000,5900000,3100000, Rejected
3318,5, Not Graduate, No,900000,2200000,2,415,600000,1700000,2900000,700000, Rejected
3319,5, Graduate, Yes,9000000,20400000,6,451,5200000,11400000,28200000,9000000, Rejected
3320,1, Not Graduate, No,4800000,14300000,4,489,12400000,7900000,17700000,3600000, Rejected
3321,1, Graduate, No,1600000,4600000,12,415,800000,600000,3900000,1500000, Rejected
3322,3, Not Graduate, No,2600000,8100000,12,425,7300000,1900000,6800000,2200000, Rejected
3323,4, Graduate, Yes,1800000,4600000,14,453,1700000,2400000,4700000,1600000, Rejected
3324,5, Graduate, Yes,4400000,11800000,20,634,5900000,7300000,15200000,4300000, Approved
3325,2, Not Graduate, No,200000,300000,20,519,0,0,400000,300000, Rejected
3326,4, Not Graduate, Yes,800000,2100000,6,353,700000,300000,2900000,1200000, Rejected
3327,3, Graduate, No,1500000,3200000,4,767,2000000,400000,3700000,1400000, Approved
3328,0, Not Graduate, Yes,7700000,16900000,14,473,22100000,4000000,29000000,6400000, Rejected
3329,5, Graduate, Yes,7200000,21300000,2,801,9900000,1700000,20400000,7200000, Approved
3330,4, Graduate, No,1000000,2300000,16,543,200000,100000,2000000,1000000, Rejected
3331,1, Graduate, No,6300000,17200000,12,714,10100000,4200000,24700000,8500000, Approved
3332,3, Graduate, No,1900000,4100000,12,830,4600000,1100000,5300000,2100000, Approved
3333,5, Graduate, No,4400000,15300000,4,401,200000,5400000,17500000,2400000, Approved
3334,0, Not Graduate, No,9100000,26400000,6,518,15800000,1100000,35300000,5700000, Rejected
3335,2, Graduate, Yes,900000,2300000,20,367,0,1200000,3400000,1300000, Rejected
3336,0, Graduate, Yes,4600000,12000000,12,493,4500000,700000,16200000,3600000, Rejected
3337,2, Graduate, Yes,9400000,22700000,14,505,4000000,16900000,24700000,11500000, Rejected
3338,5, Graduate, No,6900000,26500000,16,322,20500000,9800000,17100000,9400000, Rejected
3339,2, Graduate, No,300000,900000,8,735,800000,400000,500000,100000, Approved
3340,5, Graduate, Yes,1900000,6700000,2,622,4200000,200000,3900000,1700000, Approved
3341,4, Graduate, Yes,4400000,16400000,6,513,5400000,7500000,13100000,5700000, Rejected
3342,4, Not Graduate, Yes,1200000,4100000,16,585,900000,900000,2300000,900000, Approved
3343,1, Graduate, Yes,1000000,3000000,10,813,2900000,500000,3300000,800000, Approved
3344,0, Graduate, No,3100000,10400000,18,622,1300000,5000000,7200000,1600000, Approved
3345,1, Graduate, Yes,2100000,6300000,16,899,2400000,2200000,4400000,2200000, Approved
3346,0, Not Graduate, No,2100000,4700000,2,459,4000000,1300000,8100000,1200000, Rejected
3347,4, Graduate, No,9400000,33300000,18,369,20600000,5600000,32200000,7200000, Rejected
3348,2, Not Graduate, No,9700000,37700000,6,601,300000,3100000,23800000,11800000, Approved
3349,4, Graduate, No,1400000,2700000,18,703,600000,1300000,5400000,900000, Approved
3350,2, Not Graduate, No,4700000,14600000,20,597,8200000,6000000,14100000,6800000, Approved
3351,3, Not Graduate, Yes,4100000,13300000,10,670,1900000,5500000,13200000,6100000, Approved
3352,4, Not Graduate, Yes,1200000,2800000,6,366,3300000,300000,4200000,1400000, Rejected
3353,5, Not Graduate, No,7900000,27800000,16,857,23300000,12500000,17200000,10600000, Approved
3354,2, Not Graduate, No,6600000,15000000,16,401,13600000,6600000,23500000,3300000, Rejected
3355,0, Not Graduate, No,2200000,8800000,4,437,1600000,2300000,8300000,2000000, Approved
3356,3, Not Graduate, No,5500000,17600000,8,882,5800000,7800000,20300000,3100000, Approved
3357,4, Graduate, No,5100000,15500000,8,392,6700000,8100000,13600000,6700000, Rejected
3358,2, Not Graduate, Yes,3900000,7700000,10,421,9700000,7500000,14100000,2100000, Rejected
3359,5, Graduate, No,200000,400000,6,722,300000,300000,400000,100000, Approved
3360,4, Graduate, No,5800000,14700000,10,692,2300000,10100000,17700000,3900000, Approved
3361,5, Not Graduate, No,8300000,20700000,2,537,8400000,14300000,19700000,7800000, Rejected
3362,5, Graduate, Yes,2600000,5500000,8,676,6700000,800000,7200000,1300000, Approved
3363,1, Graduate, No,2100000,8100000,6,817,4600000,2900000,4900000,2900000, Approved
3364,4, Not Graduate, No,3900000,10800000,20,433,4700000,1600000,14500000,2300000, Rejected
3365,1, Graduate, Yes,5200000,16300000,6,524,11000000,3400000,20700000,4600000, Rejected
3366,3, Not Graduate, Yes,7800000,24400000,20,490,6700000,5100000,17700000,4100000, Rejected
3367,3, Not Graduate, Yes,5400000,14300000,4,595,4100000,2800000,19300000,4900000, Approved
3368,2, Not Graduate, No,2900000,11000000,2,835,4900000,3200000,11500000,1400000, Approved
3369,4, Graduate, No,7100000,28300000,6,850,5600000,7100000,26000000,9700000, Approved
3370,1, Graduate, Yes,800000,2500000,4,409,1300000,1000000,3100000,900000, Approved
3371,5, Graduate, Yes,3400000,12800000,10,760,9800000,4300000,11000000,4600000, Approved
3372,1, Graduate, Yes,6800000,17600000,14,344,5500000,5600000,18100000,7700000, Rejected
3373,4, Graduate, Yes,7000000,27100000,12,881,8300000,9400000,17200000,9500000, Approved
3374,0, Graduate, Yes,9300000,24500000,10,600,20200000,700000,32600000,5400000, Approved
3375,2, Graduate, No,7500000,19900000,10,790,3500000,13000000,19900000,5900000, Approved
3376,3, Graduate, Yes,8000000,31200000,20,392,7300000,8400000,16000000,6000000, Rejected
3377,5, Graduate, Yes,1600000,4100000,2,748,1400000,1000000,4200000,1000000, Approved
3378,1, Graduate, Yes,6700000,18800000,6,798,8700000,5900000,18000000,6100000, Approved
3379,3, Not Graduate, No,3800000,11400000,4,323,5800000,4000000,9600000,4400000, Approved
3380,1, Not Graduate, Yes,2700000,5400000,6,413,4800000,1500000,6100000,2600000, Rejected
3381,3, Graduate, No,1300000,2900000,8,733,3800000,1900000,3800000,1800000, Approved
3382,4, Not Graduate, No,3400000,10500000,16,543,3100000,4500000,11100000,4500000, Rejected
3383,3, Graduate, No,3400000,10900000,14,757,5400000,1600000,7700000,3000000, Approved
3384,5, Graduate, Yes,2400000,6800000,8,464,1900000,1300000,9500000,1900000, Rejected
3385,0, Not Graduate, No,1900000,6900000,4,749,2100000,3700000,4300000,2200000, Approved
3386,4, Graduate, No,700000,2200000,6,680,300000,200000,2500000,300000, Approved
3387,1, Not Graduate, No,6900000,20900000,4,574,3200000,1800000,25000000,5200000, Approved
3388,5, Graduate, Yes,300000,800000,18,774,400000,200000,900000,400000, Approved
3389,3, Not Graduate, No,6000000,18700000,10,387,6600000,6200000,23300000,6700000, Rejected
3390,1, Not Graduate, No,4300000,16400000,20,397,6700000,6200000,10200000,5700000, Rejected
3391,4, Graduate, No,5800000,13500000,14,816,13800000,9300000,20400000,7900000, Approved
3392,2, Graduate, Yes,3300000,6700000,8,845,1300000,4600000,12300000,3200000, Approved
3393,2, Not Graduate, No,400000,1500000,4,743,700000,500000,1200000,300000, Approved
3394,5, Not Graduate, No,300000,600000,4,418,500000,200000,700000,200000, Rejected
3395,1, Not Graduate, No,4200000,10700000,6,466,7400000,7000000,14000000,4700000, Rejected
3396,2, Not Graduate, Yes,600000,2300000,12,335,400000,900000,1200000,400000, Rejected
3397,5, Not Graduate, Yes,4400000,15200000,6,446,9500000,2200000,16700000,5800000, Rejected
3398,0, Graduate, Yes,9200000,29400000,2,868,9200000,13800000,32000000,5300000, Approved
3399,2, Graduate, Yes,6900000,25300000,4,763,9000000,3600000,21300000,5500000, Approved
3400,5, Not Graduate, Yes,5100000,13700000,14,527,12100000,8900000,19400000,4700000, Rejected
3401,4, Graduate, No,3400000,12700000,2,741,3300000,6100000,7700000,3700000, Approved
3402,4, Not Graduate, Yes,8600000,26800000,12,802,7400000,2800000,32100000,11700000, Approved
3403,3, Not Graduate, Yes,9200000,28900000,8,538,13900000,8300000,32400000,4900000, Rejected
3404,5, Graduate, Yes,4800000,16300000,4,523,8800000,2300000,10000000,2800000, Approved
3405,4, Not Graduate, No,2800000,8300000,14,381,3200000,1100000,9100000,1500000, Rejected
3406,1, Graduate, Yes,3400000,7000000,4,534,3100000,1600000,13000000,4000000, Rejected
3407,5, Not Graduate, Yes,800000,2200000,14,574,2200000,1200000,1700000,1100000, Approved
3408,1, Not Graduate, No,4100000,11100000,6,405,12000000,2900000,9000000,5900000, Rejected
3409,0, Not Graduate, No,1900000,3800000,16,542,800000,500000,4000000,2100000, Rejected
3410,5, Graduate, Yes,6700000,25400000,14,820,10300000,8100000,18500000,3900000, Approved
3411,0, Graduate, No,5200000,13400000,2,505,12000000,7900000,20400000,6200000, Rejected
3412,3, Graduate, Yes,6700000,16400000,2,508,4400000,10900000,25300000,9200000, Rejected
3413,1, Not Graduate, Yes,4700000,15000000,20,835,2100000,2500000,10100000,3800000, Approved
3414,0, Not Graduate, No,6000000,22000000,12,826,1400000,2000000,14100000,7000000, Approved
3415,5, Not Graduate, Yes,6500000,18900000,12,427,5100000,1900000,18200000,7800000, Rejected
3416,3, Graduate, No,500000,2000000,12,890,800000,700000,1800000,400000, Approved
3417,4, Not Graduate, No,5700000,13300000,2,333,9400000,3000000,11800000,8200000, Rejected
3418,4, Not Graduate, Yes,6800000,20000000,12,679,20200000,10900000,26900000,6600000, Approved
3419,5, Not Graduate, No,3100000,12300000,18,805,4900000,1900000,6100000,2800000, Approved
3420,3, Not Graduate, No,5100000,11000000,16,826,11800000,2900000,12900000,2700000, Approved
3421,1, Not Graduate, Yes,6300000,23900000,10,844,16300000,4900000,16800000,4500000, Approved
3422,5, Graduate, Yes,4400000,14100000,10,663,5300000,4900000,17500000,2600000, Approved
3423,1, Not Graduate, No,8100000,21900000,6,884,15100000,5400000,27500000,6600000, Approved
3424,1, Not Graduate, No,1100000,3700000,2,508,200000,0,2200000,1300000, Approved
3425,0, Graduate, Yes,2400000,6900000,4,581,5100000,4500000,6000000,3400000, Approved
3426,3, Graduate, Yes,7000000,26300000,12,481,14300000,12800000,15100000,9900000, Rejected
3427,1, Graduate, Yes,8700000,30000000,12,543,21900000,12700000,30600000,12700000, Rejected
3428,0, Not Graduate, Yes,3500000,12600000,10,448,1200000,2500000,10400000,3600000, Rejected
3429,1, Graduate, Yes,1600000,5300000,4,713,1400000,1400000,4900000,1300000, Approved
3430,5, Not Graduate, Yes,7800000,17300000,16,493,800000,4500000,16300000,9300000, Rejected
3431,2, Not Graduate, No,3700000,9200000,10,819,8500000,2000000,10200000,3100000, Approved
3432,4, Graduate, No,400000,1400000,18,827,-100000,0,900000,600000, Approved
3433,0, Not Graduate, No,4800000,15700000,10,398,4900000,7400000,17100000,6400000, Rejected
3434,0, Graduate, Yes,2900000,7500000,18,692,3200000,300000,7500000,4000000, Approved
3435,5, Graduate, Yes,5000000,14600000,18,509,11800000,2500000,19800000,4900000, Rejected
3436,0, Graduate, Yes,7600000,18100000,16,439,12800000,5900000,29800000,10600000, Rejected
3437,1, Graduate, No,3000000,9400000,4,622,600000,3500000,9600000,2000000, Approved
3438,3, Not Graduate, Yes,200000,700000,18,526,400000,100000,500000,0, Rejected
3439,5, Not Graduate, Yes,6800000,19000000,8,865,9500000,7200000,25000000,6300000, Approved
3440,5, Not Graduate, Yes,9700000,27400000,2,328,0,18400000,22000000,7900000, Rejected
3441,0, Graduate, Yes,1200000,4200000,4,768,2800000,2200000,2800000,1500000, Approved
3442,5, Not Graduate, Yes,7400000,24000000,16,854,4300000,6700000,20600000,8700000, Approved
3443,4, Graduate, No,6900000,20800000,4,839,2600000,2400000,16100000,7400000, Approved
3444,0, Not Graduate, Yes,9100000,23300000,18,414,17700000,2500000,33800000,6400000, Rejected
3445,0, Graduate, Yes,1300000,4700000,16,530,3200000,1000000,3800000,800000, Rejected
3446,3, Graduate, No,6600000,14600000,10,841,15300000,12100000,14800000,6000000, Approved
3447,3, Not Graduate, Yes,1800000,5700000,14,670,5300000,3100000,3500000,2700000, Approved
3448,5, Not Graduate, Yes,8200000,20900000,14,726,11400000,4800000,26000000,8400000, Approved
3449,4, Not Graduate, No,2800000,8300000,14,352,4900000,2600000,7100000,3700000, Rejected
3450,1, Graduate, Yes,7000000,16000000,4,554,13000000,8600000,26600000,7900000, Approved
3451,4, Graduate, No,700000,1800000,18,728,400000,1300000,2200000,600000, Approved
3452,0, Not Graduate, No,7400000,25500000,6,463,2300000,5600000,26800000,8400000, Rejected
3453,5, Not Graduate, Yes,2300000,5000000,10,431,300000,3700000,8700000,2900000, Rejected
3454,1, Graduate, Yes,600000,1900000,8,445,1200000,100000,1600000,300000, Rejected
3455,5, Graduate, No,1000000,3000000,4,896,2800000,1100000,2000000,1100000, Approved
3456,1, Not Graduate, Yes,2200000,5200000,8,420,2900000,100000,5000000,2300000, Rejected
3457,1, Not Graduate, No,8000000,30900000,2,315,23500000,1200000,19500000,7300000, Approved
3458,4, Not Graduate, No,8600000,20900000,10,867,24300000,7200000,23700000,9900000, Approved
3459,3, Not Graduate, Yes,7500000,26000000,2,342,13900000,1900000,26900000,11200000, Approved
3460,5, Not Graduate, Yes,5200000,11800000,18,711,14300000,5100000,15500000,4500000, Approved
3461,2, Not Graduate, No,7900000,20900000,2,723,1700000,1800000,16300000,7100000, Approved
3462,1, Graduate, Yes,4200000,11300000,4,704,4700000,2800000,14900000,4000000, Approved
3463,0, Graduate, No,6500000,20200000,16,842,8300000,12200000,14300000,9600000, Approved
3464,0, Graduate, Yes,7400000,15200000,12,600,6200000,8500000,18800000,4100000, Approved
3465,3, Not Graduate, No,9100000,25600000,12,688,8900000,16300000,27900000,11100000, Approved
3466,0, Not Graduate, No,800000,2300000,16,739,1800000,600000,2000000,400000, Approved
3467,1, Graduate, Yes,800000,2800000,10,798,1300000,1300000,2500000,400000, Approved
3468,5, Graduate, Yes,4100000,9900000,4,319,7600000,7400000,12000000,5500000, Rejected
3469,5, Graduate, Yes,4200000,8700000,6,583,6000000,800000,8500000,2500000, Approved
3470,3, Graduate, Yes,4800000,11500000,12,535,3600000,8000000,15600000,5400000, Rejected
3471,3, Not Graduate, Yes,8300000,25900000,8,696,14400000,12200000,23500000,7100000, Approved
3472,4, Not Graduate, No,7600000,23900000,8,672,2500000,1600000,20200000,6700000, Approved
3473,4, Graduate, No,5100000,12300000,20,410,9200000,9200000,18700000,5600000, Rejected
3474,5, Graduate, No,3600000,11600000,14,546,8500000,300000,12000000,4800000, Rejected
3475,3, Not Graduate, Yes,5400000,16800000,16,550,10700000,6400000,13400000,7000000, Approved
3476,5, Not Graduate, No,700000,1400000,4,344,1500000,800000,2600000,300000, Rejected
3477,2, Not Graduate, Yes,9800000,38200000,10,743,5400000,14800000,24300000,5300000, Approved
3478,4, Graduate, No,9700000,36400000,4,772,13800000,11300000,38100000,13500000, Approved
3479,0, Graduate, Yes,9400000,29900000,12,302,12300000,1500000,35700000,8200000, Rejected
3480,3, Graduate, Yes,3200000,9100000,18,376,4500000,800000,9000000,1700000, Rejected
3481,0, Graduate, Yes,3700000,11600000,10,747,0,4500000,9000000,3500000, Approved
3482,2, Graduate, Yes,4200000,15800000,6,710,12300000,3700000,12600000,4600000, Approved
3483,2, Not Graduate, No,7000000,24200000,6,892,20600000,500000,21400000,9200000, Approved
3484,3, Not Graduate, No,3200000,11500000,16,492,4800000,2300000,10400000,3200000, Rejected
3485,5, Graduate, No,7900000,17700000,2,559,19700000,2800000,28900000,5400000, Approved
3486,3, Not Graduate, No,2200000,8300000,18,314,1100000,900000,5800000,2000000, Rejected
3487,0, Graduate, Yes,2700000,8400000,6,744,1200000,4100000,7500000,2000000, Approved
3488,5, Not Graduate, No,6800000,18000000,12,690,17800000,11800000,25000000,9300000, Approved
3489,3, Graduate, Yes,6300000,23300000,4,347,18300000,12200000,21100000,8100000, Approved
3490,5, Graduate, Yes,9000000,31400000,2,677,12000000,10800000,20700000,8700000, Approved
3491,1, Graduate, No,4700000,15700000,4,468,13300000,5100000,16200000,3600000, Approved
3492,2, Not Graduate, No,8100000,17500000,4,674,10800000,12700000,23200000,9300000, Approved
3493,2, Not Graduate, No,9000000,27300000,14,353,22600000,4400000,26900000,7200000, Rejected
3494,4, Not Graduate, No,3800000,14100000,8,727,3900000,4900000,8200000,5400000, Approved
3495,4, Not Graduate, Yes,8800000,22200000,10,512,6800000,4000000,31900000,9900000, Rejected
3496,3, Not Graduate, Yes,8700000,27200000,18,454,9100000,9300000,30900000,12000000, Rejected
3497,5, Not Graduate, No,5000000,12400000,14,315,7400000,8600000,17000000,4000000, Rejected
3498,0, Not Graduate, Yes,6000000,22700000,10,480,200000,11900000,13700000,8700000, Rejected
3499,2, Graduate, Yes,9100000,24200000,16,685,25600000,1900000,31100000,9100000, Approved
3500,1, Graduate, No,7400000,17900000,6,460,2600000,1300000,25900000,5000000, Rejected
3501,1, Not Graduate, Yes,8300000,28400000,16,704,1400000,11700000,16900000,11400000, Approved
3502,1, Graduate, Yes,7600000,23900000,12,692,500000,12200000,27000000,5000000, Approved
3503,1, Not Graduate, Yes,3500000,9600000,4,398,1700000,6000000,7900000,4600000, Rejected
3504,5, Graduate, Yes,1000000,3500000,18,882,900000,500000,2900000,600000, Approved
3505,5, Graduate, Yes,9900000,25900000,4,860,7800000,200000,38000000,5400000, Approved
3506,2, Graduate, Yes,5700000,15100000,18,330,5900000,3800000,16600000,6200000, Rejected
3507,5, Graduate, No,700000,2400000,16,447,1300000,700000,2600000,800000, Rejected
3508,0, Not Graduate, Yes,9600000,23800000,12,788,9900000,14400000,21200000,10400000, Approved
3509,1, Not Graduate, No,9300000,28900000,6,526,11100000,1600000,19700000,11000000, Rejected
3510,0, Graduate, No,9500000,28400000,18,577,6200000,10300000,30200000,14100000, Approved
3511,4, Graduate, Yes,8700000,23400000,16,372,10600000,11700000,20000000,8000000, Rejected
3512,5, Graduate, Yes,7300000,21000000,14,759,15500000,8000000,20300000,10800000, Approved
3513,3, Graduate, Yes,4100000,12700000,10,465,6400000,1900000,14100000,3200000, Rejected
3514,2, Graduate, No,2900000,10200000,4,789,1200000,4100000,6100000,3600000, Approved
3515,3, Graduate, Yes,7500000,17900000,2,680,7000000,11800000,25000000,6300000, Approved
3516,1, Graduate, No,7900000,25700000,20,681,14900000,3000000,18100000,8800000, Approved
3517,1, Graduate, Yes,6900000,22300000,16,673,17400000,100000,21300000,9000000, Approved
3518,0, Not Graduate, No,6900000,22900000,10,313,5600000,9300000,26200000,8000000, Rejected
3519,0, Not Graduate, No,4800000,18800000,16,551,7900000,9400000,17300000,5500000, Approved
3520,5, Graduate, Yes,7700000,24400000,8,453,1400000,7700000,22000000,10000000, Rejected
3521,3, Not Graduate, No,6900000,22700000,4,650,900000,13400000,15500000,6400000, Approved
3522,1, Not Graduate, No,1200000,4500000,4,439,3200000,1800000,2900000,1200000, Approved
3523,1, Graduate, No,2900000,9600000,4,658,8200000,4300000,7000000,2700000, Approved
3524,4, Graduate, Yes,5500000,18900000,6,379,13900000,9100000,18500000,3100000, Rejected
3525,4, Graduate, Yes,3200000,10700000,4,450,7300000,3000000,8200000,1800000, Approved
3526,5, Not Graduate, No,2600000,8200000,4,849,7400000,2000000,8900000,2700000, Approved
3527,0, Graduate, No,500000,1600000,18,865,1400000,400000,1000000,200000, Approved
3528,0, Graduate, No,1800000,6900000,10,853,900000,400000,3700000,1700000, Rejected
3529,0, Not Graduate, No,1300000,4900000,12,555,2400000,1200000,4100000,1700000, Approved
3530,1, Not Graduate, No,9900000,20700000,20,821,12700000,8200000,38100000,11100000, Approved
3531,0, Not Graduate, No,2000000,4700000,2,820,4700000,500000,7900000,1200000, Approved
3532,1, Not Graduate, No,5100000,15300000,4,721,7000000,6100000,15300000,5900000, Approved
3533,4, Graduate, Yes,8200000,24000000,20,831,23000000,3000000,24800000,5400000, Approved
3534,5, Not Graduate, No,4200000,12600000,18,571,8900000,3200000,11700000,6200000, Approved
3535,2, Not Graduate, Yes,1300000,4900000,8,582,2100000,1800000,3400000,1700000, Approved
3536,1, Not Graduate, Yes,4600000,13600000,18,487,11200000,8500000,15500000,5400000, Rejected
3537,1, Not Graduate, No,6600000,19700000,12,758,16000000,4400000,18800000,9500000, Approved
3538,2, Graduate, Yes,8300000,30100000,16,636,5200000,5100000,33100000,7200000, Approved
3539,0, Graduate, No,6900000,20700000,16,857,17100000,13700000,14600000,8800000, Approved
3540,4, Graduate, Yes,4700000,12500000,8,678,13700000,200000,9800000,7000000, Approved
3541,1, Graduate, No,7900000,15800000,8,551,800000,3500000,18700000,8300000, Approved
3542,3, Not Graduate, No,8800000,24900000,16,668,16700000,17200000,30000000,10500000, Approved
3543,1, Graduate, No,6500000,23400000,2,672,5000000,10400000,16700000,7600000, Approved
3544,3, Not Graduate, No,3500000,13700000,4,439,5200000,2800000,13000000,4400000, Approved
3545,2, Not Graduate, Yes,8200000,19600000,16,636,11500000,2300000,28800000,10700000, Approved
3546,0, Not Graduate, Yes,2000000,6000000,14,393,1500000,1400000,5900000,2900000, Rejected
3547,5, Not Graduate, No,2700000,8200000,2,848,7000000,1000000,6200000,1500000, Approved
3548,0, Graduate, Yes,5300000,17600000,4,790,2000000,10200000,19700000,7700000, Approved
3549,2, Not Graduate, No,9900000,19900000,6,312,21400000,2200000,31400000,11000000, Rejected
3550,2, Not Graduate, Yes,5000000,19500000,14,775,3100000,4700000,9900000,6500000, Approved
3551,2, Not Graduate, No,9100000,18600000,20,403,18400000,11700000,20300000,9200000, Rejected
3552,3, Not Graduate, Yes,7600000,26400000,14,867,9200000,700000,27900000,7400000, Approved
3553,0, Graduate, No,5200000,17800000,18,558,8300000,5400000,13000000,3100000, Approved
3554,5, Graduate, No,1800000,6000000,4,548,1400000,2400000,6500000,2600000, Approved
3555,0, Not Graduate, No,7300000,28200000,16,486,15300000,8800000,16400000,7700000, Rejected
3556,4, Graduate, No,3200000,11600000,6,635,3300000,4600000,6500000,3900000, Approved
3557,5, Graduate, No,5200000,20700000,2,538,3200000,2000000,14600000,3600000, Approved
3558,4, Not Graduate, No,7100000,28200000,14,496,6300000,10900000,27700000,4600000, Rejected
3559,4, Graduate, Yes,1400000,4800000,6,411,1400000,300000,4400000,1600000, Rejected
3560,4, Not Graduate, No,2700000,10700000,6,857,7400000,4200000,8200000,2800000, Approved
3561,5, Graduate, Yes,6500000,18100000,10,360,15700000,10600000,20200000,6100000, Rejected
3562,4, Graduate, No,9300000,35900000,18,461,9800000,12700000,26200000,11400000, Rejected
3563,0, Graduate, Yes,6700000,14900000,16,638,3300000,6900000,22300000,8100000, Approved
3564,5, Graduate, No,6800000,19300000,6,865,12100000,100000,22900000,9000000, Approved
3565,5, Not Graduate, No,5600000,13600000,4,449,5900000,5700000,18800000,4300000, Rejected
3566,1, Not Graduate, Yes,1900000,4700000,2,870,4700000,2300000,3900000,2300000, Approved
3567,5, Not Graduate, No,8400000,19500000,6,815,5300000,2500000,24000000,7200000, Approved
3568,2, Not Graduate, Yes,2500000,7200000,16,454,4200000,1000000,7100000,2100000, Rejected
3569,1, Not Graduate, Yes,2900000,9900000,18,783,1300000,100000,11000000,2600000, Approved
3570,3, Graduate, Yes,3200000,7400000,2,543,3600000,4500000,11200000,4600000, Rejected
3571,4, Not Graduate, Yes,3000000,10900000,2,786,7600000,3300000,8000000,3200000, Approved
3572,3, Graduate, Yes,800000,2500000,20,395,1500000,300000,1600000,500000, Rejected
3573,2, Not Graduate, Yes,400000,1300000,2,885,200000,300000,1100000,500000, Approved
3574,2, Not Graduate, No,4400000,10600000,20,488,10800000,2400000,13200000,4600000, Rejected
3575,2, Not Graduate, Yes,8700000,19900000,10,829,7500000,10500000,20200000,8400000, Approved
3576,4, Not Graduate, No,7400000,15400000,6,677,22000000,13500000,28900000,7400000, Approved
3577,4, Not Graduate, Yes,5700000,14400000,12,645,14500000,8600000,12900000,4700000, Approved
3578,5, Not Graduate, Yes,9700000,27600000,10,788,9400000,3100000,31800000,10600000, Approved
3579,2, Not Graduate, No,7000000,22400000,6,649,12200000,9900000,17800000,8900000, Approved
3580,2, Not Graduate, No,8900000,23100000,4,519,22800000,500000,25200000,4700000, Rejected
3581,3, Graduate, Yes,3100000,11200000,14,772,3400000,5800000,8300000,2100000, Approved
3582,4, Graduate, No,2200000,6100000,12,330,5500000,2900000,5000000,2200000, Rejected
3583,5, Not Graduate, Yes,7100000,21500000,4,557,8900000,8000000,26400000,4000000, Approved
3584,4, Graduate, Yes,8200000,19000000,6,334,24500000,6800000,28600000,10200000, Rejected
3585,3, Graduate, Yes,9800000,28400000,12,487,8900000,15400000,30800000,11100000, Rejected
3586,2, Graduate, Yes,3900000,9700000,8,539,4400000,7600000,7900000,5100000, Rejected
3587,2, Graduate, Yes,2200000,8100000,8,710,500000,2900000,7300000,1000000, Approved
3588,5, Not Graduate, Yes,600000,1700000,20,879,1100000,100000,2300000,700000, Approved
3589,4, Not Graduate, Yes,6900000,22000000,10,512,6100000,9100000,20600000,3900000, Rejected
3590,2, Graduate, Yes,7400000,27300000,18,561,12600000,400000,27100000,9600000, Approved
3591,3, Not Graduate, Yes,4000000,11600000,6,539,5900000,2600000,12100000,4700000, Rejected
3592,3, Not Graduate, Yes,700000,2000000,18,544,800000,1300000,1500000,400000, Rejected
3593,2, Not Graduate, Yes,1900000,4600000,16,631,3200000,2700000,4500000,2700000, Approved
3594,2, Graduate, No,2200000,6800000,20,546,4600000,200000,4500000,2200000, Rejected
3595,1, Graduate, Yes,2000000,5600000,14,569,5000000,1100000,7900000,1600000, Approved
3596,4, Not Graduate, No,7400000,17900000,6,384,13400000,12300000,22400000,4700000, Rejected
3597,2, Not Graduate, Yes,2300000,9000000,6,583,3600000,1300000,6900000,3400000, Approved
3598,5, Not Graduate, Yes,4000000,15500000,12,517,0,600000,12100000,3500000, Rejected
3599,3, Graduate, Yes,1500000,5800000,18,420,800000,1900000,4100000,1400000, Rejected
3600,2, Not Graduate, Yes,5200000,12900000,18,644,400000,5000000,12000000,7500000, Approved
3601,2, Graduate, No,5400000,14500000,8,349,10800000,4800000,21100000,6600000, Rejected
3602,3, Graduate, No,7700000,25300000,18,662,3400000,11400000,19100000,9900000, Approved
3603,0, Not Graduate, Yes,1900000,6400000,20,704,900000,3400000,5300000,1900000, Approved
3604,4, Not Graduate, Yes,6400000,15500000,2,324,18400000,11100000,13900000,4500000, Rejected
3605,5, Graduate, No,700000,1700000,18,757,1900000,200000,2100000,600000, Approved
3606,3, Graduate, Yes,5800000,23000000,16,361,6000000,10100000,23000000,2800000, Rejected
3607,1, Graduate, No,1800000,5400000,4,415,4400000,2000000,5600000,1800000, Approved
3608,5, Graduate, Yes,4300000,13800000,18,618,9600000,800000,14000000,2400000, Approved
3609,4, Graduate, No,8000000,27100000,8,524,16900000,10900000,25600000,8400000, Rejected
3610,0, Not Graduate, No,1100000,4100000,18,887,400000,1300000,2600000,1300000, Approved
3611,2, Not Graduate, Yes,8800000,31100000,12,729,12300000,2400000,21900000,9400000, Approved
3612,4, Graduate, No,4800000,18600000,14,774,10800000,5800000,12700000,6500000, Approved
3613,0, Not Graduate, Yes,200000,700000,20,724,600000,0,500000,300000, Approved
3614,5, Graduate, Yes,1400000,2700000,16,320,900000,2500000,2700000,2000000, Rejected
3615,5, Graduate, No,2500000,6400000,16,590,3200000,3900000,5800000,3500000, Approved
3616,5, Graduate, No,8100000,25300000,8,796,15900000,12600000,21500000,7800000, Approved
3617,0, Graduate, Yes,6100000,19200000,6,890,13900000,5900000,16700000,7600000, Approved
3618,0, Not Graduate, Yes,2000000,4600000,16,651,2100000,2400000,7200000,1600000, Approved
3619,4, Not Graduate, No,4800000,10100000,12,634,9200000,300000,15000000,6900000, Approved
3620,4, Graduate, Yes,900000,2800000,2,660,1200000,1400000,2400000,900000, Approved
3621,4, Not Graduate, No,1300000,3500000,12,512,3300000,1400000,3200000,700000, Rejected
3622,4, Not Graduate, Yes,4200000,9100000,2,900,6700000,5300000,10900000,5900000, Approved
3623,2, Graduate, Yes,3300000,11100000,20,823,4600000,1500000,11700000,2900000, Approved
3624,2, Not Graduate, Yes,8700000,28400000,12,880,8000000,1800000,19400000,4400000, Approved
3625,1, Not Graduate, Yes,800000,2600000,2,439,600000,0,1800000,400000, Approved
3626,5, Graduate, Yes,7400000,17100000,2,441,14700000,1600000,20600000,10800000, Rejected
3627,3, Not Graduate, No,6900000,18500000,6,360,14000000,0,18800000,9600000, Rejected
3628,1, Graduate, Yes,8800000,33700000,14,561,10200000,7100000,25700000,11900000, Approved
3629,2, Graduate, Yes,8600000,32500000,4,758,20900000,600000,18000000,6900000, Approved
3630,2, Graduate, No,5400000,20600000,18,621,11200000,2200000,11600000,5500000, Approved
3631,4, Graduate, Yes,2900000,5900000,18,621,200000,3100000,8500000,3500000, Approved
3632,3, Graduate, No,9800000,21000000,12,342,25400000,16600000,26900000,7000000, Rejected
3633,4, Graduate, No,3300000,10800000,4,552,4200000,900000,8600000,3300000, Approved
3634,0, Not Graduate, No,300000,500000,18,376,300000,0,800000,300000, Rejected
3635,0, Graduate, No,1500000,4300000,12,801,4400000,2200000,3300000,1100000, Approved
3636,3, Not Graduate, Yes,5400000,16300000,4,512,1600000,3400000,13100000,6000000, Approved
3637,0, Graduate, No,6600000,15200000,18,497,1500000,6900000,14500000,9300000, Rejected
3638,0, Graduate, No,5700000,17200000,8,386,4200000,7100000,14400000,2900000, Rejected
3639,3, Not Graduate, Yes,8500000,26100000,2,683,6600000,10400000,24100000,5700000, Approved
3640,0, Graduate, No,7400000,24100000,16,779,800000,2900000,28900000,4900000, Approved
3641,3, Not Graduate, Yes,7800000,17700000,6,876,15600000,15200000,25100000,10800000, Approved
3642,3, Graduate, Yes,7200000,16500000,18,515,7800000,6300000,17300000,10600000, Rejected
3643,2, Not Graduate, No,7600000,19300000,12,463,5400000,1500000,16000000,9600000, Rejected
3644,4, Not Graduate, Yes,7000000,26700000,4,486,10600000,12200000,18800000,6000000, Approved
3645,0, Not Graduate, No,5700000,13000000,6,328,7800000,7500000,20700000,8200000, Rejected
3646,2, Not Graduate, No,8200000,30600000,10,343,9800000,11500000,16900000,7000000, Rejected
3647,0, Graduate, Yes,9000000,27800000,8,712,900000,6700000,24400000,5800000, Approved
3648,3, Not Graduate, No,3900000,11900000,6,607,6600000,6000000,8800000,2000000, Approved
3649,0, Graduate, No,6500000,16200000,4,812,17200000,10700000,20200000,6200000, Approved
3650,4, Not Graduate, Yes,2300000,7700000,16,589,6000000,4400000,6300000,2300000, Approved
3651,1, Not Graduate, No,5700000,21800000,18,657,14100000,3200000,21800000,3200000, Approved
3652,4, Not Graduate, No,800000,2800000,12,453,1500000,300000,2900000,600000, Rejected
3653,4, Not Graduate, Yes,8400000,19700000,14,889,22400000,5800000,22000000,12100000, Approved
3654,1, Graduate, Yes,4300000,17200000,4,564,10400000,6600000,11500000,2200000, Approved
3655,1, Not Graduate, Yes,300000,900000,20,419,800000,0,600000,300000, Rejected
3656,1, Graduate, No,8700000,34000000,16,663,5400000,10700000,17800000,8100000, Approved
3657,1, Not Graduate, No,4400000,12100000,4,884,9800000,6500000,15000000,6000000, Approved
3658,1, Graduate, Yes,5600000,16800000,16,528,7500000,6500000,12300000,3900000, Rejected
3659,2, Graduate, No,600000,1300000,12,475,100000,1100000,2300000,600000, Rejected
3660,4, Not Graduate, Yes,2500000,5100000,20,695,1100000,4100000,6700000,3500000, Approved
3661,5, Not Graduate, No,3800000,10500000,10,759,1800000,6700000,8100000,5300000, Approved
3662,2, Not Graduate, No,2500000,9600000,4,636,900000,1000000,7300000,2000000, Approved
3663,3, Not Graduate, Yes,5500000,20400000,10,546,10600000,8200000,13500000,4000000, Rejected
3664,5, Graduate, Yes,4500000,17100000,2,639,10600000,7500000,12000000,6500000, Approved
3665,4, Not Graduate, No,1900000,4000000,10,388,500000,1400000,5600000,900000, Rejected
3666,5, Graduate, Yes,6400000,20000000,12,594,100000,2100000,16500000,5500000, Approved
3667,1, Not Graduate, Yes,3800000,11100000,6,760,2100000,1800000,8700000,5700000, Approved
3668,4, Not Graduate, Yes,6300000,16900000,16,582,16000000,3600000,23700000,6000000, Approved
3669,3, Not Graduate, No,300000,600000,6,896,300000,400000,600000,400000, Approved
3670,5, Not Graduate, Yes,7100000,21800000,18,891,7000000,0,18900000,4700000, Approved
3671,2, Not Graduate, Yes,600000,1700000,2,495,1700000,200000,1200000,500000, Rejected
3672,3, Graduate, Yes,4400000,15300000,16,865,1200000,8400000,15000000,3400000, Approved
3673,4, Not Graduate, No,7600000,20800000,12,775,1900000,13600000,19200000,6400000, Approved
3674,5, Graduate, Yes,8700000,26400000,10,318,11800000,2900000,23200000,9200000, Rejected
3675,3, Graduate, Yes,5600000,12700000,12,395,8200000,9300000,22000000,6400000, Rejected
3676,4, Not Graduate, No,4100000,13100000,14,772,11200000,4200000,10500000,3800000, Approved
3677,2, Not Graduate, Yes,7900000,16100000,18,318,17300000,2900000,29900000,9300000, Rejected
3678,3, Not Graduate, Yes,5600000,20900000,14,649,4000000,10700000,13000000,8200000, Approved
3679,3, Not Graduate, No,1200000,3100000,10,438,1500000,2200000,3900000,1000000, Rejected
3680,5, Graduate, No,6900000,19700000,6,588,9800000,7500000,17100000,7300000, Approved
3681,5, Not Graduate, No,2700000,5600000,2,815,1100000,2000000,7100000,2600000, Approved
3682,4, Graduate, Yes,9800000,22100000,4,364,16800000,11100000,26500000,7300000, Rejected
3683,2, Not Graduate, No,9300000,32300000,4,586,14300000,6400000,37000000,10400000, Approved
3684,4, Not Graduate, No,6700000,25300000,12,555,16900000,3600000,23500000,4900000, Approved
3685,4, Graduate, No,1300000,4600000,10,312,1800000,600000,3100000,800000, Rejected
3686,2, Graduate, Yes,7900000,17100000,16,605,19200000,14100000,21900000,10400000, Approved
3687,5, Not Graduate, No,6700000,23200000,18,672,1600000,6700000,20800000,5400000, Approved
3688,2, Not Graduate, Yes,2100000,4500000,18,591,2500000,500000,5500000,1500000, Approved
3689,4, Graduate, Yes,4700000,11000000,4,321,10100000,100000,9600000,6900000, Rejected
3690,2, Graduate, No,3700000,13400000,16,393,6400000,600000,14200000,3500000, Rejected
3691,0, Graduate, Yes,5800000,21800000,2,561,4400000,7200000,15000000,4200000, Approved
3692,5, Graduate, Yes,2400000,6900000,20,725,1700000,400000,8800000,2400000, Approved
3693,1, Not Graduate, Yes,8100000,27600000,16,438,1000000,10500000,32200000,8000000, Rejected
3694,5, Graduate, Yes,5400000,21400000,12,399,4000000,9700000,12400000,6800000, Rejected
3695,0, Graduate, No,1400000,5400000,8,592,4100000,400000,4300000,800000, Approved
3696,2, Not Graduate, No,2500000,8600000,8,835,2500000,4000000,7700000,1300000, Approved
3697,0, Not Graduate, Yes,1600000,5300000,4,733,400000,2100000,5500000,1100000, Approved
3698,0, Not Graduate, No,3700000,10600000,20,484,5800000,1300000,13900000,3500000, Rejected
3699,5, Not Graduate, Yes,500000,1800000,20,615,500000,700000,1100000,300000, Approved
3700,3, Not Graduate, Yes,5300000,19500000,4,591,13200000,4700000,19800000,7900000, Approved
3701,0, Graduate, Yes,2800000,6800000,12,349,4100000,2000000,11100000,1400000, Rejected
3702,1, Graduate, Yes,9600000,29900000,18,478,18500000,15200000,38200000,9400000, Rejected
3703,4, Graduate, No,2200000,7800000,20,633,0,3900000,8400000,1900000, Approved
3704,1, Not Graduate, Yes,8400000,30900000,8,378,18600000,1000000,25900000,11100000, Rejected
3705,1, Not Graduate, No,2100000,5300000,20,461,1500000,3800000,8100000,1700000, Rejected
3706,2, Not Graduate, Yes,2800000,7000000,2,834,500000,2900000,8100000,1300000, Approved
3707,0, Not Graduate, No,2500000,5800000,20,671,7400000,500000,7500000,2000000, Approved
3708,3, Graduate, Yes,1700000,5800000,10,524,4100000,2900000,6600000,800000, Rejected
3709,3, Graduate, No,6100000,20700000,4,816,14900000,5400000,24200000,5900000, Approved
3710,3, Graduate, No,4100000,11700000,10,729,6900000,6200000,15400000,2100000, Approved
3711,5, Not Graduate, Yes,4500000,12700000,8,307,11000000,3800000,12600000,2700000, Rejected
3712,2, Graduate, Yes,5600000,19100000,8,350,2700000,1200000,14200000,4200000, Rejected
3713,3, Not Graduate, Yes,5800000,16600000,10,444,13300000,5900000,15000000,8500000, Rejected
3714,4, Not Graduate, No,8600000,26700000,10,895,2200000,8800000,22600000,6900000, Approved
3715,2, Graduate, No,2900000,10500000,20,708,4200000,600000,7700000,4300000, Approved
3716,2, Not Graduate, Yes,8300000,17600000,2,355,1000000,700000,28400000,6800000, Rejected
3717,5, Not Graduate, No,2400000,5100000,6,756,1500000,200000,5300000,3400000, Approved
3718,4, Graduate, No,5600000,12000000,4,719,5600000,2900000,14500000,3400000, Approved
3719,1, Graduate, Yes,9500000,35400000,14,439,400000,1200000,20200000,13500000, Rejected
3720,4, Not Graduate, Yes,4900000,15900000,10,668,10800000,8300000,14900000,2800000, Approved
3721,4, Not Graduate, Yes,5900000,16500000,2,765,13000000,9400000,20000000,3500000, Approved
3722,5, Graduate, Yes,500000,1500000,4,476,200000,200000,1100000,700000, Approved
3723,3, Graduate, No,7000000,21700000,14,781,5400000,8500000,19300000,9600000, Approved
3724,1, Not Graduate, No,3500000,12700000,4,350,5200000,6800000,12900000,1800000, Approved
3725,0, Graduate, No,5200000,12200000,16,783,5000000,2000000,11400000,5100000, Approved
3726,3, Graduate, Yes,6300000,19900000,12,770,1900000,2400000,15500000,3100000, Approved
3727,2, Not Graduate, No,8400000,28300000,10,822,1800000,16000000,33000000,4400000, Approved
3728,1, Not Graduate, Yes,7500000,22500000,14,469,12300000,9600000,16200000,4500000, Rejected
3729,2, Graduate, No,3300000,13000000,16,300,5500000,5900000,7400000,3100000, Rejected
3730,2, Not Graduate, No,8800000,22400000,14,692,21700000,5100000,18600000,10900000, Approved
3731,5, Graduate, No,200000,700000,18,707,-100000,100000,500000,200000, Approved
3732,5, Not Graduate, Yes,8000000,29100000,4,658,10600000,8600000,28800000,4600000, Approved
3733,3, Graduate, No,1000000,4000000,6,625,700000,100000,2800000,500000, Approved
3734,1, Graduate, No,9400000,26700000,10,343,7600000,2500000,28600000,13200000, Rejected
3735,5, Graduate, No,2100000,7300000,18,358,3700000,3200000,7200000,2200000, Rejected
3736,4, Graduate, Yes,5400000,11500000,20,705,14600000,3800000,13500000,6100000, Approved
3737,2, Graduate, Yes,4700000,15100000,8,799,9700000,2500000,10700000,4700000, Approved
3738,3, Graduate, No,8800000,33700000,12,397,17300000,16000000,22200000,8800000, Rejected
3739,5, Graduate, No,3200000,12200000,6,493,7700000,6200000,6700000,2100000, Rejected
3740,0, Graduate, Yes,7200000,21900000,4,446,17700000,10900000,24500000,7600000, Approved
3741,2, Not Graduate, Yes,2500000,7200000,16,315,5500000,3300000,4900000,2800000, Rejected
3742,5, Not Graduate, Yes,6900000,15700000,14,887,13800000,5300000,25200000,4500000, Approved
3743,5, Graduate, Yes,5700000,20500000,16,429,2800000,1900000,22400000,3900000, Rejected
3744,4, Graduate, Yes,5500000,15100000,18,673,10500000,8000000,13900000,7200000, Approved
3745,4, Not Graduate, Yes,9200000,29100000,10,731,14500000,8300000,35800000,5000000, Approved
3746,5, Graduate, Yes,5700000,11500000,2,732,15800000,3700000,15600000,5300000, Approved
3747,5, Graduate, Yes,5000000,16400000,14,525,13000000,9100000,15300000,3300000, Rejected
3748,4, Not Graduate, No,2300000,5500000,6,343,-100000,4100000,4800000,3200000, Rejected
3749,0, Not Graduate, Yes,3000000,11000000,16,331,8000000,4500000,6600000,2400000, Rejected
3750,0, Not Graduate, No,7900000,26200000,18,845,14200000,14700000,27400000,6300000, Approved
3751,2, Graduate, No,2000000,6200000,16,696,4100000,600000,5400000,1300000, Approved
3752,5, Not Graduate, No,2700000,8700000,14,772,2200000,2800000,7600000,3700000, Approved
3753,3, Graduate, Yes,6400000,15800000,18,628,6900000,2700000,24800000,5300000, Approved
3754,0, Not Graduate, Yes,8200000,19100000,2,764,22900000,8900000,20500000,4000000, Approved
3755,1, Graduate, No,2800000,6900000,14,553,400000,4900000,6800000,4200000, Approved
3756,1, Not Graduate, No,8900000,20000000,2,653,12700000,600000,17800000,9900000, Approved
3757,1, Not Graduate, No,5100000,20000000,4,506,7900000,8900000,20300000,6700000, Approved
3758,3, Graduate, No,2800000,8500000,20,431,6200000,1700000,7800000,2200000, Rejected
3759,2, Not Graduate, Yes,6100000,12300000,18,697,14100000,9100000,12600000,3500000, Approved
3760,2, Not Graduate, No,8400000,24500000,6,588,11000000,1300000,22900000,10400000, Approved
3761,1, Not Graduate, No,1600000,5600000,6,846,600000,2800000,4600000,1200000, Approved
3762,5, Graduate, No,4100000,11000000,14,379,6200000,1700000,8500000,5400000, Rejected
3763,1, Not Graduate, No,300000,700000,10,745,0,0,900000,100000, Approved
3764,3, Graduate, No,9600000,34500000,20,523,26100000,2600000,24300000,5300000, Rejected
3765,4, Graduate, Yes,8300000,25400000,4,624,22900000,4000000,24800000,5400000, Approved
3766,1, Graduate, No,4600000,16700000,16,407,13000000,6000000,9800000,2800000, Rejected
3767,3, Not Graduate, Yes,5600000,11600000,12,756,3300000,1800000,18400000,7800000, Approved
3768,3, Graduate, Yes,4100000,8300000,16,351,6000000,100000,11100000,2200000, Rejected
3769,3, Not Graduate, No,3700000,13400000,18,373,2800000,100000,13200000,2500000, Rejected
3770,4, Not Graduate, Yes,800000,2400000,2,461,1300000,1300000,2300000,300000, Approved
3771,4, Graduate, No,8100000,28100000,12,672,5600000,9200000,17200000,9500000, Approved
3772,2, Graduate, Yes,2700000,9500000,10,434,2700000,1500000,8100000,1800000, Rejected
3773,2, Not Graduate, Yes,7000000,21400000,12,541,3700000,1300000,19800000,9600000, Rejected
3774,3, Not Graduate, Yes,8100000,29300000,2,413,8100000,15100000,25500000,6400000, Approved
3775,1, Graduate, No,3200000,7600000,4,592,3000000,1400000,8100000,4700000, Approved
3776,4, Not Graduate, Yes,400000,1400000,10,665,300000,300000,1500000,200000, Approved
3777,1, Graduate, No,7800000,23900000,4,313,2600000,15300000,23000000,10900000, Approved
3778,0, Not Graduate, No,5800000,19600000,14,673,8900000,10700000,18000000,7200000, Approved
3779,0, Not Graduate, Yes,2600000,6000000,8,382,1700000,2200000,8200000,1600000, Rejected
3780,5, Not Graduate, No,5400000,21100000,12,661,15800000,10400000,20100000,5400000, Approved
3781,3, Graduate, Yes,600000,1700000,4,576,400000,100000,2100000,500000, Approved
3782,1, Graduate, No,600000,1200000,14,443,700000,1000000,2200000,800000, Rejected
3783,5, Graduate, Yes,9500000,21700000,16,307,27500000,2700000,28500000,9700000, Rejected
3784,4, Graduate, Yes,1900000,4800000,12,656,1500000,1600000,5400000,1700000, Approved
3785,1, Graduate, Yes,9800000,21200000,4,885,18000000,16400000,37300000,10800000, Approved
3786,3, Graduate, No,7800000,16600000,20,896,12400000,10800000,30500000,5500000, Approved
3787,5, Not Graduate, No,4900000,14100000,2,802,3300000,7500000,16100000,2700000, Approved
3788,3, Graduate, Yes,8300000,22700000,2,650,3600000,16000000,18000000,5800000, Approved
3789,4, Not Graduate, Yes,3900000,8900000,10,665,9300000,4000000,9200000,5300000, Approved
3790,2, Graduate, No,9000000,35700000,12,339,15200000,8400000,19500000,9000000, Rejected
3791,1, Not Graduate, No,9600000,32400000,20,447,15400000,18400000,19800000,4700000, Rejected
3792,5, Not Graduate, Yes,1000000,2400000,18,613,1600000,1300000,2600000,600000, Approved
3793,5, Graduate, No,2800000,7200000,16,424,900000,5000000,6100000,3200000, Rejected
3794,2, Not Graduate, No,8300000,20800000,6,667,19300000,4100000,25400000,6800000, Approved
3795,4, Not Graduate, Yes,6900000,18300000,18,715,8200000,600000,15000000,7500000, Approved
3796,5, Not Graduate, Yes,3800000,9100000,18,654,9000000,4000000,10200000,3000000, Approved
3797,2, Not Graduate, No,8000000,17800000,20,549,2400000,9700000,27400000,10800000, Rejected
3798,4, Graduate, Yes,9800000,29700000,4,373,11100000,5500000,37800000,10000000, Approved
3799,0, Graduate, Yes,2900000,7200000,16,332,3600000,5700000,7600000,3600000, Rejected
3800,4, Graduate, No,7900000,31500000,20,534,12400000,8500000,21600000,6400000, Rejected
3801,3, Not Graduate, No,4600000,17900000,8,396,10700000,4000000,12300000,2600000, Rejected
3802,2, Graduate, No,1000000,3700000,18,892,2200000,800000,3000000,500000, Approved
3803,5, Graduate, No,9000000,21300000,14,602,3400000,7700000,35400000,11000000, Approved
3804,0, Graduate, Yes,9400000,36100000,10,615,21200000,3800000,27400000,9100000, Approved
3805,5, Graduate, Yes,7400000,23300000,20,482,15700000,3600000,29100000,6800000, Rejected
3806,0, Graduate, No,6600000,20100000,16,397,19200000,7000000,17200000,8400000, Rejected
3807,0, Not Graduate, No,1300000,3400000,10,464,1200000,200000,3500000,1400000, Rejected
3808,0, Graduate, Yes,1100000,3400000,14,832,3200000,200000,4400000,1600000, Approved
3809,5, Graduate, No,9200000,34800000,12,802,22000000,11000000,19800000,12500000, Approved
3810,2, Graduate, No,7000000,23900000,18,628,13400000,6600000,25200000,7200000, Approved
3811,4, Graduate, No,5100000,18800000,10,694,6400000,5300000,13500000,4100000, Approved
3812,1, Not Graduate, Yes,3200000,9300000,20,741,3800000,3500000,6900000,2300000, Approved
3813,1, Not Graduate, Yes,3700000,10900000,14,748,3700000,2800000,13200000,4100000, Approved
3814,5, Graduate, No,3600000,12800000,4,320,2500000,2900000,12600000,2900000, Approved
3815,1, Graduate, No,5600000,11700000,10,774,11000000,4300000,13100000,6500000, Approved
3816,0, Not Graduate, Yes,9500000,32000000,2,500,8300000,9700000,24500000,5600000, Approved
3817,4, Not Graduate, No,1500000,4000000,18,706,0,2700000,4400000,1700000, Approved
3818,4, Not Graduate, No,7400000,18300000,10,601,16400000,12600000,28800000,6100000, Approved
3819,2, Graduate, No,6000000,17400000,16,806,1800000,2100000,20200000,3500000, Approved
3820,0, Graduate, Yes,3000000,9600000,6,644,3900000,700000,10500000,3000000, Approved
3821,4, Graduate, Yes,6000000,12900000,14,723,700000,1600000,13600000,4100000, Approved
3822,5, Graduate, Yes,600000,1500000,12,509,1600000,100000,1900000,800000, Rejected
3823,0, Graduate, No,1800000,6600000,4,898,2400000,100000,4600000,1400000, Approved
3824,2, Graduate, Yes,5500000,12000000,2,567,7200000,4700000,11500000,7000000, Approved
3825,1, Graduate, No,1000000,2100000,6,715,2200000,1000000,2200000,1100000, Approved
3826,2, Not Graduate, Yes,1700000,3500000,10,854,5000000,2400000,3400000,1700000, Approved
3827,1, Graduate, Yes,3400000,12300000,8,523,6100000,4700000,8300000,2600000, Rejected
3828,1, Graduate, Yes,9600000,35900000,8,534,24500000,17700000,31900000,5400000, Rejected
3829,0, Not Graduate, Yes,2600000,7600000,18,470,700000,700000,5500000,2900000, Rejected
3830,1, Graduate, No,1600000,3500000,18,619,3200000,100000,6300000,1500000, Approved
3831,0, Graduate, Yes,4300000,12800000,20,572,8600000,2200000,11000000,6100000, Approved
3832,3, Graduate, No,1400000,3500000,16,365,2600000,2200000,2900000,1600000, Rejected
3833,0, Not Graduate, No,8000000,18000000,16,791,13900000,10300000,23400000,10600000, Approved
3834,4, Not Graduate, Yes,5000000,18100000,12,424,5200000,2000000,14500000,6100000, Rejected
3835,5, Graduate, No,4500000,10200000,12,726,2900000,8600000,17500000,4200000, Approved
3836,1, Graduate, No,3400000,9900000,2,736,3900000,4800000,10600000,4500000, Approved
3837,5, Graduate, Yes,5700000,12800000,14,488,13600000,1000000,13200000,5500000, Rejected
3838,2, Not Graduate, Yes,2600000,7600000,10,400,6800000,2800000,10100000,3200000, Rejected
3839,0, Graduate, Yes,4500000,12200000,20,311,11200000,5000000,12700000,2400000, Rejected
3840,2, Not Graduate, Yes,5100000,16800000,2,504,6400000,2700000,17100000,4400000, Approved
3841,4, Not Graduate, Yes,5100000,18600000,20,312,9600000,6000000,16500000,5500000, Rejected
3842,5, Graduate, Yes,1700000,6500000,14,587,1100000,1000000,6400000,1500000, Approved
3843,1, Not Graduate, No,5200000,10500000,20,317,3000000,8000000,19300000,5300000, Rejected
3844,4, Not Graduate, No,8400000,29000000,2,463,12700000,1100000,20100000,6700000, Approved
3845,1, Not Graduate, Yes,9000000,34000000,16,842,6300000,16900000,22900000,5800000, Approved
3846,4, Graduate, Yes,3400000,11800000,20,616,5000000,3300000,9900000,2900000, Approved
3847,1, Not Graduate, No,5400000,19400000,8,800,800000,6100000,19500000,3000000, Approved
3848,0, Graduate, Yes,700000,2100000,12,813,200000,1300000,2200000,500000, Approved
3849,2, Graduate, No,7600000,24800000,12,564,14000000,6200000,24700000,6700000, Approved
3850,2, Not Graduate, No,5000000,14700000,12,837,2200000,7200000,11700000,4800000, Approved
3851,5, Not Graduate, Yes,2500000,9400000,16,735,0,2200000,9500000,1700000, Approved
3852,4, Not Graduate, Yes,2000000,5200000,16,724,5200000,3800000,4600000,2800000, Approved
3853,5, Not Graduate, No,9000000,23900000,12,658,5700000,4600000,32100000,6100000, Approved
3854,5, Graduate, No,8300000,31800000,16,858,24600000,11100000,26300000,8500000, Approved
3855,0, Not Graduate, Yes,3100000,8500000,8,614,1700000,4600000,11000000,3300000, Approved
3856,2, Graduate, Yes,8500000,25600000,16,714,11400000,14800000,17200000,5700000, Approved
3857,2, Graduate, Yes,1200000,4600000,20,605,3600000,1500000,4600000,600000, Approved
3858,4, Graduate, Yes,2800000,5500000,8,875,6900000,4000000,6000000,3300000, Approved
3859,5, Graduate, Yes,2800000,10900000,6,359,5000000,3300000,7600000,3000000, Rejected
3860,5, Graduate, Yes,6500000,24100000,6,441,14100000,9600000,15300000,5200000, Rejected
3861,4, Graduate, No,8700000,25200000,18,790,25000000,9100000,18400000,8400000, Approved
3862,1, Not Graduate, Yes,5400000,13600000,4,821,11600000,8700000,19900000,5600000, Approved
3863,2, Not Graduate, No,8600000,33300000,16,375,19600000,11200000,25500000,11200000, Rejected
3864,3, Graduate, No,4700000,9600000,10,545,5200000,7200000,12000000,5300000, Rejected
3865,5, Not Graduate, Yes,1100000,3900000,4,891,1100000,200000,3400000,900000, Approved
3866,0, Graduate, No,6400000,14000000,8,486,5100000,12700000,23900000,3700000, Rejected
3867,0, Graduate, No,4300000,9900000,4,696,12400000,2100000,17000000,2100000, Approved
3868,5, Not Graduate, Yes,2900000,11100000,4,683,1700000,3900000,9400000,3300000, Approved
3869,5, Not Graduate, No,9600000,27100000,8,594,25500000,4600000,26800000,13300000, Approved
3870,3, Not Graduate, Yes,900000,2500000,20,529,900000,300000,3200000,700000, Rejected
3871,5, Not Graduate, No,8100000,26300000,4,429,3600000,8500000,22200000,6900000, Approved
3872,0, Not Graduate, Yes,8800000,25000000,4,400,11300000,4000000,23600000,9400000, Rejected
3873,0, Graduate, No,8800000,17500000,4,848,25400000,8200000,31600000,5100000, Approved
3874,1, Not Graduate, No,6400000,21500000,6,489,1600000,4600000,17600000,8900000, Rejected
3875,2, Graduate, No,2900000,6600000,10,326,8600000,2200000,7400000,3400000, Rejected
3876,5, Graduate, No,1600000,6100000,8,663,3900000,800000,6400000,1200000, Approved
3877,1, Not Graduate, No,1600000,5100000,18,729,2500000,2000000,6200000,900000, Approved
3878,2, Graduate, Yes,3100000,10700000,4,398,3100000,3000000,7400000,2000000, Approved
3879,2, Not Graduate, Yes,5600000,16700000,14,856,400000,10200000,14700000,5200000, Approved
3880,3, Graduate, Yes,8100000,19900000,20,347,22800000,14400000,29800000,5500000, Rejected
3881,3, Not Graduate, No,9100000,19300000,12,696,26200000,7700000,30100000,13300000, Approved
3882,0, Graduate, Yes,5500000,17100000,8,353,400000,200000,17100000,5200000, Rejected
3883,1, Graduate, Yes,9700000,34300000,20,756,15700000,18500000,26800000,14100000, Approved
3884,4, Graduate, No,2300000,5400000,16,490,6200000,3700000,5500000,2100000, Rejected
3885,1, Not Graduate, Yes,5600000,18000000,10,531,6500000,9000000,19800000,8400000, Rejected
3886,2, Not Graduate, Yes,4500000,16600000,4,679,10300000,3100000,11700000,5000000, Approved
3887,1, Graduate, Yes,500000,1800000,8,877,100000,200000,1100000,600000, Approved
3888,0, Graduate, No,4200000,11000000,20,817,6700000,2400000,11700000,6100000, Approved
3889,1, Not Graduate, No,9100000,23300000,18,792,800000,12600000,32100000,12400000, Approved
3890,4, Graduate, Yes,3200000,12800000,18,664,6300000,3400000,7600000,2100000, Approved
3891,4, Graduate, Yes,6200000,21300000,16,882,11800000,3500000,12900000,4100000, Approved
3892,3, Not Graduate, Yes,2500000,7700000,10,768,4500000,400000,8000000,2600000, Approved
3893,0, Graduate, No,9100000,27100000,12,787,24300000,2900000,34800000,9500000, Approved
3894,3, Graduate, Yes,500000,900000,12,538,0,700000,1500000,300000, Rejected
3895,4, Not Graduate, No,6900000,18000000,8,347,16400000,9300000,18300000,8700000, Rejected
3896,0, Graduate, Yes,1800000,5200000,16,317,4900000,1500000,4000000,1300000, Rejected
3897,0, Graduate, Yes,4000000,14500000,2,713,6200000,4900000,12200000,4700000, Approved
3898,1, Not Graduate, No,3900000,12300000,10,683,1000000,700000,11700000,2400000, Approved
3899,2, Not Graduate, Yes,8000000,28100000,18,765,24000000,10500000,17700000,8200000, Approved
3900,5, Graduate, No,900000,3200000,10,803,1600000,1700000,2300000,800000, Approved
3901,0, Graduate, Yes,8200000,29700000,6,405,3900000,800000,23900000,5700000, Rejected
3902,5, Graduate, No,2300000,4900000,4,529,6200000,3900000,9200000,2000000, Rejected
3903,5, Graduate, Yes,6900000,19400000,6,801,10100000,9400000,17000000,5500000, Approved
3904,3, Not Graduate, No,8800000,30700000,12,707,15000000,100000,32800000,8000000, Approved
3905,1, Graduate, No,2600000,7200000,8,349,5900000,1400000,9400000,3000000, Rejected
3906,1, Graduate, No,3700000,8700000,20,885,6200000,3500000,10900000,2600000, Approved
3907,2, Graduate, Yes,6200000,23800000,4,489,2900000,7500000,21300000,3300000, Approved
3908,3, Graduate, Yes,1000000,2600000,6,341,2900000,1700000,3600000,1100000, Rejected
3909,1, Not Graduate, No,6000000,20000000,12,637,10800000,4300000,20000000,8600000, Approved
3910,1, Not Graduate, Yes,9100000,31400000,4,304,14100000,16700000,30200000,9600000, Approved
3911,1, Graduate, No,1700000,6700000,16,537,4300000,2900000,3500000,1100000, Rejected
3912,5, Not Graduate, Yes,1700000,4600000,12,503,900000,2200000,4800000,1200000, Rejected
3913,1, Graduate, No,7100000,14300000,12,720,4600000,500000,27300000,8400000, Approved
3914,5, Graduate, No,9400000,36800000,10,509,20700000,7400000,22400000,6300000, Rejected
3915,5, Not Graduate, No,6200000,16400000,6,360,900000,7200000,22400000,6300000, Rejected
3916,1, Graduate, No,8300000,31800000,16,818,23400000,7400000,32200000,8500000, Approved
3917,1, Graduate, Yes,8900000,21200000,8,716,5400000,9200000,23800000,7900000, Approved
3918,1, Graduate, Yes,6500000,14800000,12,360,3500000,2100000,15000000,7300000, Rejected
3919,3, Graduate, Yes,8100000,26700000,10,895,5100000,9800000,17100000,9900000, Approved
3920,2, Not Graduate, No,4900000,13500000,8,328,10500000,8100000,18300000,3400000, Rejected
3921,4, Graduate, No,9100000,26600000,2,812,23300000,11900000,33100000,10400000, Approved
3922,3, Graduate, Yes,9000000,33100000,16,456,23800000,7000000,26000000,7100000, Rejected
3923,4, Graduate, Yes,1300000,3900000,16,566,700000,200000,3400000,1600000, Approved
3924,1, Not Graduate, No,6700000,25000000,20,598,5300000,12900000,13600000,7000000, Approved
3925,5, Not Graduate, No,3200000,9300000,6,656,7000000,3200000,12700000,4200000, Approved
3926,0, Not Graduate, No,7500000,28700000,2,895,2000000,4100000,21500000,7200000, Approved
3927,3, Graduate, No,4900000,12800000,14,653,7300000,1000000,13000000,7200000, Approved
3928,1, Not Graduate, Yes,700000,1800000,16,641,2100000,400000,1600000,900000, Approved
3929,2, Graduate, No,6400000,16500000,8,544,12100000,6300000,15200000,5400000, Rejected
3930,0, Not Graduate, Yes,3900000,14100000,20,811,5700000,3600000,10500000,5300000, Approved
3931,4, Graduate, No,9700000,26900000,10,460,11400000,3900000,31400000,9300000, Rejected
3932,5, Graduate, Yes,3600000,12500000,12,795,10600000,2700000,11100000,4800000, Approved
3933,2, Graduate, Yes,3400000,10300000,4,745,4900000,4000000,10000000,3900000, Approved
3934,0, Not Graduate, No,9800000,20100000,16,606,6200000,800000,37300000,8700000, Approved
3935,1, Not Graduate, No,5100000,14200000,6,451,6100000,7600000,11400000,5600000, Rejected
3936,4, Graduate, Yes,5900000,11800000,8,479,11000000,1200000,15700000,3900000, Rejected
3937,5, Graduate, No,1200000,2400000,14,495,1800000,1800000,4100000,1300000, Rejected
3938,2, Not Graduate, No,9700000,30200000,14,769,23700000,13600000,26400000,7500000, Approved
3939,5, Not Graduate, Yes,4700000,11800000,4,639,3600000,700000,9400000,5500000, Approved
3940,5, Graduate, No,4200000,12500000,18,723,1200000,300000,12900000,6100000, Approved
3941,4, Graduate, No,9300000,26100000,16,623,11700000,10500000,21100000,10700000, Approved
3942,3, Not Graduate, Yes,5300000,20800000,6,487,9700000,3400000,18500000,4200000, Rejected
3943,0, Graduate, No,7600000,30100000,2,743,20700000,8700000,27600000,9600000, Approved
3944,2, Graduate, No,6200000,16900000,12,754,2300000,4200000,15300000,7900000, Approved
3945,0, Graduate, No,8900000,21600000,10,552,2300000,9900000,20700000,11900000, Approved
3946,4, Not Graduate, Yes,7900000,27300000,10,560,23100000,14400000,28500000,10900000, Approved
3947,1, Graduate, Yes,3500000,10800000,14,632,6900000,1500000,10900000,4200000, Approved
3948,2, Graduate, No,5300000,16700000,18,339,4600000,3300000,12000000,4100000, Rejected
3949,2, Not Graduate, No,1400000,3100000,4,881,3700000,400000,5000000,1100000, Approved
3950,1, Not Graduate, Yes,9100000,23600000,20,535,2800000,17600000,26400000,4500000, Rejected
3951,4, Not Graduate, No,4400000,17200000,4,563,4100000,3700000,12700000,2900000, Approved
3952,5, Not Graduate, No,2800000,8200000,14,615,7400000,3300000,6700000,2700000, Approved
3953,3, Not Graduate, No,1300000,3300000,8,795,1400000,800000,4600000,1600000, Approved
3954,4, Graduate, No,8400000,28700000,14,878,23400000,8300000,23900000,8600000, Approved
3955,5, Graduate, Yes,5300000,14000000,6,633,11800000,4500000,12800000,6100000, Approved
3956,2, Graduate, No,6000000,13900000,4,533,3000000,9600000,14600000,4100000, Rejected
3957,2, Not Graduate, Yes,2100000,6800000,12,795,6100000,1900000,7200000,2400000, Approved
3958,0, Not Graduate, No,4300000,11000000,4,374,7100000,7300000,9300000,4700000, Rejected
3959,4, Not Graduate, Yes,7300000,22900000,12,848,6300000,2900000,28500000,4100000, Approved
3960,2, Graduate, No,5200000,16200000,12,890,10500000,9600000,15800000,3900000, Approved
3961,3, Graduate, No,4700000,9800000,14,444,8200000,300000,15700000,3800000, Rejected
3962,4, Graduate, No,7800000,28500000,4,803,15500000,11300000,21100000,9800000, Approved
3963,3, Graduate, Yes,500000,1900000,18,618,-100000,600000,1000000,400000, Approved
3964,1, Not Graduate, Yes,6000000,20300000,14,845,5000000,7800000,23700000,8700000, Approved
3965,4, Graduate, No,4800000,10800000,12,833,3000000,4000000,16400000,7100000, Approved
3966,3, Graduate, Yes,8900000,19300000,12,767,12000000,2200000,24700000,7700000, Approved
3967,1, Graduate, Yes,1800000,4000000,16,747,700000,200000,4600000,900000, Approved
3968,2, Graduate, No,3000000,7000000,4,588,5300000,3400000,11900000,3400000, Approved
3969,4, Not Graduate, No,7700000,24500000,20,582,9800000,6600000,29100000,6500000, Approved
3970,1, Not Graduate, No,8300000,20400000,14,348,5600000,12500000,29100000,4700000, Rejected
3971,4, Not Graduate, No,4200000,9400000,4,726,10000000,8100000,16100000,5500000, Approved
3972,4, Graduate, Yes,8000000,31200000,6,482,19800000,11500000,22200000,5700000, Rejected
3973,2, Graduate, Yes,9400000,30000000,16,565,1200000,3900000,28200000,9000000, Approved
3974,1, Graduate, No,800000,2400000,16,872,2400000,1200000,1900000,900000, Approved
3975,0, Graduate, Yes,500000,1300000,4,825,600000,0,1800000,200000, Approved
3976,2, Graduate, Yes,6100000,22300000,8,694,16200000,10900000,22900000,7200000, Approved
3977,3, Graduate, Yes,8500000,30800000,20,448,23000000,1400000,22900000,7900000, Rejected
3978,5, Graduate, Yes,7600000,18000000,12,452,7900000,4300000,23800000,4700000, Rejected
3979,3, Not Graduate, No,8700000,17900000,12,897,16400000,3500000,31600000,12500000, Approved
3980,4, Not Graduate, No,9400000,20200000,10,803,24800000,1000000,34400000,4800000, Approved
3981,1, Not Graduate, Yes,400000,900000,8,828,600000,500000,1500000,300000, Approved
3982,0, Graduate, No,2700000,7500000,6,832,7700000,1200000,10000000,2500000, Approved
3983,1, Not Graduate, Yes,2300000,5500000,6,861,1600000,1200000,4700000,1700000, Approved
3984,0, Graduate, No,7500000,15900000,2,535,17500000,5700000,23600000,4500000, Rejected
3985,4, Not Graduate, Yes,7100000,19400000,16,363,17900000,2600000,22600000,4000000, Rejected
3986,1, Not Graduate, Yes,8800000,28600000,8,631,11000000,13200000,25000000,7700000, Approved
3987,2, Not Graduate, No,8400000,20700000,6,513,500000,16400000,18800000,7900000, Rejected
3988,0, Graduate, Yes,4700000,16200000,16,317,12700000,400000,9400000,2500000, Rejected
3989,1, Graduate, No,6900000,19500000,2,809,6100000,10600000,22900000,9300000, Approved
3990,3, Not Graduate, No,2400000,8200000,10,531,6800000,1900000,5700000,2000000, Rejected
3991,1, Not Graduate, Yes,1600000,4800000,14,544,2200000,200000,6200000,1200000, Rejected
3992,0, Graduate, No,3500000,7800000,14,366,6400000,3000000,13700000,4900000, Rejected
3993,0, Not Graduate, No,3700000,12700000,14,797,1300000,1100000,12300000,3700000, Approved
3994,1, Not Graduate, No,3200000,12000000,16,597,6800000,1900000,7700000,2200000, Approved
3995,2, Not Graduate, Yes,7000000,22500000,12,632,12500000,4600000,20400000,4900000, Approved
3996,5, Not Graduate, No,9300000,28300000,12,741,7600000,12900000,32400000,5200000, Approved
3997,0, Not Graduate, No,200000,800000,20,331,300000,0,500000,100000, Rejected
3998,4, Graduate, No,6900000,16500000,8,426,3900000,5200000,18300000,9000000, Rejected
3999,3, Not Graduate, No,9000000,26500000,8,533,17100000,12400000,27800000,6000000, Rejected
4000,1, Not Graduate, No,6900000,22700000,16,394,3800000,4300000,27400000,8700000, Rejected
4001,0, Graduate, No,7500000,25100000,14,877,21000000,11400000,16900000,10700000, Approved
4002,5, Not Graduate, No,9200000,28000000,8,527,18700000,7700000,24400000,6400000, Rejected
4003,1, Graduate, No,4600000,12700000,8,468,10400000,0,14500000,3900000, Rejected
4004,4, Graduate, Yes,5000000,19600000,18,611,13400000,4400000,14400000,4600000, Approved
4005,2, Graduate, No,4500000,17200000,6,832,2700000,8500000,10900000,6700000, Approved
4006,0, Graduate, No,7900000,22700000,18,508,6600000,7000000,31600000,8900000, Rejected
4007,5, Not Graduate, No,5100000,13500000,20,840,1400000,5300000,14700000,4500000, Approved
4008,4, Graduate, No,3700000,7600000,14,794,9500000,7300000,12100000,4500000, Approved
4009,1, Not Graduate, No,5300000,17800000,12,889,15300000,500000,14900000,6800000, Approved
4010,4, Not Graduate, No,200000,500000,16,765,600000,100000,600000,100000, Approved
4011,3, Graduate, Yes,9000000,18600000,16,518,18400000,17600000,28900000,10300000, Rejected
4012,3, Not Graduate, No,6900000,17100000,4,694,4200000,6100000,27000000,6000000, Approved
4013,2, Not Graduate, No,700000,2300000,8,663,700000,500000,2800000,1000000, Approved
4014,0, Graduate, No,2500000,8900000,2,662,4000000,2100000,9700000,3000000, Approved
4015,0, Not Graduate, No,4600000,14400000,14,642,10100000,8700000,11100000,4800000, Approved
4016,4, Graduate, No,1000000,3900000,10,701,2200000,1000000,4000000,900000, Approved
4017,4, Not Graduate, Yes,9200000,30100000,6,632,23700000,6600000,34200000,6200000, Approved
4018,3, Graduate, Yes,2200000,4400000,2,861,1300000,2600000,4500000,2300000, Approved
4019,4, Graduate, Yes,9700000,33300000,12,784,14600000,15800000,37900000,6500000, Approved
4020,0, Graduate, Yes,5500000,18200000,4,332,8100000,4000000,16400000,5600000, Approved
4021,4, Not Graduate, Yes,1300000,3400000,2,763,3800000,200000,5100000,1400000, Approved
4022,1, Not Graduate, Yes,7900000,19100000,2,593,20800000,12200000,26100000,7800000, Approved
4023,2, Not Graduate, No,4300000,8800000,6,512,7200000,6500000,16900000,2700000, Rejected
4024,0, Not Graduate, No,3800000,13300000,6,655,9600000,0,8600000,2600000, Approved
4025,3, Not Graduate, No,8700000,24700000,8,369,4000000,800000,31100000,4800000, Rejected
4026,3, Graduate, No,1300000,3100000,14,348,1500000,600000,3900000,600000, Rejected
4027,1, Not Graduate, Yes,6800000,16800000,10,736,2000000,2600000,23800000,5600000, Approved
4028,1, Not Graduate, No,9100000,24000000,20,353,25100000,9200000,26100000,10900000, Rejected
4029,0, Graduate, No,3000000,11300000,16,478,5600000,2000000,9800000,2000000, Rejected
4030,0, Not Graduate, Yes,1200000,3000000,4,827,3200000,600000,2300000,1500000, Approved
4031,1, Not Graduate, Yes,5000000,16900000,12,517,2200000,1500000,15500000,5400000, Rejected
4032,5, Graduate, Yes,9700000,24700000,18,648,15100000,600000,25200000,6800000, Approved
4033,2, Not Graduate, Yes,7000000,23800000,10,689,8400000,5400000,15700000,7800000, Approved
4034,1, Graduate, No,4100000,9100000,20,550,9900000,5200000,10800000,4800000, Approved
4035,0, Graduate, Yes,5300000,12900000,20,826,15500000,6800000,12000000,5200000, Approved
4036,1, Not Graduate, No,7300000,19200000,14,599,18400000,5400000,15900000,3700000, Approved
4037,1, Graduate, No,6500000,18500000,16,815,6300000,10000000,13400000,4000000, Approved
4038,4, Graduate, Yes,600000,1400000,4,761,800000,500000,2100000,300000, Approved
4039,3, Not Graduate, Yes,5200000,15000000,20,432,6900000,5000000,15600000,5100000, Rejected
4040,4, Not Graduate, Yes,2800000,9200000,18,442,5800000,4800000,8400000,1300000, Rejected
4041,1, Graduate, Yes,7800000,23300000,6,620,3500000,2100000,22200000,7600000, Approved
4042,2, Graduate, No,3000000,6500000,4,476,7900000,300000,9400000,1500000, Rejected
4043,4, Graduate, No,9300000,34900000,6,837,27400000,800000,21400000,8500000, Approved
4044,3, Not Graduate, Yes,5100000,18000000,6,510,13400000,6600000,17200000,7600000, Rejected
4045,4, Not Graduate, Yes,4300000,16100000,18,849,3800000,6600000,17100000,6400000, Approved
4046,3, Graduate, No,1100000,2100000,8,737,2900000,2000000,2500000,900000, Approved
4047,2, Graduate, No,6500000,16200000,10,809,14000000,4700000,13200000,8600000, Approved
4048,3, Not Graduate, No,6400000,23000000,8,520,12100000,11400000,16000000,3800000, Rejected
4049,2, Not Graduate, No,7400000,22500000,16,834,6400000,12600000,15700000,6000000, Approved
4050,4, Graduate, No,8700000,32100000,8,397,8900000,17000000,34700000,4800000, Rejected
4051,0, Not Graduate, No,9200000,24700000,14,438,4800000,16000000,20600000,10700000, Rejected
4052,1, Graduate, Yes,6200000,19700000,18,820,11200000,3400000,15600000,4700000, Approved
4053,1, Not Graduate, No,1200000,4600000,20,323,2000000,1700000,2600000,1400000, Rejected
4054,1, Not Graduate, Yes,7000000,20300000,14,837,7700000,2200000,19700000,5500000, Approved
4055,5, Graduate, Yes,3800000,10100000,2,571,7400000,6600000,12600000,3300000, Approved
4056,0, Graduate, No,4900000,16300000,14,479,1600000,6400000,18600000,2700000, Rejected
4057,2, Graduate, Yes,7800000,22100000,6,533,11900000,2500000,19300000,10800000, Rejected
4058,1, Not Graduate, Yes,7400000,17200000,8,899,16500000,8700000,16700000,4900000, Approved
4059,1, Not Graduate, No,7000000,26600000,16,460,20500000,3300000,27700000,4600000, Rejected
4060,1, Not Graduate, No,4900000,12500000,2,636,14200000,6400000,13900000,5000000, Approved
4061,3, Not Graduate, No,5800000,20600000,20,434,8400000,2700000,22600000,7000000, Rejected
4062,5, Not Graduate, No,2000000,6900000,18,516,4600000,3400000,6500000,1600000, Rejected
4063,4, Graduate, No,8300000,24600000,2,382,1400000,1200000,16700000,6600000, Rejected
4064,0, Graduate, Yes,1000000,2800000,12,616,700000,700000,3900000,700000, Approved
4065,3, Graduate, No,5500000,11600000,6,745,9400000,8000000,12800000,5400000, Approved
4066,5, Graduate, No,1400000,3400000,6,697,2000000,500000,4600000,1600000, Approved
4067,4, Graduate, No,3700000,12300000,6,364,5900000,4200000,13700000,4400000, Rejected
4068,2, Not Graduate, Yes,2100000,6900000,2,566,700000,1500000,8100000,1000000, Approved
4069,4, Not Graduate, No,6200000,21900000,12,462,9400000,2000000,16600000,8300000, Rejected
4070,0, Not Graduate, No,9300000,31900000,2,331,7100000,11200000,23700000,8000000, Approved
4071,3, Not Graduate, Yes,5100000,10300000,12,839,13400000,5400000,10700000,7500000, Approved
4072,0, Graduate, Yes,7000000,14000000,4,702,9000000,3100000,21400000,7600000, Approved
4073,3, Graduate, Yes,5300000,17900000,2,580,10200000,6400000,11600000,3600000, Approved
4074,3, Graduate, No,900000,2800000,10,560,2700000,300000,1900000,1300000, Approved
4075,4, Not Graduate, Yes,9400000,25700000,14,845,27300000,4100000,26500000,12200000, Approved
4076,4, Not Graduate, Yes,2600000,8500000,4,392,5500000,100000,8800000,2900000, Approved
4077,2, Graduate, No,1500000,4900000,16,387,-100000,2400000,3700000,1300000, Rejected
4078,1, Graduate, Yes,1800000,6300000,12,749,4200000,200000,3800000,2700000, Approved
4079,3, Graduate, Yes,7800000,20000000,14,727,4600000,7200000,17300000,8600000, Approved
4080,3, Graduate, Yes,2100000,7400000,14,656,5600000,400000,5200000,2800000, Approved
4081,0, Not Graduate, Yes,8300000,17500000,20,643,24800000,8900000,18800000,5100000, Approved
4082,2, Not Graduate, Yes,4400000,16800000,4,307,12800000,7200000,9700000,5800000, Approved
4083,2, Not Graduate, No,2300000,5000000,16,588,2000000,3500000,7000000,1500000, Approved
4084,3, Graduate, Yes,7700000,22300000,20,895,22200000,13300000,23900000,9100000, Approved
4085,0, Not Graduate, Yes,9300000,29400000,10,351,24200000,6800000,35800000,6100000, Rejected
4086,5, Not Graduate, No,5900000,16400000,12,891,10200000,10400000,19600000,4700000, Approved
4087,5, Not Graduate, Yes,1900000,4900000,4,442,3200000,2100000,5800000,900000, Rejected
4088,0, Not Graduate, No,6900000,19500000,20,686,2300000,8700000,16400000,6200000, Approved
4089,4, Graduate, Yes,2100000,8200000,20,432,6000000,900000,5600000,1000000, Rejected
4090,0, Not Graduate, No,8200000,20900000,14,766,4400000,12300000,18400000,12100000, Approved
4091,4, Not Graduate, No,7700000,17200000,6,561,6000000,5000000,15400000,6800000, Approved
4092,5, Not Graduate, No,7700000,19000000,2,539,4000000,14500000,29300000,4100000, Rejected
4093,1, Graduate, No,700000,1400000,6,759,1000000,500000,2600000,700000, Approved
4094,5, Graduate, No,7100000,18200000,8,750,21000000,7900000,20800000,5300000, Approved
4095,2, Graduate, No,3900000,13600000,10,373,11600000,1000000,8400000,3600000, Rejected
4096,1, Not Graduate, Yes,5200000,20500000,10,407,1100000,3400000,18200000,3800000, Rejected
4097,4, Not Graduate, No,5500000,20200000,14,611,13700000,5700000,15100000,7200000, Approved
4098,3, Graduate, No,2600000,6300000,10,783,6500000,2400000,6500000,2600000, Approved
4099,0, Not Graduate, Yes,7300000,24000000,18,651,16600000,100000,19600000,4500000, Approved
4100,3, Graduate, No,8700000,31100000,16,760,400000,1800000,19300000,4800000, Rejected
4101,3, Graduate, No,9000000,22700000,16,793,11700000,10800000,35000000,7000000, Approved
4102,4, Graduate, No,400000,800000,16,685,500000,300000,1300000,600000, Approved
4103,2, Not Graduate, Yes,3300000,10700000,8,806,5700000,600000,11500000,4900000, Approved
4104,1, Not Graduate, No,6300000,17800000,12,770,6000000,3000000,17000000,3200000, Approved
4105,0, Not Graduate, No,7000000,23600000,14,663,13800000,9100000,21300000,7200000, Approved
4106,2, Graduate, Yes,2100000,8100000,4,592,2000000,2500000,7900000,2700000, Approved
4107,3, Not Graduate, No,7600000,26300000,18,580,19100000,14600000,25500000,5100000, Approved
4108,1, Graduate, No,8200000,17500000,4,609,4500000,5600000,24100000,7700000, Approved
4109,3, Not Graduate, Yes,9200000,23200000,8,380,13100000,15500000,18900000,6100000, Rejected
4110,3, Graduate, No,3800000,12100000,20,364,4100000,5100000,11600000,3000000, Rejected
4111,1, Graduate, No,3200000,8900000,12,866,5100000,700000,9900000,2400000, Approved
4112,4, Not Graduate, No,9700000,31700000,10,342,700000,100000,36700000,12000000, Rejected
4113,5, Graduate, No,4700000,14400000,16,884,9900000,4400000,9300000,3800000, Approved
4114,4, Graduate, Yes,3800000,12500000,18,859,3900000,4600000,8200000,2700000, Approved
4115,4, Graduate, No,400000,1000000,20,692,500000,400000,1600000,200000, Approved
4116,4, Not Graduate, Yes,3200000,6800000,16,675,8000000,1900000,6800000,4000000, Approved
4117,5, Graduate, Yes,3900000,12700000,8,886,3500000,5800000,14900000,5400000, Approved
4118,1, Graduate, Yes,3500000,13100000,10,477,3200000,6200000,7500000,3100000, Rejected
4119,2, Graduate, No,2200000,8300000,6,596,4700000,3000000,8500000,1800000, Approved
4120,4, Not Graduate, No,6400000,19700000,20,400,2300000,6100000,20100000,6200000, Rejected
4121,3, Graduate, No,9100000,19900000,2,711,2200000,17900000,24300000,13000000, Approved
4122,0, Not Graduate, Yes,3300000,8900000,2,418,4200000,6000000,9300000,3700000, Rejected
4123,3, Graduate, No,7800000,21800000,8,517,7700000,5100000,19500000,9100000, Rejected
4124,0, Not Graduate, Yes,6200000,16200000,6,508,5600000,5700000,21500000,3600000, Rejected
4125,3, Not Graduate, Yes,7000000,26100000,18,689,17200000,5700000,20500000,5900000, Approved
4126,0, Graduate, No,9200000,28200000,12,455,19200000,6400000,34700000,5900000, Rejected
4127,5, Not Graduate, Yes,7500000,20800000,6,617,100000,14200000,19300000,8200000, Approved
4128,2, Graduate, No,5300000,13200000,10,500,4700000,9800000,20400000,2900000, Rejected
4129,5, Not Graduate, Yes,6800000,22800000,14,382,17600000,700000,21700000,5800000, Rejected
4130,1, Not Graduate, No,7900000,20800000,18,538,10000000,9700000,29900000,10600000, Rejected
4131,0, Not Graduate, Yes,6200000,14900000,8,855,-100000,7200000,14200000,8200000, Approved
4132,1, Graduate, No,1000000,3000000,18,614,1800000,1700000,3700000,700000, Approved
4133,2, Graduate, Yes,7800000,25400000,10,513,22100000,600000,23500000,9800000, Rejected
4134,5, Graduate, Yes,3000000,8800000,14,402,5600000,5300000,8600000,4200000, Rejected
4135,5, Graduate, Yes,5700000,15000000,20,819,15500000,9800000,14100000,3400000, Approved
4136,4, Not Graduate, No,6600000,25400000,12,622,9200000,3500000,19900000,7500000, Approved
4137,4, Graduate, Yes,7100000,18200000,4,790,2500000,2200000,25500000,9600000, Approved
4138,3, Graduate, Yes,1300000,4800000,14,808,3100000,2000000,5100000,1500000, Approved
4139,2, Not Graduate, No,5200000,16800000,18,369,5400000,8600000,17000000,6800000, Rejected
4140,3, Graduate, No,5600000,20300000,4,330,16100000,5100000,15300000,4200000, Approved
4141,2, Graduate, No,7100000,16500000,14,857,3700000,10700000,18500000,8200000, Approved
4142,2, Graduate, No,5100000,19100000,8,457,13200000,5100000,16400000,7600000, Rejected
4143,3, Not Graduate, Yes,7600000,29300000,8,843,21500000,3000000,22800000,11200000, Approved
4144,0, Graduate, Yes,2500000,5400000,6,463,1900000,3500000,8200000,1800000, Rejected
4145,3, Graduate, No,6900000,22800000,16,582,17700000,2200000,23500000,4400000, Approved
4146,0, Graduate, No,3100000,6500000,2,391,100000,3800000,9900000,2400000, Rejected
4147,2, Graduate, Yes,9700000,35100000,20,612,13400000,13500000,38200000,6500000, Approved
4148,0, Not Graduate, Yes,5800000,12600000,2,859,13500000,4700000,21200000,4500000, Approved
4149,4, Not Graduate, No,7600000,18600000,18,779,9100000,5600000,15200000,10000000, Approved
4150,5, Not Graduate, No,700000,2800000,2,561,900000,400000,1900000,800000, Approved
4151,3, Graduate, No,2300000,5600000,18,420,1300000,600000,6700000,2100000, Rejected
4152,3, Not Graduate, No,1600000,3300000,8,609,4700000,100000,6000000,800000, Approved
4153,4, Not Graduate, No,8100000,19300000,14,821,16500000,8500000,25800000,8300000, Approved
4154,1, Graduate, No,7700000,17100000,14,603,11100000,12100000,30300000,7100000, Approved
4155,4, Graduate, No,1500000,3400000,10,778,3800000,300000,4000000,2200000, Approved
4156,3, Not Graduate, No,7400000,23500000,2,460,20600000,12200000,25900000,9200000, Approved
4157,4, Not Graduate, Yes,8900000,27100000,18,363,7800000,9600000,25400000,12700000, Rejected
4158,0, Graduate, No,2400000,5300000,16,482,5500000,4200000,8400000,2600000, Rejected
4159,5, Graduate, No,5600000,20300000,4,772,10600000,6000000,13600000,7600000, Approved
4160,4, Graduate, No,5900000,14400000,6,745,15300000,5100000,16500000,3000000, Approved
4161,1, Graduate, No,1600000,3300000,2,513,400000,1300000,4600000,2200000, Rejected
4162,5, Not Graduate, No,1100000,4000000,2,362,1800000,1300000,3500000,1100000, Approved
4163,2, Graduate, Yes,6600000,25600000,6,740,10900000,1900000,18900000,9200000, Approved
4164,3, Graduate, No,8900000,24400000,10,774,11200000,6100000,31400000,7300000, Approved
4165,1, Graduate, Yes,6400000,16400000,20,555,6000000,2500000,20100000,7400000, Approved
4166,4, Not Graduate, Yes,8200000,17300000,12,588,9700000,1200000,20700000,4800000, Approved
4167,1, Graduate, No,500000,1300000,14,619,1500000,100000,2000000,500000, Approved
4168,0, Graduate, No,9700000,31600000,18,607,24300000,7900000,32400000,7500000, Approved
4169,3, Not Graduate, Yes,7100000,16700000,4,435,1700000,9600000,24300000,6200000, Rejected
4170,4, Not Graduate, Yes,1400000,3400000,14,835,3100000,100000,4100000,2100000, Approved
4171,1, Not Graduate, No,7200000,28100000,14,767,10000000,10400000,27500000,4000000, Approved
4172,1, Graduate, Yes,8400000,26200000,14,643,19400000,11500000,17900000,6900000, Approved
4173,4, Not Graduate, No,4300000,13900000,2,894,10100000,100000,8600000,3300000, Approved
4174,0, Not Graduate, Yes,8800000,29800000,8,343,20000000,4900000,33300000,12200000, Rejected
4175,4, Not Graduate, No,4000000,15100000,8,800,8700000,6900000,12200000,4400000, Approved
4176,3, Not Graduate, Yes,6900000,17900000,18,494,7700000,11200000,15400000,8700000, Rejected
4177,4, Graduate, No,9600000,33000000,14,336,5800000,8500000,30100000,4900000, Rejected
4178,2, Not Graduate, No,6900000,16500000,16,785,19600000,8600000,27100000,3600000, Approved
4179,1, Not Graduate, Yes,3600000,13400000,16,732,5200000,6700000,7300000,3300000, Approved
4180,2, Not Graduate, No,1900000,4600000,12,587,3000000,1300000,4800000,1100000, Approved
4181,3, Not Graduate, Yes,9700000,30800000,18,471,12700000,3800000,37300000,10400000, Rejected
4182,2, Not Graduate, No,1200000,4100000,8,497,2700000,700000,3700000,1300000, Rejected
4183,1, Not Graduate, No,400000,1600000,16,784,800000,700000,700000,100000, Approved
4184,2, Graduate, No,6600000,21500000,18,471,13700000,9800000,17100000,4800000, Rejected
4185,2, Graduate, No,1500000,3300000,4,763,300000,1200000,5400000,700000, Approved
4186,4, Not Graduate, No,3500000,9500000,2,655,9900000,6600000,9400000,3100000, Approved
4187,3, Not Graduate, Yes,4000000,8600000,4,667,11500000,6300000,15300000,3500000, Approved
4188,3, Not Graduate, No,4100000,14100000,8,367,900000,800000,8900000,5300000, Rejected
4189,4, Graduate, No,5800000,18500000,16,436,1400000,5500000,17100000,6500000, Rejected
4190,4, Graduate, Yes,8600000,23300000,12,785,18800000,3800000,23500000,4500000, Approved
4191,2, Graduate, No,4500000,11400000,10,388,11600000,3000000,14300000,2900000, Rejected
4192,2, Graduate, Yes,9900000,37300000,8,385,600000,900000,27400000,14200000, Rejected
4193,1, Not Graduate, Yes,3200000,8100000,10,670,9100000,3800000,9200000,1900000, Approved
4194,5, Graduate, Yes,8900000,19100000,20,329,13300000,11400000,29500000,10000000, Rejected
4195,5, Not Graduate, Yes,2100000,4900000,12,651,2500000,2100000,6100000,1800000, Approved
4196,1, Graduate, No,7100000,26000000,16,727,4300000,9500000,18900000,8900000, Approved
4197,2, Graduate, Yes,7800000,28900000,14,646,1800000,1800000,17700000,11000000, Approved
4198,3, Not Graduate, Yes,8600000,23200000,12,894,22100000,13900000,29200000,4500000, Approved
4199,3, Graduate, Yes,5100000,17000000,10,477,1700000,3300000,13700000,6300000, Rejected
4200,5, Not Graduate, No,600000,2000000,20,811,300000,400000,1900000,600000, Approved
4201,0, Graduate, Yes,6600000,21200000,18,377,1000000,9600000,14800000,9500000, Rejected
4202,0, Not Graduate, Yes,4700000,17000000,18,802,3600000,1600000,17800000,2700000, Approved
4203,2, Graduate, Yes,7700000,19700000,14,885,19900000,14600000,22000000,8000000, Approved
4204,4, Graduate, Yes,6400000,21900000,6,437,7000000,10000000,24600000,4100000, Rejected
4205,2, Graduate, No,1100000,2500000,20,615,2800000,1700000,2300000,1300000, Approved
4206,2, Not Graduate, No,8900000,17800000,20,603,3300000,17600000,29000000,13100000, Approved
4207,0, Not Graduate, Yes,2100000,8300000,20,765,-100000,3600000,7700000,2100000, Approved
4208,4, Not Graduate, Yes,2300000,5800000,8,469,6100000,4200000,7900000,2400000, Rejected
4209,3, Graduate, No,8300000,17700000,16,848,10500000,1100000,18700000,5900000, Approved
4210,4, Graduate, No,900000,2700000,20,327,400000,1200000,2200000,1200000, Rejected
4211,3, Not Graduate, Yes,9200000,35000000,4,716,1100000,10200000,33600000,11400000, Approved
4212,3, Graduate, No,9800000,28300000,2,715,19500000,9600000,28800000,9200000, Approved
4213,0, Not Graduate, No,200000,600000,12,683,400000,200000,400000,0, Approved
4214,2, Not Graduate, Yes,3200000,9700000,6,737,7300000,3500000,9700000,2600000, Approved
4215,5, Not Graduate, No,7800000,27000000,6,728,4400000,13100000,18500000,7400000, Approved
4216,1, Graduate, No,8300000,30000000,18,350,12800000,10800000,23800000,9400000, Rejected
4217,1, Graduate, Yes,2100000,5200000,14,802,100000,600000,6400000,2500000, Approved
4218,5, Not Graduate, Yes,400000,1400000,4,483,1100000,700000,800000,100000, Approved
4219,3, Graduate, Yes,7700000,21800000,18,684,100000,600000,15600000,5500000, Approved
4220,4, Graduate, Yes,5600000,16500000,20,692,14500000,7800000,18000000,7400000, Approved
4221,0, Graduate, No,8400000,31000000,4,783,19000000,13300000,30600000,6900000, Approved
4222,3, Graduate, Yes,1300000,4300000,18,412,600000,900000,5200000,1200000, Rejected
4223,0, Not Graduate, No,8700000,30200000,10,447,14200000,14800000,28200000,6100000, Rejected
4224,0, Not Graduate, No,2700000,8400000,14,610,900000,1900000,6100000,2800000, Approved
4225,5, Graduate, Yes,800000,1800000,8,881,300000,1100000,2600000,400000, Approved
4226,5, Graduate, Yes,3800000,10300000,16,606,7700000,1900000,9900000,2700000, Approved
4227,5, Graduate, Yes,700000,2600000,2,869,1100000,500000,1400000,500000, Approved
4228,4, Graduate, Yes,400000,1400000,2,496,400000,200000,1100000,400000, Approved
4229,1, Graduate, Yes,3200000,9300000,6,483,6700000,1900000,7800000,3600000, Rejected
4230,3, Graduate, No,7500000,22200000,8,741,6600000,6900000,17600000,11000000, Approved
4231,2, Not Graduate, No,3700000,13500000,4,820,4700000,1600000,14000000,5300000, Approved
4232,5, Graduate, No,3300000,9100000,18,697,8800000,1800000,11300000,2600000, Approved
4233,1, Graduate, Yes,200000,500000,20,713,0,200000,500000,100000, Approved
4234,1, Not Graduate, No,7100000,17000000,6,754,1100000,500000,27000000,6800000, Approved
4235,3, Not Graduate, Yes,1500000,5100000,14,837,4100000,1000000,3300000,1400000, Approved
4236,0, Not Graduate, No,3000000,6500000,2,691,7800000,4500000,8900000,2500000, Approved
4237,3, Graduate, Yes,1900000,5300000,12,436,2300000,3500000,5000000,2600000, Rejected
4238,0, Not Graduate, No,9100000,30100000,8,322,26200000,9500000,18800000,5900000, Rejected
4239,0, Not Graduate, No,2200000,7500000,2,333,3400000,600000,6200000,1500000, Approved
4240,0, Not Graduate, Yes,8400000,23000000,14,455,400000,13400000,29800000,9400000, Rejected
4241,1, Graduate, Yes,400000,700000,10,787,1000000,200000,1600000,500000, Approved
4242,2, Graduate, Yes,5600000,15800000,16,748,10300000,100000,21700000,6300000, Approved
4243,5, Not Graduate, Yes,8200000,27100000,4,643,15400000,7700000,21300000,4100000, Approved
4244,0, Not Graduate, Yes,1600000,3400000,8,867,-100000,2700000,4300000,1300000, Approved
4245,3, Not Graduate, No,1800000,5600000,20,860,1900000,1700000,4300000,900000, Approved
4246,5, Not Graduate, Yes,6500000,23900000,2,507,500000,10200000,15900000,8000000, Approved
4247,1, Graduate, Yes,3100000,11500000,4,871,1500000,2400000,7100000,3600000, Approved
4248,3, Not Graduate, No,3100000,9800000,12,820,6400000,5200000,10900000,4400000, Approved
4249,4, Graduate, Yes,5300000,14500000,4,352,12600000,4900000,10500000,3500000, Rejected
4250,4, Graduate, No,1100000,4000000,14,887,2400000,1500000,4200000,1600000, Approved
4251,1, Graduate, Yes,6000000,13400000,12,731,1300000,4300000,21300000,6900000, Approved
4252,0, Graduate, Yes,6100000,14600000,18,645,14500000,200000,23000000,4600000, Approved
4253,3, Not Graduate, No,4100000,14100000,10,300,7600000,2100000,8400000,2200000, Rejected
4254,5, Graduate, Yes,7000000,26200000,12,896,13100000,6600000,23600000,5700000, Approved
4255,0, Not Graduate, Yes,8900000,27700000,6,372,18200000,14900000,33700000,6100000, Rejected
4256,4, Graduate, No,4800000,12000000,6,441,8400000,1300000,18200000,3200000, Rejected
4257,3, Graduate, Yes,7400000,18300000,4,348,14300000,12600000,17900000,9800000, Rejected
4258,0, Graduate, No,9700000,27500000,18,343,13400000,16500000,20000000,8200000, Rejected
4259,5, Graduate, Yes,9700000,22600000,16,346,23500000,12900000,26800000,13000000, Rejected
4260,0, Not Graduate, Yes,4500000,11500000,14,509,13400000,2300000,15400000,5900000, Rejected
4261,5, Graduate, No,8800000,29300000,10,560,16800000,13900000,31100000,9900000, Approved
4262,3, Graduate, Yes,3000000,7500000,6,881,1400000,4500000,6100000,2300000, Approved
4263,5, Graduate, No,1300000,3000000,20,540,1000000,2300000,3200000,1900000, Rejected
4264,3, Graduate, No,5000000,12700000,14,865,4700000,8100000,19500000,6300000, Approved
4265,5, Graduate, Yes,1000000,2300000,12,317,2800000,500000,3300000,800000, Rejected
4266,0, Not Graduate, Yes,3300000,11300000,20,559,4200000,2900000,11000000,1900000, Approved
4267,2, Not Graduate, No,6500000,23900000,18,457,1200000,12400000,18100000,7300000, Rejected
4268,1, Not Graduate, No,4100000,12800000,8,780,8200000,700000,14100000,5800000, Approved
4269,1, Graduate, No,9200000,29700000,10,607,17800000,11800000,35700000,12000000, Approved
4270,0, Not Graduate, No,7800000,31200000,4,689,4800000,14500000,22600000,5400000, Approved
4271,0, Graduate, Yes,6900000,22300000,4,444,17700000,11100000,24100000,8000000, Approved
4272,3, Graduate, No,7800000,27900000,16,776,20500000,13000000,31300000,7700000, Approved
4273,0, Graduate, No,9600000,36700000,14,473,3100000,2100000,24400000,9400000, Rejected
4274,0, Graduate, No,5300000,13700000,16,623,6800000,1500000,15600000,3600000, Approved
4275,2, Graduate, No,5100000,18300000,10,318,6700000,1500000,18700000,4600000, Rejected
4276,1, Graduate, No,8500000,17500000,18,430,12300000,5600000,32200000,9200000, Rejected
4277,4, Not Graduate, Yes,3300000,6900000,16,699,8200000,1800000,7100000,4100000, Approved
4278,5, Graduate, Yes,400000,700000,18,783,400000,200000,900000,500000, Approved
4279,2, Not Graduate, Yes,2300000,6800000,12,800,6300000,1800000,6900000,2100000, Approved
4280,5, Not Graduate, Yes,4600000,15400000,4,664,8900000,6100000,19700000,5100000, Approved
4281,5, Not Graduate, No,7700000,27100000,6,727,4200000,13300000,18600000,7200000, Rejected
4282,3, Graduate, No,3900000,9300000,6,494,9800000,500000,10000000,3800000, Rejected
4283,1, Graduate, Yes,6900000,21700000,4,464,3700000,9800000,17400000,4500000, Approved
4284,2, Graduate, No,7400000,27600000,12,787,20000000,13500000,16000000,8200000, Approved
4285,5, Graduate, No,7200000,18300000,12,375,10100000,1000000,20800000,8400000, Rejected
4286,5, Not Graduate, No,3800000,10800000,10,748,1800000,6400000,8200000,5300000, Approved
4287,0, Graduate, Yes,8100000,23100000,10,311,22400000,10800000,17000000,11800000, Rejected
4288,2, Graduate, No,4200000,9900000,14,434,6400000,4200000,12100000,2600000, Rejected
4289,1, Graduate, Yes,8400000,26100000,16,675,18300000,12200000,16700000,6500000, Approved
4290,5, Graduate, No,3200000,11900000,6,524,6900000,6300000,7300000,2100000, Rejected
4291,4, Graduate, No,9400000,25400000,20,553,3700000,10800000,24000000,11100000, Rejected
4292,4, Graduate, No,4600000,17500000,4,331,2800000,4600000,20400000,5800000, Approved
4293,1, Graduate, Yes,5200000,15600000,16,551,7300000,6000000,12900000,3700000, Rejected
4294,4, Graduate, Yes,8600000,32000000,20,536,19600000,7700000,30100000,13400000, Rejected
4295,4, Not Graduate, No,2200000,5600000,8,673,5900000,400000,4900000,1900000, Approved
4296,1, Not Graduate, Yes,9100000,32900000,18,855,22400000,12100000,19200000,8100000, Rejected
4297,0, Not Graduate, Yes,5900000,23400000,10,492,200000,11800000,13800000,7900000, Rejected
4298,0, Not Graduate, No,600000,2400000,8,609,1800000,400000,2300000,200000, Approved
4299,0, Graduate, Yes,5300000,17600000,8,344,400000,300000,17000000,5000000, Rejected
4300,5, Not Graduate, Yes,3600000,8000000,16,598,3600000,500000,10600000,6300000, Approved
4301,0, Graduate, Yes,2300000,7000000,20,516,4200000,2300000,6500000,1800000, Rejected
4302,5, Not Graduate, Yes,8800000,23700000,16,557,19300000,2600000,21700000,7500000, Rejected
4303,5, Not Graduate, No,2500000,7000000,12,351,2700000,2800000,6200000,1300000, Rejected
4304,1, Not Graduate, No,3000000,11900000,18,681,2100000,5400000,12000000,2500000, Approved
4305,5, Not Graduate, Yes,5700000,12000000,6,749,7600000,500000,10700000,4200000, Approved
4306,1, Not Graduate, No,400000,1500000,16,768,700000,800000,700000,300000, Approved
4307,3, Not Graduate, No,1200000,3800000,16,603,2500000,2100000,3500000,2000000, Approved
4308,5, Not Graduate, No,7400000,18100000,2,551,4100000,15100000,28900000,4300000, Rejected
4309,2, Not Graduate, Yes,2800000,10700000,2,854,4800000,3300000,10700000,1600000, Approved
4310,5, Graduate, Yes,7600000,25100000,8,447,1400000,7500000,22500000,10100000, Rejected
4311,0, Not Graduate, Yes,3100000,10700000,6,429,7800000,5100000,11900000,3300000, Approved
4312,4, Graduate, Yes,4600000,9800000,18,893,11500000,6900000,17700000,4200000, Approved
4313,5, Graduate, Yes,6500000,24000000,6,460,13800000,10600000,16400000,5000000, Rejected
4314,1, Not Graduate, No,6400000,19400000,12,765,16100000,4200000,18000000,9800000, Approved
4315,4, Not Graduate, Yes,700000,1700000,8,430,1600000,700000,1900000,1000000, Rejected
4316,3, Not Graduate, No,1700000,5500000,20,880,1800000,1600000,4500000,900000, Approved
4317,4, Not Graduate, Yes,4000000,12000000,12,469,6400000,4400000,12900000,3500000, Rejected
4318,3, Not Graduate, No,8100000,20100000,16,550,19100000,13600000,22700000,7400000, Approved
4319,5, Not Graduate, No,2100000,5800000,12,804,5400000,3400000,6700000,1600000, Approved
4320,0, Not Graduate, No,7900000,22600000,14,382,9100000,3700000,22200000,9100000, Rejected
4321,5, Graduate, No,10100000,26600000,8,586,26700000,4600000,25400000,13500000, Approved
4322,3, Not Graduate, No,2400000,8900000,18,345,1200000,900000,6300000,2200000, Rejected
4323,2, Not Graduate, Yes,3800000,7900000,18,547,800000,200000,9600000,2500000, Rejected
4324,3, Graduate, Yes,7700000,20300000,4,812,16900000,9600000,20600000,7500000, Approved
4325,1, Not Graduate, Yes,1400000,4700000,14,552,2100000,400000,6500000,1300000, Rejected
4326,3, Not Graduate, Yes,3900000,15800000,8,686,2600000,7400000,9100000,5400000, Approved
4327,1, Graduate, Yes,9100000,26600000,16,632,20200000,8900000,29400000,7300000, Approved
4328,0, Not Graduate, No,2800000,8400000,14,603,900000,2000000,6100000,2700000, Approved
4329,3, Graduate, Yes,900000,2500000,6,812,2800000,600000,2000000,400000, Approved
4330,0, Not Graduate, No,100000,900000,20,392,0,400000,700000,300000, Rejected
4331,5, Not Graduate, No,600000,2400000,4,376,100000,0,1900000,100000, Rejected
4332,5, Graduate, Yes,9800000,29800000,18,832,22200000,700000,33100000,11500000, Approved
4333,4, Graduate, No,6300000,17500000,4,570,5000000,10600000,24400000,8500000, Approved
4334,2, Graduate, Yes,4900000,12300000,2,565,6400000,3800000,16400000,3100000, Approved
4335,1, Graduate, Yes,8200000,23300000,6,641,3700000,2100000,20200000,7200000, Approved
4336,1, Graduate, No,1900000,5300000,4,428,4300000,2100000,5300000,1800000, Approved
4337,2, Graduate, Yes,1200000,3500000,2,826,2800000,700000,2900000,500000, Approved
4338,2, Not Graduate, Yes,4900000,13400000,14,300,5900000,7400000,18600000,3800000, Rejected
4339,1, Not Graduate, No,8400000,21700000,14,353,5400000,12700000,28200000,4700000, Rejected
4340,3, Graduate, No,1700000,5600000,10,519,4300000,3100000,7300000,900000, Approved
4341,5, Graduate, Yes,600000,1500000,4,501,200000,100000,1200000,900000, Approved
4342,3, Graduate, Yes,1000000,2400000,10,525,900000,200000,2700000,400000, Rejected
4343,1, Not Graduate, Yes,5200000,20200000,18,734,11700000,3000000,14200000,3000000, Approved
4344,2, Not Graduate, Yes,1700000,3700000,4,340,3400000,1000000,6000000,1600000, Rejected
4345,3, Not Graduate, Yes,5100000,12000000,2,622,10800000,900000,19900000,7400000, Approved
4346,5, Graduate, No,6500000,18100000,6,849,11200000,0,22100000,8800000, Approved
4347,0, Graduate, Yes,5500000,10000000,2,819,8000000,7300000,17100000,5800000, Approved
4348,1, Not Graduate, No,6800000,22200000,16,376,4000000,4000000,28100000,8300000, Rejected
4349,3, Graduate, No,9600000,19600000,4,644,16600000,2200000,35200000,5000000, Approved
4350,5, Not Graduate, No,8300000,26400000,12,665,5400000,9500000,16700000,9000000, Approved
4351,3, Not Graduate, No,1800000,5600000,2,429,4500000,0,3800000,2200000, Approved
4352,5, Graduate, Yes,3700000,7200000,18,336,10100000,100000,14400000,5100000, Rejected
4353,4, Not Graduate, No,1100000,1800000,20,396,1100000,800000,2700000,1000000, Rejected
4354,4, Graduate, Yes,1900000,7900000,18,592,600000,2200000,5200000,2400000, Approved
4355,5, Graduate, No,4500000,10600000,8,741,3900000,4600000,16700000,3100000, Approved
4356,2, Not Graduate, Yes,4400000,12700000,2,363,5900000,7400000,14800000,6600000, Approved
4357,2, Graduate, No,6700000,21200000,20,385,2200000,2200000,19900000,9100000, Rejected
4358,4, Not Graduate, No,700000,2100000,14,628,2000000,600000,2500000,900000, Approved
4359,3, Graduate, No,900000,2900000,10,541,2700000,300000,2000000,1300000, Approved
4360,5, Graduate, Yes,1300000,2400000,14,471,1700000,1800000,4000000,1400000, Rejected
4361,3, Graduate, Yes,3400000,9800000,12,637,9800000,5800000,10500000,2600000, Approved
4362,3, Graduate, No,6100000,13800000,18,768,16400000,9000000,22100000,8300000, Approved
4363,2, Not Graduate, No,7100000,27400000,10,440,20400000,9200000,24200000,4000000, Rejected
4364,5, Graduate, Yes,8300000,30200000,18,872,17600000,14600000,23600000,9500000, Approved
4365,2, Not Graduate, No,7300000,18800000,8,791,17700000,700000,24300000,5200000, Approved
4366,1, Graduate, No,4300000,12000000,6,574,2700000,7300000,17100000,6500000, Approved
4367,3, Not Graduate, Yes,300000,500000,8,890,500000,0,1300000,300000, Approved
4368,3, Not Graduate, No,800000,2500000,18,687,800000,0,2000000,400000, Approved
4369,4, Not Graduate, No,7200000,18000000,8,348,17200000,9500000,18900000,9100000, Rejected
4370,2, Not Graduate, Yes,3100000,11400000,16,363,9500000,1900000,7800000,3900000, Rejected
4371,2, Graduate, No,7900000,19300000,18,689,19100000,12400000,18500000,7600000, Approved
4372,0, Not Graduate, Yes,7500000,23700000,18,642,17300000,0,19900000,4500000, Approved
4373,0, Graduate, No,2000000,4800000,6,797,3000000,1700000,6200000,1800000, Approved
4374,2, Graduate, No,4700000,13300000,18,727,8200000,3400000,17000000,7200000, Approved
4375,5, Not Graduate, Yes,9200000,36200000,2,656,3100000,1300000,32300000,8100000, Approved
4376,1, Graduate, No,4300000,10200000,12,334,10000000,6400000,13900000,2600000, Rejected
4377,1, Not Graduate, Yes,1200000,5500000,20,425,900000,800000,3900000,1700000, Rejected
4378,4, Not Graduate, Yes,6500000,20500000,20,362,3500000,9000000,15400000,8000000, Rejected
4379,1, Graduate, No,3700000,13500000,16,594,500000,2400000,14000000,2900000, Approved
4380,4, Graduate, No,8000000,31000000,18,680,10700000,7900000,30400000,9700000, Approved
4381,2, Graduate, No,6000000,18200000,8,425,5900000,2200000,22200000,7000000, Rejected
4382,3, Not Graduate, Yes,3000000,11500000,14,768,3300000,6000000,8400000,1900000, Approved
4383,4, Not Graduate, Yes,2200000,5700000,8,466,6000000,4700000,8200000,2400000, Rejected
4384,5, Graduate, Yes,9400000,30400000,2,686,12600000,11100000,21900000,8400000, Approved
4385,3, Not Graduate, No,4300000,14000000,20,854,4500000,5600000,8600000,4400000, Approved
4386,2, Not Graduate, No,8900000,27500000,6,607,9700000,5200000,35000000,12300000, Approved
4387,4, Graduate, Yes,3900000,14400000,6,722,9400000,7300000,15000000,3100000, Approved
4388,4, Graduate, No,5200000,19200000,10,703,7000000,5100000,12600000,4300000, Approved
4389,5, Graduate, Yes,5600000,14800000,20,817,14200000,9600000,14800000,3500000, Approved
4390,2, Graduate, Yes,4000000,13400000,4,855,9600000,8200000,11400000,2300000, Approved
4391,2, Graduate, Yes,8200000,21500000,18,746,23600000,12500000,25700000,7400000, Approved
4392,2, Not Graduate, No,4600000,13800000,18,797,6100000,7800000,10700000,2400000, Approved
4393,4, Graduate, Yes,9800000,22000000,4,350,16900000,11900000,27000000,7400000, Rejected
4394,1, Not Graduate, No,2500000,7400000,6,442,3300000,4100000,9400000,3500000, Rejected
4395,3, Not Graduate, No,4500000,11400000,10,635,8900000,600000,16300000,5300000, Approved
4396,3, Not Graduate, No,2900000,11700000,16,842,2200000,2500000,10700000,3800000, Approved
4397,1, Not Graduate, No,8100000,30500000,14,871,18900000,9300000,28600000,10700000, Approved
4398,1, Graduate, No,8700000,21700000,16,624,9000000,14300000,28200000,11900000, Approved
4399,5, Graduate, Yes,2900000,10700000,14,466,5900000,4600000,11700000,4100000, Rejected
4400,2, Graduate, No,5600000,11000000,14,774,1300000,5700000,20900000,5400000, Approved
4401,2, Not Graduate, Yes,1300000,2900000,12,317,400000,1600000,4000000,600000, Rejected
4402,0, Graduate, No,9100000,21900000,20,366,1000000,17700000,23200000,9100000, Rejected
4403,1, Graduate, Yes,7600000,16200000,6,588,21200000,8000000,26600000,10600000, Approved
4404,0, Graduate, Yes,600000,1100000,18,485,1400000,600000,1700000,600000, Rejected
4405,5, Not Graduate, Yes,4000000,11600000,18,789,1700000,3400000,10500000,3300000, Approved
4406,5, Not Graduate, Yes,9400000,27100000,6,362,25300000,8700000,30500000,5100000, Rejected
4407,2, Not Graduate, Yes,1500000,4200000,20,512,3200000,2400000,6300000,800000, Rejected
4408,2, Graduate, No,4400000,15900000,18,705,7000000,9200000,13800000,5600000, Approved
4409,3, Not Graduate, No,5800000,14600000,16,438,4300000,2900000,15800000,5500000, Rejected
4410,1, Not Graduate, No,7000000,26200000,6,730,15900000,9200000,20800000,8200000, Approved
4411,3, Not Graduate, No,9400000,20200000,12,699,26900000,7700000,29300000,14600000, Approved
4412,0, Not Graduate, No,1100000,4200000,18,899,400000,1400000,2600000,1400000, Approved
4413,4, Graduate, No,1400000,3400000,10,652,3000000,2000000,2900000,1100000, Approved
4414,4, Graduate, Yes,8700000,32800000,16,884,18900000,12200000,21200000,9900000, Approved
4415,3, Not Graduate, Yes,5600000,12300000,12,716,3100000,1600000,18100000,8300000, Approved
4416,3, Graduate, Yes,8300000,24200000,8,602,19300000,11900000,19500000,4500000, Rejected
4417,5, Not Graduate, No,5000000,15100000,6,636,6100000,7100000,12800000,7800000, Approved
4418,4, Not Graduate, No,5900000,18800000,4,659,4100000,3800000,19200000,5400000, Approved
4419,0, Not Graduate, Yes,9300000,27800000,10,554,4600000,1600000,33400000,4400000, Rejected
4420,0, Graduate, No,9500000,28000000,18,567,5900000,9800000,29100000,14200000, Approved
4421,1, Not Graduate, No,5100000,13800000,4,491,6300000,7400000,11700000,5400000, Rejected
4422,0, Graduate, No,8400000,32500000,2,845,20800000,14500000,19000000,4900000, Approved
4423,1, Not Graduate, Yes,4300000,17500000,18,367,900000,5300000,13100000,5000000, Rejected
4424,3, Not Graduate, No,2600000,8200000,2,438,4300000,3200000,6200000,2300000, Approved
4425,0, Graduate, Yes,5200000,13900000,12,596,4200000,2600000,18200000,6900000, Approved
4426,0, Graduate, No,4500000,9300000,8,520,800000,4400000,15400000,5700000, Rejected
4427,1, Not Graduate, No,7000000,19300000,14,797,7900000,2300000,20200000,5600000, Approved
4428,3, Graduate, Yes,5100000,14500000,14,474,10900000,5500000,16900000,5100000, Rejected
4429,4, Not Graduate, No,2000000,4800000,18,742,3800000,3900000,6800000,2800000, Approved
4430,4, Graduate, Yes,2100000,4900000,12,665,1500000,1600000,5700000,1400000, Approved
4431,0, Not Graduate, Yes,4200000,16600000,20,558,9500000,2300000,11900000,2900000, Rejected
4432,3, Not Graduate, Yes,5200000,13500000,6,553,7700000,10100000,13100000,5000000, Approved
4433,1, Graduate, Yes,6000000,21000000,2,565,3000000,6000000,21700000,5700000, Approved
4434,5, Graduate, Yes,500000,1200000,12,459,1400000,500000,700000,300000, Rejected
4435,4, Not Graduate, Yes,2600000,10100000,8,859,500000,3100000,8700000,1900000, Approved
4436,0, Not Graduate, Yes,3800000,16300000,18,435,6000000,1300000,10400000,4800000, Rejected
4437,4, Graduate, No,5500000,15100000,18,450,13400000,2400000,16800000,7200000, Rejected
4438,0, Graduate, No,6200000,14200000,10,776,9400000,12100000,20700000,3600000, Approved
4439,3, Graduate, No,4300000,10900000,6,544,10600000,4300000,14900000,4600000, Approved
4440,4, Not Graduate, No,2900000,11300000,10,726,6600000,4000000,7600000,1700000, Approved
4441,4, Not Graduate, Yes,2900000,9800000,10,611,4900000,3500000,8400000,3300000, Approved
4442,1, Not Graduate, Yes,900000,2200000,4,865,700000,300000,2300000,1000000, Approved
4443,5, Graduate, No,9200000,25600000,14,470,28700000,5000000,34800000,13600000, Rejected
4444,1, Graduate, Yes,5700000,19300000,18,682,12300000,800000,16200000,3400000, Approved
4445,4, Graduate, No,9500000,33300000,12,319,6000000,8900000,27300000,5000000, Rejected
4446,4, Graduate, No,8300000,27100000,12,672,5100000,9000000,17400000,9200000, Approved
4447,5, Graduate, No,600000,2500000,16,434,1200000,600000,2700000,900000, Rejected
4448,4, Graduate, Yes,8800000,25400000,14,747,23800000,6400000,24700000,5400000, Rejected
4449,0, Graduate, No,6300000,16600000,4,837,18400000,11700000,19800000,6800000, Approved
4450,5, Graduate, No,3200000,10400000,8,591,7900000,2100000,10800000,2800000, Approved
4451,2, Not Graduate, No,9100000,26300000,14,354,24000000,4100000,28200000,6800000, Rejected
4452,1, Not Graduate, No,5100000,18400000,12,868,16100000,700000,15600000,6500000, Approved
4453,4, Graduate, Yes,2000000,7400000,10,847,2700000,500000,7000000,800000, Approved
4454,0, Not Graduate, Yes,700000,1900000,12,481,200000,200000,2200000,500000, Rejected
4455,3, Graduate, Yes,9500000,19900000,4,643,14600000,2400000,35000000,5400000, Approved
4456,0, Graduate, No,400000,1700000,20,857,1500000,400000,1000000,100000, Approved
4457,4, Not Graduate, Yes,7900000,22700000,16,509,2000000,5100000,23600000,8100000, Rejected
4458,0, Graduate, Yes,8100000,23000000,20,757,17700000,15000000,19900000,4000000, Approved
4459,4, Not Graduate, No,6200000,13000000,6,497,7300000,6100000,16800000,7900000, Rejected
4460,1, Graduate, No,8800000,24600000,6,388,15300000,8300000,28000000,7900000, Rejected
4461,2, Graduate, No,9100000,23100000,14,674,21300000,4700000,18900000,11600000, Approved
4462,2, Not Graduate, Yes,2200000,4400000,18,592,2500000,700000,5200000,1500000, Approved
4463,4, Not Graduate, Yes,5200000,18200000,8,517,14100000,2200000,12500000,7400000, Rejected
4464,1, Graduate, No,2900000,7700000,2,362,700000,700000,10700000,2000000, Rejected
4465,3, Graduate, No,6900000,22200000,16,772,5000000,8200000,20400000,9600000, Approved
4466,2, Graduate, No,4500000,9400000,18,614,0,500000,12500000,2700000, Approved
4467,1, Not Graduate, Yes,5100000,20300000,12,595,2200000,2600000,16400000,3600000, Approved
4468,1, Not Graduate, Yes,1500000,4500000,20,507,300000,600000,5100000,1900000, Rejected
4469,1, Not Graduate, Yes,8400000,29900000,4,892,12900000,9900000,31500000,9400000, Approved
4470,4, Graduate, No,3600000,11300000,10,318,6500000,5500000,10800000,2400000, Rejected
4471,3, Graduate, Yes,7300000,19800000,10,542,0,13300000,28200000,10000000, Rejected
4472,4, Graduate, Yes,4600000,12600000,8,648,14600000,300000,10600000,6700000, Approved
4473,4, Graduate, No,8900000,29200000,10,587,24400000,15300000,31800000,9300000, Approved
4474,1, Graduate, No,4300000,9500000,6,702,0,900000,10500000,3100000, Approved
4475,5, Not Graduate, No,600000,1900000,20,817,300000,300000,1900000,600000, Approved
4476,3, Graduate, No,6500000,27500000,10,852,14600000,10200000,14100000,7600000, Approved
4477,0, Not Graduate, No,1500000,4800000,12,652,1600000,2800000,4700000,700000, Approved
4478,3, Graduate, Yes,3400000,6900000,12,727,5000000,2700000,8600000,2200000, Rejected
4479,1, Graduate, No,4900000,19300000,8,361,13600000,500000,14800000,2400000, Rejected
4480,4, Not Graduate, Yes,7400000,24200000,16,900,3500000,4500000,15300000,6400000, Approved
4481,3, Not Graduate, Yes,4100000,13300000,10,686,2000000,5700000,12000000,5600000, Approved
4482,4, Graduate, Yes,9600000,24900000,14,415,24500000,5700000,23500000,7400000, Rejected
4483,4, Graduate, No,1500000,3500000,12,784,4000000,300000,3900000,2300000, Approved
4484,4, Not Graduate, Yes,8500000,24600000,2,404,1700000,200000,21600000,10600000, Rejected
4485,1, Graduate, No,7700000,17300000,14,600,11600000,12300000,30500000,6300000, Approved
4486,2, Not Graduate, Yes,4900000,20100000,2,763,0,4000000,13000000,6300000, Approved
4487,2, Not Graduate, Yes,4800000,13400000,2,572,9100000,1100000,9600000,7300000, Approved
4488,5, Not Graduate, No,5800000,21200000,4,587,12100000,8200000,15400000,3100000, Approved
4489,4, Graduate, Yes,1200000,3000000,16,339,1200000,2300000,3600000,1700000, Rejected
4490,0, Graduate, No,4300000,13800000,20,525,9500000,6200000,13200000,2500000, Rejected
4491,3, Graduate, Yes,5400000,15400000,18,340,5800000,3700000,16500000,6500000, Rejected
4492,0, Graduate, Yes,2500000,5300000,16,721,6600000,1200000,7500000,3000000, Approved
4493,5, Graduate, No,2800000,9100000,8,856,3900000,800000,10000000,3200000, Approved
4494,5, Graduate, Yes,3400000,12400000,12,791,10200000,2600000,11200000,4800000, Approved
4495,2, Not Graduate, Yes,900000,2200000,6,714,2000000,100000,2700000,700000, Approved
4496,0, Not Graduate, Yes,3200000,11000000,12,794,800000,5500000,8000000,3500000, Approved
4497,5, Graduate, Yes,3300000,9300000,6,562,3300000,2800000,8500000,2200000, Approved
4498,1, Graduate, No,2400000,6100000,18,413,1700000,2500000,8100000,3200000, Rejected
4499,3, Not Graduate, Yes,6700000,24000000,10,727,21600000,5500000,16100000,8900000, Approved
4500,3, Not Graduate, No,4900000,12900000,18,791,200000,2600000,21800000,6800000, Approved
4501,4, Not Graduate, No,4000000,14800000,18,784,7300000,700000,14700000,1900000, Approved
4502,1, Graduate, Yes,6700000,17400000,6,807,8400000,6000000,17500000,5900000, Approved
4503,5, Not Graduate, No,2100000,7000000,10,581,2600000,200000,8100000,1600000, Rejected
4504,2, Not Graduate, Yes,10300000,20000000,16,353,25300000,11400000,28100000,7300000, Rejected
4505,4, Graduate, No,7300000,32900000,8,703,16600000,11600000,27700000,5400000, Approved
4506,0, Graduate, No,5400000,17700000,8,633,4600000,4100000,14600000,3400000, Approved
4507,1, Graduate, No,6200000,17600000,4,784,11600000,9800000,23700000,6900000, Approved
4508,1, Not Graduate, No,7200000,23600000,18,381,900000,8200000,15400000,6100000, Rejected
4509,1, Graduate, No,3300000,9000000,12,874,4700000,700000,10400000,2400000, Approved
4510,5, Not Graduate, Yes,5500000,21200000,10,882,5700000,8900000,19600000,8000000, Approved
4511,2, Graduate, No,6300000,17700000,8,544,12200000,6000000,15100000,5800000, Rejected
4512,1, Graduate, Yes,3400000,10200000,20,866,3700000,6400000,10000000,5000000, Approved
4513,3, Not Graduate, No,1800000,7700000,18,591,2400000,3000000,6500000,1700000, Approved
4514,2, Not Graduate, No,400000,1100000,6,445,800000,100000,900000,200000, Rejected
4515,2, Graduate, No,8100000,25300000,6,784,2100000,7800000,15800000,6700000, Approved
4516,2, Not Graduate, Yes,9400000,32300000,14,844,4000000,10200000,34500000,6700000, Approved
4517,5, Graduate, Yes,7500000,29000000,2,431,8400000,5800000,23900000,5600000, Approved
4518,0, Not Graduate, Yes,3300000,8500000,2,410,4100000,5400000,9400000,3800000, Approved
4519,2, Not Graduate, Yes,7700000,26600000,18,597,5700000,6100000,27800000,4400000, Approved
4520,0, Not Graduate, No,7400000,16300000,18,721,10300000,10500000,19200000,6200000, Approved
4521,4, Graduate, Yes,5500000,11500000,20,689,14800000,3800000,14000000,6000000, Approved
4522,5, Graduate, No,8400000,19800000,8,464,11200000,14800000,19700000,9900000, Approved
4523,0, Not Graduate, Yes,3400000,9200000,6,480,6300000,700000,10000000,2000000, Rejected
4524,5, Graduate, Yes,2000000,5500000,4,589,2000000,1700000,6400000,2500000, Approved
4525,0, Not Graduate, No,4700000,17600000,10,494,10900000,3200000,10000000,6100000, Rejected
4526,1, Graduate, No,800000,3100000,4,327,900000,1100000,2700000,300000, Approved
4527,3, Graduate, No,1300000,3700000,16,351,2600000,2000000,2900000,1400000, Approved
4528,3, Graduate, No,4000000,10200000,18,730,5000000,200000,9000000,6300000, Approved
4529,3, Not Graduate, Yes,7600000,26700000,12,855,9100000,800000,30800000,7500000, Approved
4530,1, Not Graduate, No,1900000,7600000,6,473,1800000,1300000,6000000,2000000, Approved
4531,3, Graduate, Yes,2200000,4400000,2,844,1300000,2500000,4600000,2100000, Rejected
4532,2, Graduate, Yes,800000,3400000,6,774,2100000,200000,2000000,400000, Approved
4533,1, Not Graduate, Yes,4100000,9500000,10,542,900000,4100000,10500000,5300000, Rejected
4534,3, Graduate, No,6200000,16300000,16,373,12200000,2000000,16300000,3200000, Rejected
4535,3, Graduate, Yes,4700000,10000000,4,347,8800000,4800000,15900000,3400000, Rejected
4536,0, Graduate, Yes,2400000,4800000,12,404,3300000,2400000,4700000,3000000, Rejected
4537,5, Not Graduate, No,5900000,15300000,4,316,6600000,7500000,18100000,6500000, Rejected
4538,4, Not Graduate, No,1900000,5500000,4,818,2500000,3200000,6800000,2400000, Approved
4539,0, Graduate, Yes,8400000,29300000,6,723,1000000,6500000,23200000,5600000, Approved
4540,1, Not Graduate, Yes,9400000,27200000,12,592,2100000,3900000,28600000,6500000, Approved
4541,5, Not Graduate, No,2200000,7000000,10,511,2600000,200000,6900000,1500000, Rejected
4542,1, Graduate, No,6800000,21600000,4,479,3700000,9500000,17500000,4500000, Approved
4543,4, Graduate, No,1700000,4900000,20,828,4500000,2300000,6500000,1900000, Approved
4544,2, Not Graduate, No,4200000,10600000,18,432,2000000,1400000,9100000,5800000, Rejected
4545,3, Not Graduate, Yes,2400000,9100000,10,539,4800000,1800000,8600000,3500000, Rejected
4546,2, Not Graduate, Yes,5400000,14200000,14,471,11000000,500000,11600000,5800000, Rejected
4547,4, Not Graduate, Yes,2600000,4800000,20,707,1100000,3800000,6900000,3600000, Approved
4548,5, Not Graduate, No,4400000,11200000,16,667,5800000,3100000,10200000,5400000, Approved
4549,5, Not Graduate, Yes,8800000,19100000,14,557,11400000,900000,18100000,4800000, Rejected
4550,1, Graduate, No,5300000,16600000,4,810,12000000,9500000,24100000,7000000, Approved
4551,3, Graduate, Yes,9200000,19700000,20,334,13900000,10300000,19100000,4700000, Rejected
4552,3, Graduate, No,1400000,3100000,14,332,1600000,600000,3900000,500000, Rejected
4553,0, Not Graduate, No,8600000,22900000,2,355,26700000,5000000,25100000,7600000, Rejected
4554,1, Graduate, No,5700000,20300000,6,307,5900000,5600000,12600000,6000000, Rejected
4555,0, Not Graduate, Yes,4900000,12600000,18,772,3400000,900000,14300000,3100000, Approved
4556,5, Not Graduate, No,200000,900000,18,300,1100000,500000,1400000,300000, Rejected
4557,0, Not Graduate, No,7500000,26400000,14,728,15500000,10400000,15100000,6600000, Rejected
4558,0, Not Graduate, Yes,9000000,28000000,10,537,2700000,6000000,18900000,7100000, Rejected
4559,4, Not Graduate, Yes,9500000,27700000,12,543,12100000,9900000,19000000,7700000, Rejected
4560,4, Not Graduate, No,3900000,15200000,8,776,8600000,6900000,12200000,4600000, Approved
4561,4, Not Graduate, No,4500000,17800000,18,300,1000000,2000000,13300000,5100000, Rejected
4562,1, Not Graduate, Yes,700000,1900000,16,677,2100000,400000,1400000,800000, Approved
4563,3, Not Graduate, Yes,2000000,4200000,16,562,1700000,4200000,6100000,1200000, Approved
4564,1, Graduate, No,2900000,6900000,2,368,900000,700000,10000000,1900000, Rejected
4565,3, Graduate, No,1400000,3600000,8,854,1900000,200000,5200000,1600000, Approved
4566,0, Graduate, No,2800000,7700000,10,767,6800000,900000,5700000,3000000, Approved
4567,0, Graduate, No,8100000,18900000,18,656,2600000,16800000,23600000,10900000, Approved
4568,5, Graduate, Yes,5600000,14400000,6,633,11000000,4700000,13200000,5700000, Approved
4569,3, Not Graduate, Yes,6200000,17800000,2,528,16300000,1100000,15900000,5000000, Approved
4570,2, Not Graduate, No,9400000,31000000,4,597,14100000,6400000,38200000,10900000, Approved
4571,4, Graduate, Yes,3700000,11400000,16,856,11100000,8200000,11300000,4500000, Approved
4572,5, Graduate, No,8000000,25000000,10,790,14600000,11900000,20300000,7500000, Rejected
4573,0, Graduate, Yes,3900000,14200000,2,703,6400000,4900000,12100000,5100000, Rejected
4574,3, Graduate, Yes,800000,2500000,20,402,1400000,300000,1500000,500000, Rejected
4575,1, Graduate, No,6600000,17700000,8,595,10000000,3600000,16400000,7400000, Approved
4576,4, Graduate, Yes,3900000,7800000,20,899,4200000,7300000,13600000,3600000, Approved
4577,4, Graduate, No,400000,1400000,8,462,400000,400000,1600000,600000, Rejected
4578,1, Not Graduate, Yes,4400000,13300000,18,453,10700000,9100000,17300000,5500000, Rejected
4579,2, Not Graduate, No,6400000,15200000,16,385,13700000,6300000,23900000,3500000, Rejected
4580,0, Graduate, No,2400000,5400000,16,476,5600000,4400000,8100000,2500000, Rejected
4581,1, Not Graduate, Yes,3500000,9400000,20,814,3600000,6100000,10800000,4700000, Approved
4582,5, Not Graduate, No,2900000,8200000,14,602,7600000,3300000,6800000,2600000, Approved
4583,4, Not Graduate, No,7400000,15900000,6,667,22300000,13700000,28600000,8100000, Approved
4584,4, Graduate, Yes,3800000,11000000,10,860,10300000,3900000,10500000,2800000, Approved
4585,0, Graduate, Yes,3600000,8700000,6,565,3500000,2900000,11300000,5100000, Rejected
4586,0, Graduate, No,6000000,24300000,20,842,3500000,5800000,16700000,6400000, Approved
4587,1, Not Graduate, No,1700000,4600000,14,638,1900000,2700000,3800000,1300000, Approved
4588,1, Not Graduate, Yes,4400000,14000000,18,497,11300000,8300000,15500000,5600000, Rejected
4589,1, Not Graduate, Yes,6100000,20000000,8,379,5400000,10200000,14600000,4500000, Rejected
4590,5, Graduate, Yes,10200000,36400000,10,356,2200000,13200000,37100000,8800000, Rejected
4591,4, Not Graduate, Yes,6200000,15900000,12,591,1000000,9600000,13300000,8100000, Approved
4592,5, Not Graduate, No,3800000,9800000,4,589,9500000,5400000,11300000,2900000, Approved
4593,3, Graduate, Yes,4400000,11900000,10,713,7100000,6400000,14500000,2100000, Approved
4594,4, Graduate, Yes,2100000,5200000,6,341,3100000,2500000,6200000,3300000, Rejected
4595,0, Not Graduate, No,3800000,13400000,14,793,1300000,1000000,12400000,3700000, Approved
4596,5, Graduate, Yes,2400000,8000000,10,702,2200000,3700000,8700000,2700000, Approved
4597,0, Not Graduate, No,4900000,13900000,16,353,1700000,3600000,14600000,7700000, Rejected
4598,1, Not Graduate, No,1200000,2700000,14,751,600000,2500000,2300000,500000, Approved
4599,4, Graduate, Yes,700000,2100000,6,463,1800000,700000,2100000,300000, Rejected
4600,5, Not Graduate, No,2000000,6500000,18,545,4800000,3200000,6700000,1700000, Rejected
4601,2, Not Graduate, Yes,8600000,31200000,6,692,5500000,10800000,18700000,6900000, Approved
4602,0, Graduate, No,7400000,29400000,20,568,12100000,3100000,27200000,6300000, Approved
4603,2, Not Graduate, Yes,7300000,29100000,10,813,22600000,3000000,15600000,4100000, Approved
4604,0, Graduate, Yes,7100000,19700000,8,757,3700000,4700000,21600000,4900000, Approved
4605,2, Not Graduate, Yes,8600000,31100000,6,719,5700000,10300000,20300000,7800000, Approved
4606,4, Not Graduate, No,5500000,19700000,6,521,6500000,9500000,18800000,3900000, Rejected
4607,5, Not Graduate, Yes,6800000,21600000,4,555,9300000,7500000,26600000,4000000, Approved
4608,0, Not Graduate, Yes,3800000,11900000,2,413,200000,6800000,13000000,3300000, Approved
4609,1, Graduate, No,8100000,26300000,10,750,21400000,9000000,22000000,7000000, Approved
4610,2, Graduate, Yes,10100000,30500000,16,578,1400000,3800000,29700000,8400000, Rejected
4611,3, Graduate, No,8800000,31700000,8,482,17200000,3300000,23300000,7900000, Rejected
4612,3, Graduate, No,4700000,9000000,10,525,5000000,6900000,12500000,5000000, Rejected
4613,4, Graduate, No,7200000,27700000,16,821,2400000,7500000,21400000,4400000, Approved
4614,2, Graduate, No,2100000,4300000,18,571,2700000,400000,5100000,1400000, Approved
4615,3, Not Graduate, Yes,9300000,22900000,6,300,200000,19600000,34300000,9000000, Rejected
4616,3, Graduate, Yes,9200000,20300000,2,737,13600000,3600000,19800000,9500000, Approved
4617,1, Not Graduate, Yes,1900000,4600000,12,752,1300000,1700000,4300000,1300000, Approved
4618,2, Graduate, Yes,1700000,3400000,10,678,2600000,2800000,6000000,900000, Approved
4619,0, Not Graduate, No,300000,900000,18,300,200000,0,600000,0, Rejected
4620,5, Graduate, No,1300000,2200000,12,504,1700000,1800000,3900000,1200000, Rejected
4621,4, Not Graduate, No,5600000,13500000,20,885,3400000,7300000,19300000,6700000, Approved
4622,1, Not Graduate, Yes,700000,1800000,18,639,2100000,600000,1600000,1000000, Approved
4623,5, Graduate, No,1900000,6000000,2,387,2000000,1900000,4700000,2000000, Approved
4624,1, Graduate, Yes,7600000,28500000,18,766,1300000,5000000,28100000,9400000, Approved
4625,3, Graduate, No,3700000,8900000,6,481,9400000,400000,10500000,3700000, Rejected
4626,2, Not Graduate, Yes,500000,1200000,2,900,100000,200000,1200000,700000, Approved
4627,4, Graduate, No,8600000,31900000,16,779,300000,1800000,21000000,4200000, Rejected
4628,1, Not Graduate, Yes,3100000,9500000,20,755,3800000,3600000,7100000,2600000, Approved
4629,1, Graduate, No,5500000,13400000,4,856,7400000,5600000,19600000,4700000, Approved
4630,0, Not Graduate, No,200000,700000,12,661,400000,200000,200000,100000, Rejected
4631,5, Graduate, No,5400000,20300000,2,554,3100000,2200000,14200000,3500000, Approved
4632,1, Graduate, No,1400000,3000000,12,416,1000000,300000,2800000,700000, Approved
4633,2, Graduate, Yes,8200000,29400000,20,386,1400000,1400000,32100000,10300000, Rejected
4634,1, Graduate, No,7300000,21800000,2,528,14700000,8700000,22300000,9700000, Approved
4635,4, Graduate, Yes,500000,1600000,20,892,1300000,1000000,1600000,300000, Approved
4636,1, Graduate, Yes,5600000,12500000,4,420,16400000,800000,18100000,7500000, Rejected
4637,1, Graduate, No,5700000,10900000,6,697,13600000,8000000,19200000,2500000, Approved
4638,4, Graduate, No,3300000,11500000,6,647,3400000,4600000,6800000,3900000, Approved
4639,2, Graduate, Yes,8600000,34700000,2,693,10700000,12700000,32900000,6400000, Approved
4640,0, Not Graduate, Yes,1300000,3700000,4,841,3100000,900000,4600000,1100000, Approved
4641,2, Not Graduate, Yes,1900000,4400000,6,796,5100000,1500000,3300000,900000, Approved
4642,1, Not Graduate, Yes,7700000,21700000,10,312,22300000,10000000,18900000,4600000, Rejected
4643,3, Not Graduate, Yes,9700000,21600000,6,334,300000,20400000,32800000,9600000, Rejected
4644,0, Graduate, Yes,900000,1700000,4,727,2200000,1100000,3100000,300000, Approved
4645,3, Graduate, No,7300000,28500000,4,858,5300000,7400000,26600000,9100000, Approved
4646,0, Not Graduate, Yes,5000000,11000000,10,300,9500000,1400000,10700000,7700000, Rejected
4647,2, Not Graduate, Yes,3700000,7700000,20,764,1700000,4700000,8900000,5500000, Approved
4648,2, Graduate, No,4500000,17300000,14,689,5600000,7000000,12600000,6900000, Approved
4649,4, Graduate, Yes,5800000,22300000,10,439,3600000,9100000,22600000,5700000, Rejected
4650,2, Not Graduate, No,7100000,27400000,6,752,15800000,9100000,21200000,8000000, Approved
4651,1, Graduate, Yes,900000,4000000,2,823,2800000,700000,3000000,400000, Approved
4652,1, Graduate, Yes,0,400000,20,742,0,200000,500000,200000, Approved
4653,5, Not Graduate, No,9500000,30700000,12,822,16900000,4000000,31300000,12400000, Approved
4654,0, Graduate, No,5300000,20700000,20,668,4400000,0,16500000,6800000, Approved
4655,1, Not Graduate, Yes,5800000,12700000,2,341,10800000,2200000,13700000,4700000, Rejected
4656,0, Not Graduate, No,3900000,13500000,6,647,9000000,0,8500000,2400000, Approved
4657,2, Graduate, Yes,1400000,4400000,4,818,2000000,2200000,5300000,900000, Approved
4658,2, Graduate, No,8000000,29800000,12,803,19700000,15900000,16200000,7400000, Approved
4659,0, Not Graduate, No,2500000,8300000,12,848,4800000,5200000,6700000,2600000, Rejected
4660,0, Graduate, No,4400000,17200000,14,407,3000000,300000,16600000,3400000, Rejected
4661,4, Graduate, No,9500000,34300000,14,340,5800000,9200000,31100000,4800000, Rejected
4662,0, Graduate, Yes,7600000,18000000,18,715,6000000,5000000,24700000,6800000, Approved
4663,3, Not Graduate, Yes,4300000,11100000,18,579,8100000,6500000,8500000,2900000, Approved
4664,2, Graduate, No,9100000,28400000,8,347,21000000,16200000,20900000,9600000, Rejected
4665,1, Graduate, No,1500000,4000000,10,641,2100000,2700000,5300000,1400000, Approved
4666,0, Graduate, Yes,3800000,7700000,20,831,6600000,1600000,7400000,1900000, Approved
4667,0, Graduate, No,2500000,9100000,2,671,4000000,1900000,9400000,3100000, Approved
4668,2, Not Graduate, No,8000000,28100000,4,557,16600000,13600000,30200000,6600000, Approved
4669,2, Graduate, No,6200000,22300000,2,492,4000000,2900000,22500000,3800000, Approved
4670,1, Graduate, Yes,400000,700000,10,795,900000,100000,1700000,600000, Approved
4671,3, Not Graduate, No,2200000,4800000,14,670,900000,3400000,6300000,1400000, Approved
4672,1, Graduate, No,3200000,9600000,6,473,6300000,1800000,8500000,3500000, Rejected
4673,4, Not Graduate, Yes,8700000,20800000,16,431,10200000,9800000,28000000,5700000, Rejected
4674,5, Graduate, No,4200000,9500000,12,886,3500000,2200000,12600000,5000000, Approved
4675,1, Graduate, No,7100000,26300000,16,745,4300000,9300000,19300000,8500000, Approved
4676,2, Graduate, Yes,3600000,14800000,2,315,2400000,1500000,7500000,2300000, Rejected
4677,3, Graduate, No,2300000,6200000,4,391,1300000,400000,7500000,2500000, Rejected
4678,1, Not Graduate, Yes,2500000,8600000,20,528,800000,800000,4500000,3400000, Rejected
4679,0, Not Graduate, Yes,3300000,10300000,6,416,7500000,4700000,11100000,3200000, Approved
4680,5, Graduate, Yes,6900000,26600000,12,545,8200000,14100000,26900000,4900000, Rejected
4681,3, Graduate, Yes,4700000,9700000,10,864,5500000,5400000,12400000,4100000, Approved
4682,4, Graduate, Yes,8400000,25400000,14,367,11400000,13200000,27200000,7800000, Approved
4683,1, Not Graduate, No,8900000,23400000,14,822,1500000,13600000,31700000,7500000, Approved
4684,4, Not Graduate, Yes,8300000,19500000,2,545,8800000,14000000,19800000,7100000, Rejected
4685,2, Not Graduate, No,8200000,18500000,6,400,18500000,11900000,31700000,7700000, Rejected
4686,3, Graduate, Yes,1200000,3200000,6,756,800000,700000,2900000,1300000, Approved
4687,2, Not Graduate, Yes,7500000,22800000,14,500,12900000,9600000,15800000,4600000, Rejected
4688,5, Not Graduate, No,9300000,26500000,16,528,22900000,6600000,31900000,9900000, Rejected
4689,2, Graduate, No,8000000,15500000,18,519,13500000,5100000,18700000,6200000, Rejected
4690,0, Graduate, No,1300000,4900000,8,707,1800000,1900000,3200000,1500000, Approved
4691,1, Graduate, No,4600000,13000000,2,406,5000000,4900000,10600000,3900000, Rejected
4692,4, Not Graduate, Yes,3800000,14300000,6,702,2500000,5700000,10200000,4300000, Approved
4693,1, Graduate, No,9300000,33700000,8,784,10900000,9100000,34000000,11600000, Approved
4694,2, Not Graduate, No,4300000,17300000,4,687,10800000,3200000,11500000,4700000, Approved
4695,4, Graduate, Yes,6900000,19300000,12,639,17700000,1500000,23300000,6800000, Approved
4696,3, Graduate, No,1600000,3400000,10,831,4300000,2300000,5000000,1600000, Approved
4697,3, Not Graduate, No,7500000,23100000,16,658,19200000,2700000,22400000,9500000, Approved
4698,1, Not Graduate, Yes,8300000,19800000,2,749,22900000,9500000,20900000,3900000, Approved
4699,3, Graduate, No,9500000,35900000,2,794,2300000,2200000,31000000,6900000, Approved
4700,3, Graduate, No,5300000,18400000,8,301,6400000,10100000,12000000,6600000, Rejected
4701,4, Not Graduate, No,6700000,25100000,12,652,9700000,3600000,20300000,8500000, Approved
4702,0, Graduate, Yes,6500000,23600000,18,865,14600000,6100000,15000000,7400000, Approved
4703,4, Not Graduate, No,8700000,22100000,12,728,400000,17100000,20600000,11600000, Approved
4704,2, Graduate, No,6800000,25400000,18,589,3600000,2900000,16200000,5500000, Approved
4705,5, Not Graduate, Yes,4400000,9500000,4,764,8200000,900000,15200000,3400000, Approved
4706,3, Not Graduate, Yes,8400000,24700000,6,303,9300000,500000,18400000,9200000, Rejected
4707,3, Not Graduate, Yes,7100000,17400000,6,405,21300000,12500000,20800000,5000000, Rejected
4708,0, Graduate, No,6200000,20700000,20,350,8800000,5800000,17100000,4100000, Rejected
4709,3, Graduate, No,1500000,5300000,18,689,100000,400000,4300000,1700000, Approved
4710,4, Graduate, No,2700000,10200000,4,538,8600000,2200000,10100000,1600000, Approved
4711,4, Not Graduate, No,6900000,20100000,12,877,5000000,3300000,20500000,7400000, Approved
4712,2, Graduate, No,6500000,14200000,14,593,5000000,11600000,24900000,3500000, Approved
4713,0, Not Graduate, Yes,1200000,3000000,4,808,3100000,600000,2200000,1700000, Approved
4714,1, Graduate, No,1600000,4800000,14,668,2100000,2700000,4000000,1500000, Approved
4715,3, Graduate, Yes,1000000,2300000,20,587,600000,1600000,1800000,600000, Approved
4716,4, Graduate, No,7500000,25700000,4,680,4500000,12700000,28000000,4400000, Approved
4717,4, Not Graduate, No,3600000,7600000,6,894,1100000,6700000,7500000,2800000, Approved
4718,2, Not Graduate, Yes,9200000,35600000,8,900,22800000,19200000,19200000,12200000, Approved
4719,5, Not Graduate, No,6800000,24400000,12,542,16000000,3400000,25400000,4900000, Approved
4720,1, Not Graduate, Yes,3600000,13300000,20,519,9200000,3800000,14300000,2900000, Rejected
4721,0, Graduate, Yes,3300000,11000000,4,381,9000000,4600000,8900000,2500000, Approved
4722,0, Not Graduate, Yes,8800000,24500000,12,792,9300000,14700000,21600000,10600000, Approved
4723,1, Graduate, Yes,1000000,3600000,14,776,2000000,300000,3400000,1500000, Approved
4724,4, Graduate, Yes,200000,1100000,10,656,500000,0,1000000,200000, Approved
4725,1, Graduate, Yes,5800000,23200000,12,683,1900000,10900000,19500000,6900000, Approved
4726,3, Graduate, No,3100000,11100000,10,561,8200000,5700000,11000000,5100000, Approved
4727,3, Not Graduate, Yes,500000,1300000,16,515,600000,400000,2400000,800000, Rejected
4728,1, Not Graduate, No,7000000,26700000,4,519,13700000,12600000,15500000,9400000, Approved
4729,2, Not Graduate, No,2200000,6400000,20,577,3900000,3800000,6200000,2100000, Approved
4730,5, Not Graduate, No,6500000,24300000,20,626,200000,7200000,15000000,6300000, Approved
4731,0, Not Graduate, Yes,5100000,11300000,16,721,14800000,1000000,17100000,3800000, Approved
4732,1, Graduate, No,6100000,18100000,6,332,5900000,5500000,12700000,6200000, Approved
4733,5, Graduate, Yes,6000000,16800000,18,365,2700000,7200000,22000000,3200000, Rejected
4734,2, Graduate, No,7800000,28100000,4,410,5300000,2300000,19800000,3800000, Approved
4735,2, Graduate, No,4100000,10500000,14,390,5500000,4700000,11600000,2400000, Rejected
4736,0, Not Graduate, No,6700000,16600000,12,780,14400000,10500000,22000000,4300000, Approved
4737,4, Not Graduate, No,7600000,23800000,16,760,20500000,12400000,23400000,7300000, Approved
4738,4, Graduate, Yes,300000,1100000,12,654,500000,100000,800000,0, Approved
4739,0, Graduate, No,6000000,20700000,4,817,400000,3700000,16200000,4800000, Approved
4740,0, Graduate, No,7900000,14800000,4,540,17900000,5700000,23400000,4800000, Rejected
4741,0, Graduate, Yes,1000000,3100000,6,361,1600000,400000,3000000,500000, Approved
4742,0, Graduate, Yes,9100000,31700000,8,875,17400000,6100000,21500000,9900000, Approved
4743,3, Graduate, Yes,6800000,16800000,18,381,2100000,5200000,24800000,9100000, Rejected
4744,0, Graduate, Yes,5800000,16700000,18,795,5600000,1400000,13000000,5400000, Approved
4745,3, Graduate, No,9700000,38500000,10,415,7200000,5600000,37900000,11800000, Rejected
4746,1, Graduate, No,7500000,16000000,4,644,19300000,13700000,26100000,4500000, Approved
4747,2, Not Graduate, Yes,7500000,27700000,8,418,23200000,4800000,18100000,5200000, Rejected
4748,5, Graduate, Yes,5400000,18300000,4,396,2600000,9900000,12500000,4300000, Approved
4749,4, Graduate, Yes,3600000,9200000,4,446,4100000,4000000,11700000,3900000, Approved
4750,1, Graduate, No,8200000,26800000,4,666,2100000,5800000,16600000,4500000, Approved
4751,4, Not Graduate, No,7500000,15700000,6,690,22400000,13300000,29200000,7500000, Approved
4752,3, Graduate, Yes,7500000,27300000,8,406,2100000,8300000,25400000,5400000, Rejected
4753,0, Not Graduate, Yes,1900000,6900000,4,420,4700000,1600000,4200000,2800000, Approved
4754,4, Graduate, No,7400000,18200000,6,778,9100000,6800000,18100000,3700000, Approved
4755,0, Not Graduate, No,7800000,17500000,16,774,14400000,10600000,24100000,9900000, Approved
4756,1, Graduate, Yes,5800000,12800000,12,849,10700000,8400000,11800000,4000000, Approved
4757,2, Graduate, Yes,1900000,6500000,18,880,1900000,1200000,4600000,1700000, Approved
4758,3, Not Graduate, Yes,9300000,23300000,6,352,12800000,16000000,19100000,6200000, Rejected
4759,2, Graduate, Yes,2200000,8000000,8,706,700000,3000000,7700000,800000, Approved
4760,2, Not Graduate, Yes,2800000,8900000,12,690,400000,3100000,10100000,1900000, Approved
4761,0, Graduate, Yes,4000000,11100000,16,766,7000000,5300000,7800000,4800000, Approved
4762,0, Not Graduate, No,9600000,22600000,18,609,26700000,8300000,22600000,4700000, Rejected
4763,0, Not Graduate, No,9600000,20600000,16,589,6200000,800000,36300000,8500000, Approved
4764,4, Graduate, No,1600000,4800000,8,673,3400000,1900000,3900000,1500000, Approved
4765,3, Graduate, Yes,6000000,21500000,12,662,6300000,11900000,19300000,4900000, Approved
4766,0, Not Graduate, Yes,6900000,19200000,12,665,13100000,7800000,25500000,7400000, Approved
4767,3, Not Graduate, No,9000000,25700000,16,667,17500000,17000000,30100000,10900000, Approved
4768,3, Not Graduate, No,9100000,26800000,8,524,16400000,12600000,29000000,6000000, Rejected
4769,3, Graduate, Yes,800000,2600000,20,382,1500000,400000,1700000,600000, Approved
4770,2, Graduate, No,9000000,22400000,18,811,7700000,16200000,24100000,12500000, Approved
4771,4, Graduate, Yes,1400000,2700000,18,700,600000,1400000,5500000,900000, Approved
4772,0, Not Graduate, No,8800000,31600000,2,329,6900000,10600000,23500000,8700000, Approved
4773,0, Not Graduate, No,6800000,26100000,8,738,11700000,12500000,22000000,9100000, Approved
4774,0, Not Graduate, Yes,3700000,10700000,6,575,6400000,400000,10500000,5300000, Rejected
4775,0, Graduate, No,5000000,15400000,4,900,3000000,9800000,14600000,4000000, Approved
4776,5, Graduate, No,1700000,4200000,2,528,100000,200000,6000000,1400000, Rejected
4777,2, Graduate, No,9500000,21500000,2,508,2700000,2300000,34400000,6700000, Rejected
4778,2, Not Graduate, Yes,1300000,3200000,4,813,4200000,2200000,4300000,600000, Approved
4779,3, Graduate, No,4600000,17000000,20,716,12300000,2700000,10700000,4300000, Approved
4780,4, Not Graduate, No,2500000,5400000,10,576,3500000,1500000,10200000,2700000, Approved
4781,0, Graduate, Yes,900000,2200000,16,566,100000,700000,2000000,600000, Approved
4782,1, Not Graduate, Yes,5000000,18300000,6,507,6000000,8700000,16000000,4300000, Rejected
4783,2, Graduate, No,7700000,24200000,12,545,14900000,6000000,25100000,6700000, Approved
4784,2, Graduate, No,6600000,23900000,18,511,10100000,6800000,23000000,3200000, Approved
4785,4, Not Graduate, No,8300000,20900000,12,527,10300000,7500000,25200000,11100000, Rejected
4786,4, Not Graduate, No,3800000,14300000,8,712,4000000,4900000,8300000,5000000, Approved
4787,3, Not Graduate, No,4500000,19000000,8,356,10500000,3900000,12800000,2400000, Rejected
4788,3, Graduate, No,9900000,36500000,2,702,12200000,10400000,19500000,11000000, Approved
4789,4, Not Graduate, No,500000,1500000,6,766,100000,300000,900000,500000, Approved
4790,2, Not Graduate, No,4400000,10300000,20,495,11700000,2500000,12700000,4600000, Approved
4791,4, Graduate, Yes,900000,2600000,4,568,1200000,700000,1900000,1000000, Approved
4792,3, Not Graduate, No,8400000,26800000,4,447,3200000,400000,18800000,5100000, Approved
4793,3, Not Graduate, Yes,2000000,4000000,18,543,1700000,4100000,5800000,1300000, Approved
4794,5, Graduate, Yes,7500000,17500000,2,436,15000000,1700000,19700000,10600000, Approved
4795,4, Graduate, Yes,8600000,28400000,8,460,20500000,1900000,35600000,11200000, Rejected
4796,1, Graduate, No,1100000,3400000,8,550,2300000,1100000,3300000,500000, Approved
4797,2, Not Graduate, Yes,1400000,2700000,8,606,0,200000,2600000,1200000, Approved
4798,4, Not Graduate, No,800000,2400000,4,370,0,0,2000000,0, Rejected
4799,0, Not Graduate, Yes,3900000,11300000,6,498,6000000,300000,10400000,5100000, Rejected
4800,0, Graduate, No,4200000,14000000,4,837,2700000,6100000,9500000,4200000, Approved
4801,5, Graduate, No,4000000,8900000,12,882,3200000,2500000,11600000,5800000, Approved
4802,0, Not Graduate, No,7200000,15200000,14,793,9400000,4100000,24700000,8500000, Approved
4803,2, Not Graduate, Yes,7900000,28300000,16,823,10600000,8300000,26600000,10300000, Approved
4804,4, Graduate, No,7300000,16500000,8,403,4000000,5000000,18600000,8700000, Rejected
4805,5, Not Graduate, Yes,1100000,2400000,14,894,2400000,200000,2200000,1200000, Approved
4806,5, Graduate, No,5800000,21300000,16,426,3000000,2000000,22400000,3800000, Rejected
4807,3, Not Graduate, No,6400000,16500000,4,549,5300000,900000,18400000,8000000, Approved
4808,5, Not Graduate, No,9400000,29700000,12,751,7700000,12800000,32200000,4800000, Approved
4809,2, Not Graduate, No,8800000,26100000,16,461,18200000,3100000,33200000,11200000, Rejected
4810,4, Not Graduate, Yes,6700000,20600000,12,693,21600000,11500000,28900000,6900000, Approved
4811,2, Graduate, No,6100000,13600000,2,868,8200000,5000000,18500000,4200000, Approved
4812,5, Not Graduate, No,6300000,13600000,10,369,16900000,2400000,14300000,7000000, Rejected
4813,2, Graduate, No,9900000,32700000,10,630,10100000,7600000,24100000,6100000, Approved
4814,4, Graduate, No,4200000,10900000,2,794,8000000,1500000,11300000,2100000, Approved
4815,5, Graduate, Yes,6400000,13400000,2,539,6300000,9200000,21000000,4900000, Rejected
4816,2, Not Graduate, No,4900000,16000000,18,356,5000000,8500000,16200000,6900000, Rejected
4817,0, Not Graduate, No,5600000,20600000,6,692,3400000,6900000,19900000,5400000, Approved
4818,0, Not Graduate, Yes,2000000,5300000,18,709,5200000,200000,6400000,2100000, Approved
4819,0, Not Graduate, No,1600000,4000000,18,814,400000,700000,4900000,1200000, Approved
4820,0, Not Graduate, No,6400000,27400000,8,752,12300000,12600000,20600000,9000000, Approved
4821,1, Graduate, No,1300000,3300000,20,709,3200000,1400000,2600000,800000, Approved
4822,5, Graduate, No,6300000,23000000,16,300,200000,600000,23300000,4600000, Rejected
4823,0, Graduate, Yes,7200000,20100000,16,763,7800000,4900000,18800000,5500000, Approved
4824,3, Graduate, Yes,4500000,11000000,12,866,11600000,4900000,9500000,3300000, Approved
4825,2, Not Graduate, Yes,3100000,7400000,4,843,5600000,4900000,5800000,2200000, Approved
4826,3, Graduate, No,4300000,17200000,6,759,7000000,4400000,11600000,5600000, Approved
4827,1, Not Graduate, No,1100000,3500000,4,550,2300000,0,2500000,600000, Approved
4828,1, Not Graduate, Yes,4400000,16300000,14,815,600000,300000,10000000,3700000, Rejected
4829,1, Not Graduate, Yes,6400000,17700000,10,714,12400000,8600000,18900000,4200000, Approved
4830,3, Not Graduate, Yes,1400000,4500000,8,564,1600000,1200000,2500000,2100000, Rejected
4831,5, Not Graduate, Yes,8800000,36200000,4,656,3000000,1200000,28400000,8600000, Approved
4832,2, Graduate, No,1400000,3500000,2,668,200000,2000000,3600000,1800000, Approved
4833,1, Graduate, Yes,9700000,20300000,12,401,14700000,2700000,23800000,5400000, Rejected
4834,4, Graduate, Yes,1800000,5800000,14,300,600000,3500000,3600000,2000000, Rejected
4835,1, Graduate, No,1500000,3100000,20,371,100000,1200000,4200000,1800000, Rejected
4836,1, Not Graduate, Yes,1900000,4600000,12,745,1300000,1800000,4200000,1100000, Approved
4837,3, Not Graduate, No,8700000,31000000,14,729,10900000,8100000,19200000,7000000, Approved
4838,0, Not Graduate, Yes,4900000,17500000,18,797,3600000,1700000,19000000,2900000, Approved
4839,4, Graduate, No,9400000,37100000,18,459,10000000,13200000,27200000,12100000, Rejected
4840,3, Not Graduate, Yes,2300000,10000000,20,598,3900000,600000,7700000,3500000, Approved
4841,2, Not Graduate, No,3100000,10500000,10,736,4800000,5400000,9400000,1600000, Approved
4842,3, Graduate, Yes,5000000,13400000,18,758,9000000,3200000,15900000,7200000, Approved
4843,1, Graduate, Yes,4900000,15500000,12,420,7700000,1500000,10600000,7300000, Rejected
4844,1, Graduate, No,5500000,20900000,10,300,12100000,4500000,19900000,3100000, Rejected
4845,4, Graduate, No,700000,1600000,8,884,1700000,900000,1500000,400000, Approved
4846,5, Not Graduate, No,6500000,18200000,4,405,16900000,11300000,21000000,7900000, Rejected
4847,5, Graduate, Yes,8700000,21400000,14,840,8200000,6000000,26800000,9200000, Approved
4848,5, Graduate, Yes,5300000,17600000,2,549,6500000,2900000,18000000,4000000, Approved
4849,4, Graduate, Yes,7000000,27500000,12,896,8100000,10200000,17100000,9800000, Approved
4850,1, Graduate, No,7800000,24100000,12,869,19600000,9600000,31100000,9000000, Approved
4851,4, Not Graduate, Yes,6700000,25000000,14,607,9200000,6700000,21000000,6000000, Approved
4852,3, Not Graduate, No,5900000,18800000,18,787,2700000,8600000,20500000,8700000, Approved
4853,2, Graduate, Yes,1700000,4400000,12,583,1500000,1400000,5500000,1000000, Rejected
4854,5, Graduate, No,1300000,2900000,4,395,1700000,100000,3000000,600000, Rejected
4855,4, Not Graduate, Yes,7000000,14600000,8,486,11900000,9700000,24600000,9200000, Rejected
4856,2, Graduate, Yes,7800000,28500000,10,595,10700000,4000000,28600000,12000000, Approved
4857,5, Not Graduate, No,5900000,14200000,14,861,2800000,9100000,15800000,3800000, Approved
4858,3, Graduate, No,6200000,14700000,10,430,2500000,4700000,23400000,3500000, Rejected
4859,0, Graduate, No,6800000,16100000,18,694,10400000,10100000,19800000,5300000, Approved
4860,4, Not Graduate, No,2400000,6200000,6,724,6500000,2200000,5600000,1200000, Approved
4861,2, Graduate, Yes,300000,800000,10,773,600000,200000,900000,400000, Approved
4862,0, Not Graduate, Yes,3800000,13600000,18,601,4400000,5400000,12700000,4800000, Approved
4863,3, Graduate, No,4700000,13400000,18,395,6000000,4300000,16000000,3800000, Rejected
4864,0, Graduate, Yes,3100000,7300000,12,481,3800000,1000000,11700000,4300000, Rejected
4865,5, Graduate, No,8100000,25300000,8,802,16400000,12500000,22800000,6900000, Approved
4866,2, Not Graduate, No,2700000,6200000,14,653,3000000,1700000,8000000,3700000, Approved
4867,0, Graduate, No,8900000,28700000,8,632,4900000,14300000,26300000,5300000, Approved
4868,1, Graduate, Yes,8900000,20800000,8,736,5800000,9200000,23800000,8000000, Approved
4869,3, Not Graduate, No,5600000,16500000,18,760,13400000,2300000,16100000,7000000, Approved
4870,3, Graduate, No,6100000,19400000,4,835,16600000,5500000,23100000,6400000, Approved
4871,0, Graduate, No,7500000,20500000,8,763,9200000,11700000,29300000,8800000, Approved
4872,5, Not Graduate, No,1400000,5100000,12,794,1500000,700000,4500000,700000, Approved
4873,4, Not Graduate, No,1400000,3200000,6,891,0,3000000,3800000,1800000, Approved
4874,5, Graduate, No,1000000,2800000,8,661,800000,1200000,3600000,900000, Approved
4875,3, Graduate, No,8700000,30000000,16,780,600000,1800000,19100000,4900000, Rejected
4876,4, Graduate, Yes,2800000,10100000,16,696,5600000,3400000,5800000,4000000, Approved
4877,2, Not Graduate, No,7700000,27200000,14,746,7000000,4600000,24500000,9000000, Approved
4878,3, Graduate, No,2400000,5400000,18,419,1300000,600000,6500000,2100000, Rejected
4879,5, Not Graduate, No,4800000,14500000,2,827,3200000,7800000,16100000,2900000, Approved
4880,2, Not Graduate, No,3000000,10000000,10,751,5600000,5500000,9300000,1700000, Approved
4881,3, Not Graduate, Yes,1400000,4700000,8,552,1500000,1200000,2800000,2000000, Rejected
4882,1, Graduate, No,7800000,30000000,4,730,5000000,14700000,23900000,5700000, Approved
4883,2, Graduate, Yes,5300000,12900000,14,835,0,6600000,15600000,6000000, Approved
4884,1, Graduate, No,7000000,18400000,8,679,2300000,3400000,24400000,7400000, Approved
4885,5, Not Graduate, Yes,3900000,11000000,2,743,5200000,6000000,9300000,3700000, Approved
4886,0, Graduate, Yes,7300000,21700000,4,455,17600000,11500000,24500000,7300000, Approved
4887,0, Graduate, No,7000000,22900000,20,697,18100000,1400000,19400000,3800000, Approved
4888,0, Not Graduate, No,400000,1100000,8,766,800000,200000,800000,0, Approved
4889,4, Graduate, No,10100000,28100000,10,782,22500000,12900000,33500000,5800000, Approved
4890,0, Not Graduate, Yes,2000000,4400000,16,632,2000000,2600000,7100000,1700000, Approved
4891,0, Not Graduate, No,6200000,19700000,6,441,15800000,10900000,12800000,5700000, Rejected
4892,4, Graduate, Yes,5400000,13000000,4,878,11000000,9100000,12100000,6500000, Approved
4893,2, Graduate, No,7700000,21200000,12,698,12700000,13000000,22400000,4800000, Approved
4894,5, Not Graduate, Yes,5300000,13300000,14,528,12600000,9200000,17400000,4600000, Rejected
4895,2, Graduate, No,2800000,7500000,12,861,4800000,3900000,8700000,2000000, Approved
4896,3, Graduate, Yes,2000000,5200000,12,474,2400000,3700000,5300000,2500000, Rejected
4897,4, Graduate, No,5700000,17500000,12,587,13800000,6500000,19300000,6900000, Approved
4898,1, Not Graduate, No,4000000,12900000,8,800,8100000,700000,14000000,5900000, Approved
4899,2, Graduate, No,7400000,29700000,6,365,5500000,2100000,21500000,4000000, Approved
4900,4, Graduate, Yes,8800000,28000000,12,797,25500000,12300000,18900000,9700000, Approved
4901,4, Not Graduate, Yes,600000,1800000,8,404,1700000,700000,2000000,700000, Rejected
4902,3, Not Graduate, Yes,5000000,14900000,20,431,7400000,5000000,16700000,5300000, Rejected
4903,1, Not Graduate, Yes,600000,1300000,10,697,400000,400000,1500000,600000, Approved
4904,1, Graduate, Yes,5600000,19600000,18,664,12000000,900000,17500000,3600000, Approved
4905,4, Graduate, No,5300000,12100000,14,505,2500000,6300000,18200000,3200000, Rejected
4906,2, Graduate, No,4200000,13600000,16,352,9600000,7000000,16500000,4200000, Rejected
4907,0, Not Graduate, No,3600000,11900000,14,657,4600000,4800000,10000000,2600000, Approved
4908,2, Graduate, No,1800000,3900000,10,811,3700000,1100000,5500000,1400000, Approved
4909,1, Graduate, No,500000,1100000,14,625,1400000,100000,2000000,400000, Approved
4910,5, Graduate, No,7800000,24100000,16,334,15300000,1300000,15800000,11000000, Rejected
4911,3, Not Graduate, No,5700000,12100000,6,364,8100000,10400000,20600000,5600000, Rejected
4912,4, Graduate, No,300000,1100000,2,353,200000,0,1100000,300000, Approved
4913,5, Graduate, Yes,5300000,18000000,16,483,9400000,8600000,14500000,4100000, Rejected
4914,5, Graduate, Yes,8100000,18200000,12,440,7800000,4100000,25100000,4600000, Approved
4915,5, Graduate, No,1900000,6300000,18,420,3900000,2200000,7200000,1200000, Rejected
4916,3, Graduate, No,3000000,6500000,4,473,7800000,300000,9700000,1500000, Rejected
4917,3, Not Graduate, Yes,6900000,27300000,16,790,14100000,9800000,27500000,7300000, Approved
4918,5, Not Graduate, Yes,2300000,8400000,8,300,500000,700000,5600000,2500000, Rejected
4919,5, Not Graduate, Yes,1500000,4200000,12,334,3100000,1800000,4500000,1300000, Rejected
4920,1, Not Graduate, No,6200000,19000000,12,733,16500000,4400000,19100000,10100000, Approved
4921,5, Graduate, Yes,6000000,12000000,2,614,2600000,0,18700000,4300000, Approved
4922,4, Graduate, No,7700000,25100000,4,738,18400000,14600000,26500000,4800000, Approved
4923,0, Not Graduate, No,1900000,6300000,10,711,5100000,2000000,5900000,1500000, Approved
4924,1, Not Graduate, No,7400000,20800000,14,406,3300000,11800000,21900000,4800000, Rejected
4925,5, Graduate, Yes,9800000,32700000,6,757,4400000,600000,35200000,7600000, Approved
4926,5, Not Graduate, Yes,800000,2400000,2,783,400000,1000000,1700000,400000, Approved
4927,0, Graduate, Yes,9000000,34300000,10,867,15900000,5700000,20300000,9600000, Approved
4928,5, Graduate, No,2700000,10700000,16,487,900000,3100000,10300000,2400000, Rejected
4929,0, Graduate, Yes,7200000,19100000,6,790,4100000,4800000,22600000,5000000, Approved
4930,2, Graduate, Yes,2800000,10300000,10,426,2700000,1600000,8100000,1800000, Rejected
4931,2, Not Graduate, No,7800000,18300000,20,499,14400000,500000,16500000,4800000, Rejected
4932,5, Graduate, Yes,1700000,6600000,14,599,1200000,1100000,6500000,1500000, Approved
4933,2, Not Graduate, Yes,8400000,28700000,4,546,20700000,15500000,21600000,4500000, Rejected
4934,5, Not Graduate, No,9400000,35200000,20,900,12800000,16400000,18700000,9800000, Rejected
4935,1, Graduate, Yes,7300000,20800000,10,666,1800000,9200000,17000000,6700000, Approved
4936,4, Not Graduate, Yes,8500000,28600000,12,544,10600000,9700000,21000000,8200000, Rejected
4937,4, Graduate, Yes,5500000,14900000,10,685,11500000,8300000,20000000,3000000, Approved
4938,5, Graduate, No,4900000,13200000,8,717,1600000,200000,11500000,5300000, Approved
4939,3, Not Graduate, Yes,300000,600000,6,400,700000,100000,1100000,100000, Rejected
4940,1, Graduate, Yes,3100000,10300000,14,755,400000,700000,7700000,4400000, Approved
4941,4, Graduate, Yes,8700000,23400000,20,689,5200000,8600000,24400000,9000000, Approved
4942,2, Not Graduate, No,2700000,6200000,18,805,6200000,4500000,8600000,3400000, Rejected
4943,4, Not Graduate, No,6400000,16200000,2,777,18200000,3700000,27300000,8800000, Approved
4944,5, Graduate, Yes,5900000,16300000,18,369,2500000,7300000,19700000,2800000, Rejected
4945,2, Graduate, Yes,6600000,22800000,12,553,7100000,8100000,23800000,5400000, Approved
4946,3, Graduate, Yes,6300000,25200000,8,448,7100000,2200000,12800000,7800000, Rejected
4947,2, Graduate, No,7800000,23200000,12,549,12900000,6400000,26400000,6900000, Approved
4948,3, Not Graduate, No,4400000,18100000,8,408,10600000,3900000,13100000,2900000, Rejected
4949,0, Graduate, Yes,8800000,33500000,10,506,17000000,7700000,29000000,12200000, Rejected
4950,4, Graduate, No,4700000,19000000,14,792,9900000,6100000,12800000,6800000, Approved
4951,0, Graduate, Yes,7500000,29100000,20,430,21400000,13500000,16700000,9900000, Approved
4952,2, Not Graduate, No,1000000,2400000,6,536,1700000,300000,3800000,1100000, Approved
4953,2, Not Graduate, Yes,5200000,19500000,14,745,2800000,4600000,10200000,6500000, Approved
4954,1, Graduate, Yes,4400000,9600000,2,781,4100000,4600000,16600000,4700000, Approved
4955,1, Not Graduate, No,8000000,29400000,6,881,13800000,9000000,31900000,9400000, Approved
4956,2, Graduate, Yes,9700000,35600000,20,584,12900000,13500000,38100000,6100000, Approved
4957,1, Not Graduate, No,8300000,30700000,14,721,21300000,6100000,17500000,11800000, Rejected
4958,1, Not Graduate, Yes,3200000,9100000,20,760,3400000,3400000,6700000,2200000, Approved
4959,0, Graduate, Yes,6500000,18500000,10,329,18000000,9800000,15200000,4300000, Rejected
4960,4, Graduate, Yes,4100000,12400000,20,801,7400000,6700000,12200000,2800000, Approved
4961,2, Graduate, Yes,3200000,11000000,12,486,3900000,1500000,9800000,4200000, Rejected
4962,2, Not Graduate, No,7600000,28100000,16,768,7100000,5000000,24400000,8200000, Approved
4963,5, Graduate, No,6400000,18300000,4,578,5400000,10300000,22300000,9200000, Approved
4964,1, Not Graduate, Yes,6300000,19800000,16,860,5100000,8100000,24500000,8900000, Approved
4965,1, Graduate, No,4300000,9900000,6,888,4900000,400000,12100000,3700000, Approved
4966,5, Graduate, No,300000,1100000,2,300,100000,600000,600000,400000, Approved
4967,0, Graduate, Yes,2100000,8500000,20,758,0,3800000,7600000,2000000, Approved
4968,1, Not Graduate, Yes,9400000,38800000,12,640,10800000,9800000,34300000,6700000, Approved
4969,3, Not Graduate, No,5800000,17700000,20,792,2900000,8100000,20000000,8900000, Approved
4970,3, Graduate, No,1700000,5400000,2,695,900000,1300000,5700000,900000, Approved
4971,2, Not Graduate, Yes,800000,2500000,12,434,1500000,1200000,2800000,800000, Rejected
4972,2, Graduate, No,6300000,24200000,8,615,10000000,10600000,22100000,9500000, Approved
4973,3, Graduate, Yes,7000000,27200000,6,734,10900000,1800000,19800000,8700000, Approved
4974,3, Graduate, No,9700000,39200000,12,411,6800000,5500000,34200000,10400000, Rejected
4975,0, Graduate, Yes,5700000,12400000,12,542,8600000,7400000,20200000,7300000, Rejected
4976,5, Graduate, Yes,5600000,18400000,12,597,3400000,700000,22300000,5000000, Approved
4977,3, Not Graduate, No,4000000,14200000,8,356,900000,800000,8900000,5300000, Rejected
4978,1, Not Graduate, Yes,3300000,9500000,20,366,2700000,3000000,7700000,3800000, Rejected
4979,2, Graduate, No,2600000,8300000,6,468,6900000,3800000,5600000,2000000, Approved
4980,5, Graduate, Yes,2900000,11400000,12,416,8600000,2600000,7500000,2200000, Rejected
4981,3, Not Graduate, No,6600000,13600000,8,447,3600000,1200000,22000000,7400000, Rejected
4982,0, Not Graduate, Yes,3700000,12900000,6,598,3400000,200000,11400000,4200000, Approved
4983,3, Not Graduate, No,8300000,24900000,12,676,8600000,16200000,27700000,11200000, Approved
4984,4, Not Graduate, No,7500000,18100000,14,789,15800000,7900000,25800000,8200000, Approved
4985,0, Graduate, No,4100000,11600000,8,438,4500000,2600000,7900000,6400000, Rejected
4986,4, Not Graduate, No,100000,600000,16,748,600000,300000,800000,200000, Approved
4987,5, Graduate, No,2700000,7700000,16,434,1000000,5700000,6200000,3200000, Rejected
4988,0, Graduate, Yes,5500000,13300000,16,347,10700000,2800000,17400000,7200000, Rejected
4989,1, Graduate, No,1400000,5000000,12,720,3000000,0,3800000,700000, Approved
4990,0, Not Graduate, Yes,1700000,5000000,10,900,2800000,900000,4400000,2100000, Approved
4991,5, Not Graduate, Yes,7700000,23400000,10,816,3200000,6800000,16800000,6800000, Approved
4992,4, Graduate, No,5300000,14000000,16,483,12000000,1000000,19000000,2800000, Rejected
4993,3, Not Graduate, No,400000,1200000,6,750,1300000,200000,1300000,700000, Approved
4994,0, Graduate, No,1800000,5700000,18,318,400000,600000,6000000,1700000, Rejected
4995,1, Graduate, Yes,600000,1700000,8,822,1100000,700000,2200000,700000, Approved
4996,0, Not Graduate, Yes,2600000,8300000,8,624,5700000,4700000,7000000,2100000, Approved
4997,1, Not Graduate, No,5700000,17000000,4,521,4200000,7400000,20200000,2800000, Approved
4998,4, Not Graduate, Yes,7200000,23100000,12,821,6400000,2900000,29200000,4000000, Approved
4999,1, Not Graduate, No,6600000,16200000,6,421,12000000,11500000,23000000,9000000, Rejected
5000,5, Not Graduate, Yes,2100000,5100000,12,658,2400000,2100000,6200000,2100000, Approved
5001,4, Not Graduate, Yes,5700000,18500000,16,812,0,4900000,18100000,4500000, Approved
5002,5, Not Graduate, No,6500000,13400000,10,385,15100000,2400000,14700000,7300000, Rejected
5003,3, Graduate, Yes,8000000,31000000,20,436,23500000,1300000,22300000,8400000, Rejected
5004,5, Graduate, No,7800000,21800000,20,523,5700000,9100000,24300000,5200000, Rejected
5005,3, Not Graduate, Yes,9400000,28500000,12,765,5300000,5100000,30300000,9600000, Approved
5006,0, Graduate, No,5200000,20300000,12,778,9800000,3400000,15300000,3000000, Rejected
5007,4, Not Graduate, Yes,2500000,5100000,20,703,1200000,3900000,6600000,3600000, Approved
5008,0, Graduate, Yes,3100000,7400000,20,682,3300000,300000,7300000,3900000, Approved
5009,1, Not Graduate, No,500000,1200000,10,712,500000,600000,1300000,800000, Approved
5010,0, Graduate, No,6500000,14100000,10,496,4900000,11900000,23100000,3700000, Rejected
5011,1, Graduate, Yes,2100000,4400000,20,900,200000,2600000,7300000,2100000, Approved
5012,3, Not Graduate, No,3800000,14400000,8,343,900000,800000,9000000,5400000, Rejected
5013,5, Graduate, Yes,6700000,23900000,6,439,15000000,9300000,13700000,5100000, Rejected
5014,0, Not Graduate, No,8600000,32200000,4,851,3000000,500000,32200000,8200000, Approved
5015,5, Not Graduate, Yes,6500000,21900000,20,829,12500000,6700000,21600000,9100000, Approved
5016,5, Graduate, Yes,3100000,9900000,10,416,100000,5200000,7600000,2900000, Rejected
5017,3, Not Graduate, No,4300000,10700000,16,675,100000,1900000,12000000,5000000, Approved
5018,3, Not Graduate, No,8400000,29700000,10,704,6100000,11400000,24400000,12800000, Approved
5019,5, Graduate, Yes,600000,1600000,12,489,1700000,0,2000000,800000, Rejected
5020,0, Graduate, Yes,100000,800000,6,502,600000,100000,700000,0, Rejected
5021,1, Graduate, No,2700000,8500000,14,661,2000000,3700000,7900000,2100000, Approved
5022,2, Graduate, Yes,5400000,11000000,14,730,1400000,5700000,20700000,5400000, Approved
5023,0, Graduate, Yes,3700000,10900000,10,731,0,4700000,8500000,3500000, Approved
5024,3, Not Graduate, Yes,3100000,12000000,10,406,1900000,4100000,10800000,1400000, Rejected
5025,3, Graduate, No,5100000,16100000,10,558,2000000,3100000,14300000,4800000, Approved
5026,2, Graduate, No,5100000,18600000,12,322,10100000,1600000,17600000,6000000, Rejected
5027,2, Graduate, No,1500000,3400000,4,773,400000,1200000,5000000,600000, Approved
5028,2, Not Graduate, Yes,3200000,10700000,6,645,4900000,6000000,11100000,4500000, Approved
5029,1, Graduate, Yes,4100000,9800000,18,462,7200000,3700000,13400000,4200000, Rejected
5030,0, Not Graduate, Yes,2700000,10000000,20,678,300000,1700000,5900000,1400000, Rejected
5031,5, Graduate, No,8700000,32100000,16,862,26500000,11100000,26600000,8800000, Approved
5032,1, Not Graduate, No,5300000,19600000,18,757,11100000,3400000,13700000,3100000, Approved
5033,4, Graduate, Yes,9400000,35000000,12,801,14200000,16900000,36300000,6700000, Approved
5034,4, Graduate, No,6700000,17800000,8,703,18300000,2600000,24500000,4800000, Approved
5035,2, Graduate, No,6700000,21700000,16,605,16400000,2200000,23700000,4700000, Approved
5036,3, Graduate, Yes,7000000,26400000,12,450,14400000,12300000,15200000,9300000, Rejected
5037,1, Graduate, No,2800000,7700000,10,871,500000,1100000,10200000,3500000, Approved
5038,5, Graduate, Yes,6800000,20200000,4,810,10900000,9300000,18300000,5100000, Approved
5039,1, Not Graduate, No,5800000,13900000,12,578,9000000,300000,12300000,7300000, Approved
5040,0, Graduate, Yes,7500000,15400000,10,597,6600000,9200000,19100000,4200000, Approved
5041,1, Graduate, No,9600000,37500000,4,776,20700000,12800000,25700000,8200000, Rejected
5042,4, Graduate, No,5500000,14100000,16,557,3400000,11400000,23600000,5300000, Rejected
5043,0, Graduate, No,1900000,5300000,16,506,3700000,3000000,4800000,1700000, Approved
5044,1, Graduate, No,4500000,17800000,4,477,13200000,5000000,16900000,3500000, Approved
5045,3, Graduate, No,6700000,21400000,10,534,16800000,10000000,19300000,5100000, Approved
5046,1, Graduate, No,10100000,23600000,4,667,14400000,8300000,24200000,8500000, Approved
5047,4, Not Graduate, Yes,8600000,31000000,8,891,6900000,4800000,23400000,12900000, Approved
5048,3, Graduate, No,3200000,10100000,20,716,3500000,4900000,8400000,3900000, Approved
5049,4, Graduate, No,500000,1100000,4,628,0,600000,1700000,700000, Approved
5050,0, Graduate, No,4700000,10100000,14,477,2500000,4700000,13500000,4700000, Rejected
5051,2, Not Graduate, No,3700000,11000000,12,794,1700000,800000,12100000,2500000, Approved
5052,5, Graduate, No,2700000,9500000,8,840,3500000,700000,10000000,3000000, Approved
5053,4, Graduate, Yes,5100000,10700000,12,540,800000,10600000,11800000,6000000, Rejected
5054,3, Graduate, Yes,3300000,8700000,14,564,7400000,5100000,7500000,4100000, Approved
5055,4, Not Graduate, No,7100000,16100000,6,680,22100000,12800000,27500000,7400000, Approved
5056,3, Not Graduate, No,4200000,14300000,10,304,7600000,2200000,8900000,2200000, Rejected
5057,3, Graduate, Yes,800000,2300000,10,531,700000,100000,2700000,500000, Rejected
5058,0, Not Graduate, No,4100000,14200000,12,436,9500000,400000,15100000,4100000, Rejected
5059,3, Not Graduate, No,4200000,11800000,4,460,700000,500000,14200000,4500000, Rejected
5060,1, Graduate, Yes,3700000,10300000,16,892,5100000,2900000,10300000,4500000, Approved
5061,1, Graduate, Yes,3800000,12500000,12,322,3200000,900000,9900000,2700000, Rejected
5062,2, Graduate, No,7700000,26400000,12,657,14800000,400000,25300000,6500000, Approved
5063,3, Not Graduate, No,6400000,25100000,6,521,8000000,2300000,18400000,4700000, Approved
5064,1, Graduate, Yes,8700000,19500000,18,488,14600000,3300000,22700000,5300000, Rejected
5065,5, Graduate, Yes,5000000,9800000,8,775,5100000,7000000,11400000,4100000, Approved
5066,1, Not Graduate, Yes,2900000,6800000,10,530,5900000,5800000,10800000,3000000, Rejected
5067,2, Not Graduate, No,6800000,24200000,12,343,21500000,12500000,14100000,8500000, Rejected
5068,2, Not Graduate, Yes,4400000,16400000,4,661,10200000,3000000,11700000,5500000, Approved
5069,0, Not Graduate, Yes,8800000,20500000,18,576,19900000,600000,30800000,5100000, Approved
5070,1, Not Graduate, No,2400000,7800000,12,848,4400000,5600000,6600000,2400000, Approved
5071,0, Not Graduate, No,800000,2500000,2,759,700000,1200000,3100000,500000, Approved
5072,4, Graduate, No,4000000,17700000,4,581,4400000,3900000,12500000,2700000, Approved
5073,1, Not Graduate, No,1900000,5000000,20,621,4000000,2200000,6300000,1800000, Rejected
5074,4, Not Graduate, No,5900000,21900000,16,347,11400000,4700000,24000000,4800000, Rejected
5075,4, Graduate, Yes,4600000,11800000,6,801,10500000,8600000,17300000,5800000, Approved
5076,4, Not Graduate, No,7200000,16600000,6,580,6200000,4600000,15000000,6600000, Approved
5077,0, Not Graduate, No,8500000,20400000,10,717,25900000,10700000,31800000,9600000, Approved
5078,0, Graduate, Yes,5400000,14300000,6,350,8300000,7300000,11700000,2900000, Rejected
5079,5, Graduate, No,2800000,7400000,10,720,700000,2400000,6800000,3600000, Approved
5080,5, Not Graduate, No,7000000,13600000,4,873,12100000,8200000,15500000,4900000, Rejected
5081,5, Not Graduate, No,1300000,4900000,12,794,1700000,700000,4600000,700000, Approved
5082,4, Not Graduate, No,2400000,5700000,8,483,5900000,4200000,7300000,2300000, Rejected
5083,4, Not Graduate, Yes,5000000,14400000,14,439,10300000,100000,10100000,6700000, Rejected
5084,1, Graduate, Yes,7000000,22800000,18,414,1000000,7800000,16600000,6500000, Approved
5085,5, Graduate, No,900000,1500000,18,769,1900000,100000,2400000,700000, Approved
5086,0, Graduate, No,8500000,34400000,14,744,7100000,12900000,23200000,6900000, Approved
5087,3, Graduate, No,9300000,35900000,18,664,3100000,12100000,29800000,12900000, Approved
5088,0, Graduate, Yes,3500000,9000000,6,528,3300000,3500000,11200000,5000000, Rejected
5089,4, Not Graduate, No,9600000,24900000,14,776,21400000,6600000,25900000,5400000, Approved
5090,0, Graduate, No,6900000,20100000,6,634,14600000,13700000,20200000,7500000, Approved
5091,5, Graduate, Yes,8300000,23300000,20,510,5700000,9100000,23900000,5300000, Rejected
5092,2, Not Graduate, No,2800000,6000000,4,474,1600000,300000,8500000,2600000, Rejected
5093,3, Graduate, Yes,4200000,12700000,10,667,2000000,5400000,13000000,5900000, Approved
5094,0, Graduate, Yes,6200000,13600000,8,476,5000000,12000000,24900000,3500000, Rejected
5095,4, Graduate, No,7500000,16600000,4,300,11000000,15400000,15800000,5800000, Rejected
5096,4, Not Graduate, Yes,600000,2300000,8,333,1800000,1200000,1700000,400000, Rejected
5097,5, Graduate, No,1100000,2300000,16,603,1200000,1600000,2000000,700000, Approved
5098,2, Graduate, No,3500000,10300000,2,707,3800000,4500000,9800000,4200000, Approved
5099,4, Not Graduate, Yes,2200000,7700000,16,591,5900000,4300000,6400000,2200000, Approved
5100,4, Graduate, No,800000,2600000,20,333,300000,1200000,2200000,1200000, Rejected
5101,3, Not Graduate, Yes,4100000,9000000,4,671,11300000,6100000,15000000,3500000, Approved
5102,5, Not Graduate, Yes,8400000,27200000,6,739,4400000,13500000,18000000,7800000, Approved
5103,1, Graduate, No,5900000,15900000,2,529,16100000,2200000,14100000,3900000, Rejected
5104,2, Graduate, No,4700000,16500000,12,693,8600000,7200000,10200000,5600000, Approved
5105,1, Graduate, Yes,5100000,18800000,14,689,5500000,9000000,17400000,6400000, Approved
5106,0, Not Graduate, Yes,6300000,15700000,6,523,5300000,6100000,22100000,3700000, Rejected
5107,2, Not Graduate, Yes,800000,1700000,10,557,1500000,1200000,1900000,900000, Rejected
5108,4, Not Graduate, No,4200000,14800000,18,803,7100000,800000,12900000,2200000, Approved
5109,1, Not Graduate, Yes,7200000,25800000,12,531,18200000,10800000,19500000,7000000, Rejected
5110,5, Graduate, No,4600000,9900000,10,726,2900000,9000000,17200000,4000000, Approved
5111,2, Graduate, Yes,4200000,16200000,2,344,7200000,600000,12000000,2900000, Approved
5112,2, Not Graduate, Yes,8000000,24000000,6,579,5300000,14400000,28400000,6000000, Approved
5113,1, Graduate, Yes,8100000,32700000,10,740,0,12000000,28600000,4500000, Approved
5114,3, Not Graduate, No,3900000,8400000,2,828,13100000,200000,16200000,3700000, Approved
5115,5, Graduate, Yes,2500000,9300000,2,763,1600000,1900000,9000000,2100000, Approved
5116,1, Not Graduate, Yes,7600000,23600000,4,685,19600000,11000000,25800000,5500000, Approved
5117,3, Graduate, No,3600000,15100000,4,763,4900000,4000000,15200000,4800000, Approved
5118,1, Not Graduate, Yes,4300000,16500000,14,801,200000,600000,10300000,3800000, Rejected
5119,4, Not Graduate, No,8000000,17400000,6,517,9000000,3300000,15900000,9000000, Rejected
5120,3, Not Graduate, No,300000,800000,2,455,600000,0,1100000,100000, Rejected
5121,1, Graduate, No,900000,3800000,20,499,1600000,1100000,3000000,600000, Rejected
5122,1, Not Graduate, Yes,3500000,12900000,20,533,9300000,4100000,14600000,3000000, Rejected
5123,0, Not Graduate, Yes,3100000,7100000,10,497,3800000,1000000,12200000,4400000, Rejected
5124,4, Not Graduate, No,4500000,15800000,6,532,1800000,5800000,12300000,4000000, Rejected
5125,2, Not Graduate, Yes,1900000,4700000,14,602,3300000,2500000,4300000,2700000, Approved
5126,0, Not Graduate, No,7200000,25900000,6,874,11900000,10400000,24300000,7900000, Approved
5127,4, Graduate, Yes,5100000,19500000,4,656,14100000,6900000,19400000,4100000, Rejected
5128,0, Not Graduate, No,2200000,8700000,4,435,1600000,2300000,8500000,1800000, Approved
5129,3, Not Graduate, Yes,5000000,13300000,2,599,10200000,700000,20700000,8400000, Approved
5130,3, Graduate, No,3300000,8300000,18,814,400000,100000,9700000,4900000, Approved
5131,3, Not Graduate, No,5700000,12100000,4,381,7500000,11600000,19700000,5600000, Rejected
5132,2, Not Graduate, No,5400000,20900000,10,344,8500000,9300000,16600000,6200000, Rejected
5133,3, Graduate, No,4400000,10900000,2,628,9100000,2300000,15800000,5000000, Approved
5134,4, Graduate, Yes,600000,2500000,14,734,200000,100000,2000000,500000, Approved
5135,1, Not Graduate, Yes,4100000,9200000,8,507,900000,4100000,10900000,5500000, Rejected
5136,0, Not Graduate, No,9600000,29800000,8,342,26100000,10100000,18700000,6200000, Rejected
5137,3, Not Graduate, Yes,8600000,22700000,10,521,6900000,4000000,32200000,10800000, Rejected
5138,5, Graduate, No,9400000,18000000,20,485,800000,200000,24300000,10600000, Rejected
5139,5, Graduate, No,8700000,26500000,8,821,15800000,12600000,20300000,8100000, Approved
5140,4, Graduate, No,3800000,8800000,18,687,7400000,1800000,14600000,3200000, Rejected
5141,3, Graduate, Yes,6000000,18300000,14,541,10200000,4500000,16800000,7600000, Approved
5142,3, Graduate, Yes,3800000,8400000,6,300,11800000,1100000,13800000,4100000, Rejected
5143,5, Graduate, No,6900000,19400000,6,864,11700000,200000,22600000,8500000, Approved
5144,3, Graduate, Yes,4700000,10400000,12,862,14000000,5000000,10100000,3300000, Approved
5145,2, Graduate, No,4500000,13200000,2,577,12900000,5500000,9400000,5300000, Approved
5146,5, Not Graduate, Yes,7900000,22900000,10,813,2900000,7600000,18300000,7300000, Approved
5147,0, Graduate, No,200000,700000,16,789,200000,200000,1000000,400000, Approved
5148,1, Not Graduate, No,2000000,5200000,20,487,1600000,3900000,8800000,1600000, Rejected
5149,2, Not Graduate, Yes,3300000,10000000,6,714,7900000,3400000,9000000,2500000, Approved
5150,1, Not Graduate, No,8800000,22400000,18,790,8500000,12600000,20500000,10500000, Approved
5151,5, Not Graduate, Yes,900000,3200000,20,816,900000,800000,2100000,1300000, Rejected
5152,3, Not Graduate, No,2000000,4700000,14,650,600000,3400000,5700000,1500000, Approved
5153,4, Not Graduate, No,7700000,18200000,18,786,8900000,5200000,16000000,9700000, Approved
5154,0, Not Graduate, No,4800000,18300000,16,542,7300000,8700000,16400000,5400000, Approved
5155,0, Graduate, No,8100000,32400000,12,734,600000,15700000,29700000,9000000, Approved
5156,1, Graduate, Yes,9000000,22400000,12,422,3200000,13400000,32300000,13100000, Rejected
5157,5, Not Graduate, Yes,9400000,21300000,6,452,16500000,10700000,20400000,12700000, Rejected
5158,3, Graduate, No,4900000,11400000,6,341,0,5600000,11700000,7200000, Rejected
5159,0, Graduate, No,6200000,14900000,18,509,1300000,6500000,14300000,9400000, Rejected
5160,0, Not Graduate, No,3400000,11200000,16,817,3300000,2200000,10300000,2900000, Rejected
5161,3, Not Graduate, Yes,2100000,4300000,2,856,1300000,2800000,4500000,2300000, Approved
5162,1, Graduate, Yes,8600000,31000000,16,818,18000000,2900000,28800000,7900000, Approved
5163,1, Graduate, Yes,8200000,21500000,16,602,600000,12300000,25800000,11100000, Approved
5164,4, Graduate, Yes,6800000,17300000,14,371,6600000,12900000,25100000,4700000, Approved
5165,0, Not Graduate, No,200000,500000,20,627,500000,300000,400000,300000, Approved
5166,3, Graduate, Yes,8600000,26600000,18,672,3400000,10100000,18600000,9500000, Approved
5167,1, Graduate, Yes,6600000,19900000,2,315,15300000,1900000,18600000,3000000, Approved
5168,1, Graduate, Yes,7000000,23000000,6,558,500000,10900000,15000000,5700000, Approved
5169,5, Graduate, Yes,9300000,21700000,4,443,4700000,11000000,27800000,9600000, Rejected
5170,0, Not Graduate, Yes,6100000,22900000,16,611,2200000,7900000,15200000,6100000, Approved
5171,3, Graduate, Yes,6600000,24100000,12,565,19000000,2500000,19200000,6600000, Approved
5172,0, Graduate, Yes,7800000,16900000,16,362,15400000,13300000,30200000,10700000, Rejected
5173,4, Graduate, No,5500000,22000000,18,337,4600000,5200000,18300000,6500000, Rejected
5174,0, Graduate, Yes,1900000,5600000,16,300,5300000,1400000,4100000,1400000, Rejected
5175,4, Graduate, No,8300000,26700000,8,524,18800000,10500000,25900000,8900000, Rejected
5176,3, Graduate, Yes,500000,900000,8,651,600000,0,1000000,300000, Approved
5177,1, Not Graduate, No,4200000,13400000,8,779,7900000,900000,14800000,5900000, Rejected
5178,1, Not Graduate, No,4800000,18600000,4,599,6100000,5900000,17100000,3200000, Approved
5179,2, Not Graduate, No,6300000,16300000,2,791,6700000,6000000,17100000,5500000, Approved
5180,1, Not Graduate, Yes,4300000,16200000,18,381,900000,5600000,14100000,5100000, Rejected
5181,3, Not Graduate, Yes,5200000,17500000,8,353,9700000,7200000,13200000,7700000, Rejected
5182,2, Not Graduate, No,3800000,12900000,10,681,1000000,700000,10800000,2400000, Approved
5183,3, Not Graduate, No,2900000,6500000,18,834,8900000,600000,10200000,3200000, Approved
5184,1, Not Graduate, No,7300000,24200000,6,570,9800000,1300000,21000000,6100000, Approved
5185,0, Not Graduate, Yes,1600000,5100000,4,748,300000,1900000,5500000,1300000, Approved
5186,3, Graduate, No,8300000,18000000,10,730,3900000,3400000,21400000,8700000, Approved
5187,1, Graduate, No,8000000,17600000,6,463,2500000,1200000,25900000,5100000, Rejected
5188,3, Not Graduate, No,5100000,11100000,12,864,9300000,5200000,15300000,8200000, Approved
5189,2, Not Graduate, No,7100000,16100000,16,791,18700000,9000000,28500000,3800000, Approved
5190,4, Graduate, No,9900000,35600000,6,778,12900000,12500000,41200000,14200000, Approved
5191,4, Graduate, Yes,8600000,26900000,12,805,500000,17100000,22800000,9500000, Approved
5192,3, Not Graduate, No,5500000,12500000,6,362,8500000,11200000,22000000,5400000, Rejected
5193,4, Graduate, Yes,6400000,16000000,18,376,6800000,12300000,25200000,4000000, Rejected
5194,4, Graduate, No,5100000,20600000,20,754,5000000,1500000,14100000,6000000, Approved
5195,3, Not Graduate, No,800000,1500000,18,705,600000,1000000,2400000,700000, Approved
5196,1, Not Graduate, No,3500000,12400000,4,342,5500000,6400000,13500000,2000000, Approved
5197,1, Graduate, Yes,4500000,13700000,18,500,10600000,9400000,16400000,5700000, Rejected
5198,0, Not Graduate, Yes,7000000,15200000,14,691,18600000,2500000,13500000,8500000, Approved
5199,3, Graduate, No,3200000,9900000,20,705,3300000,4800000,8800000,4200000, Approved
5200,5, Not Graduate, No,6000000,23500000,18,597,9200000,7600000,19800000,7800000, Approved
5201,3, Graduate, Yes,7300000,18400000,16,300,5600000,3200000,16900000,5500000, Rejected
5202,1, Not Graduate, No,8000000,25400000,16,687,22700000,12900000,32900000,12100000, Rejected
5203,1, Graduate, No,7000000,17900000,2,739,9200000,10600000,21700000,8300000, Approved
5204,0, Not Graduate, Yes,3900000,10700000,6,568,6500000,400000,10700000,5400000, Approved
5205,2, Not Graduate, Yes,6400000,15200000,2,501,13500000,4900000,18900000,6500000, Rejected
5206,5, Graduate, No,400000,800000,18,300,1000000,600000,1400000,400000, Rejected
5207,2, Not Graduate, No,4500000,12200000,20,442,8900000,2800000,15300000,3400000, Rejected
5208,0, Graduate, Yes,400000,1300000,4,797,700000,0,1800000,400000, Approved
5209,2, Graduate, No,1900000,5300000,6,799,4600000,800000,6800000,1300000, Approved
5210,3, Not Graduate, Yes,7200000,16200000,20,317,19900000,7000000,17300000,5600000, Rejected
5211,2, Graduate, Yes,3300000,6700000,8,843,1300000,4700000,12800000,3000000, Approved
5212,4, Not Graduate, Yes,2900000,11500000,10,779,6900000,4300000,7200000,1300000, Approved
5213,2, Graduate, No,7000000,23100000,14,563,9800000,6400000,23000000,3500000, Approved
5214,2, Graduate, Yes,7100000,20000000,2,300,18600000,10800000,27700000,9200000, Approved
5215,4, Not Graduate, Yes,6200000,18600000,4,899,17500000,3600000,14300000,6200000, Approved
5216,5, Not Graduate, No,8900000,28300000,4,512,5400000,12300000,26000000,10400000, Rejected
5217,1, Graduate, Yes,2400000,5200000,2,353,6300000,3300000,8600000,1200000, Rejected
5218,2, Not Graduate, Yes,8000000,17600000,2,341,1000000,700000,27600000,6800000, Rejected
5219,0, Graduate, Yes,1600000,4100000,12,803,4200000,2000000,3200000,1100000, Approved
5220,2, Graduate, Yes,1400000,5100000,8,606,2100000,1800000,3400000,1700000, Approved
5221,3, Graduate, Yes,2300000,8000000,8,300,4200000,4200000,7300000,1200000, Rejected
5222,5, Graduate, Yes,3900000,8800000,6,580,5900000,800000,9000000,2500000, Approved
5223,4, Not Graduate, Yes,7900000,23600000,4,383,3700000,3900000,22100000,10600000, Rejected
5224,3, Not Graduate, No,8700000,23900000,8,508,16500000,12700000,27900000,6500000, Rejected
5225,1, Not Graduate, Yes,100000,1200000,10,417,400000,400000,800000,100000, Approved
5226,3, Graduate, No,6600000,25100000,10,858,13900000,10600000,14600000,7900000, Approved
5227,5, Not Graduate, No,6200000,15500000,6,602,10900000,9600000,22900000,6700000, Approved
5228,4, Graduate, No,5600000,12400000,4,803,5600000,3200000,12600000,5900000, Approved
5229,4, Not Graduate, Yes,7600000,32100000,10,651,17600000,15200000,24400000,4800000, Approved
5230,3, Graduate, No,8900000,27700000,12,337,6000000,11200000,27900000,9200000, Rejected
5231,3, Graduate, No,100000,600000,16,808,300000,200000,500000,0, Approved
5232,2, Graduate, No,5100000,18000000,6,867,12900000,8100000,13100000,6200000, Approved
5233,0, Graduate, No,9600000,28700000,6,453,21400000,18100000,37000000,7900000, Rejected
5234,3, Not Graduate, No,1500000,4200000,8,466,3000000,1400000,3000000,1900000, Rejected
5235,3, Not Graduate, No,7200000,23900000,16,706,20200000,3000000,20000000,9200000, Approved
5236,5, Graduate, No,6500000,22900000,20,611,300000,4100000,25100000,8200000, Approved
5237,2, Not Graduate, No,6000000,19800000,2,648,3200000,3200000,24000000,2800000, Approved
5238,0, Graduate, No,2500000,8800000,2,654,4100000,2100000,9500000,3000000, Approved
5239,3, Not Graduate, Yes,9400000,34800000,8,900,22400000,18900000,20100000,11400000, Approved
5240,0, Not Graduate, No,2900000,7300000,10,300,5200000,500000,7400000,1600000, Rejected
5241,2, Graduate, Yes,4900000,13200000,18,765,8400000,3300000,17400000,6900000, Approved
5242,4, Graduate, No,800000,2300000,16,715,1600000,500000,1900000,600000, Approved
5243,1, Not Graduate, Yes,400000,900000,8,834,700000,500000,1500000,200000, Approved
5244,4, Not Graduate, Yes,4800000,9600000,18,584,5700000,5700000,13500000,3000000, Approved
5245,5, Graduate, Yes,200000,200000,20,851,300000,400000,600000,300000, Approved
5246,5, Not Graduate, Yes,1800000,4300000,12,526,800000,2000000,5100000,1000000, Rejected
5247,3, Not Graduate, Yes,1500000,3400000,20,789,2200000,800000,5300000,1600000, Approved
5248,4, Not Graduate, Yes,8600000,26000000,20,300,23700000,13500000,33500000,9800000, Rejected
5249,1, Graduate, Yes,6200000,16800000,2,408,10500000,7900000,24000000,7200000, Rejected
5250,2, Not Graduate, Yes,8200000,17500000,4,658,10600000,11500000,22300000,10500000, Approved
5251,5, Not Graduate, Yes,6300000,13000000,10,634,12600000,5600000,19300000,7500000, Approved
5252,2, Graduate, Yes,4000000,10600000,10,762,2100000,4000000,8600000,3000000, Approved
5253,1, Not Graduate, No,3600000,9300000,8,876,4500000,3500000,10100000,4900000, Approved
5254,3, Not Graduate, No,7000000,20900000,4,701,11500000,4000000,24500000,5300000, Approved
5255,1, Not Graduate, No,7900000,22300000,14,825,6700000,11700000,15400000,6300000, Approved
5256,5, Graduate, No,9100000,34600000,16,465,19300000,11000000,23700000,5200000, Rejected
5257,5, Graduate, No,9000000,26100000,14,667,29500000,15000000,29300000,10800000, Approved
5258,1, Graduate, Yes,7700000,20100000,10,662,1800000,8500000,18800000,7700000, Approved
5259,5, Not Graduate, Yes,3100000,8900000,12,429,5400000,5200000,8800000,4300000, Rejected
5260,1, Graduate, No,5700000,12600000,14,391,5500000,7500000,17300000,5900000, Rejected
5261,4, Not Graduate, No,7600000,30500000,2,540,7500000,3400000,20900000,7600000, Approved
5262,2, Not Graduate, No,6200000,16600000,2,786,7000000,5300000,17800000,5000000, Approved
5263,3, Graduate, No,3300000,9100000,12,504,9000000,5300000,11400000,1900000, Rejected
5264,4, Not Graduate, No,7000000,19500000,16,384,6700000,14600000,19200000,4700000, Rejected
5265,2, Graduate, No,2600000,7700000,2,817,3000000,4400000,5700000,1400000, Approved
5266,5, Graduate, Yes,3600000,9200000,4,479,4100000,3800000,11500000,3900000, Rejected
5267,5, Graduate, Yes,7200000,21400000,2,798,10400000,1900000,19800000,7000000, Approved
5268,3, Graduate, No,6800000,22700000,12,731,8400000,2300000,18300000,8700000, Approved
5269,0, Graduate, No,7900000,25400000,16,879,20400000,11200000,16600000,11000000, Approved
5270,2, Not Graduate, No,1600000,5300000,16,549,200000,3000000,5500000,1600000, Rejected
5271,4, Not Graduate, No,5900000,17800000,6,607,14700000,3400000,24100000,3200000, Approved
5272,0, Graduate, No,1100000,3000000,20,739,1700000,1400000,3600000,1600000, Approved
5273,1, Graduate, No,3900000,8700000,4,654,3400000,6000000,10000000,5500000, Approved
5274,0, Graduate, No,9200000,21700000,20,600,6000000,5800000,33900000,5900000, Approved
5275,4, Not Graduate, No,2800000,9100000,16,356,4900000,2600000,6700000,3800000, Rejected
5276,5, Graduate, No,3000000,6700000,16,806,3700000,3700000,9000000,4200000, Approved
5277,4, Not Graduate, No,3400000,8400000,4,897,7300000,5100000,12100000,1800000, Approved
5278,2, Graduate, Yes,5000000,19400000,20,590,7400000,9400000,18600000,3500000, Approved
5279,3, Not Graduate, No,300000,800000,2,459,500000,200000,1000000,200000, Rejected
5280,4, Not Graduate, Yes,9300000,34400000,14,347,5800000,8500000,27800000,4300000, Rejected
5281,5, Graduate, Yes,5400000,21700000,12,407,4000000,9900000,12500000,7200000, Rejected
5282,4, Not Graduate, No,9700000,21900000,8,834,23600000,1100000,32000000,4300000, Approved
5283,1, Not Graduate, No,3700000,9800000,8,350,100000,5300000,14500000,1900000, Rejected
5284,2, Graduate, Yes,6500000,24800000,6,715,10900000,1900000,18800000,9900000, Approved
5285,2, Not Graduate, No,3800000,14700000,14,581,10700000,4800000,11000000,3800000, Rejected
5286,5, Not Graduate, Yes,7200000,23600000,14,433,10100000,5800000,19500000,5000000, Rejected
5287,1, Not Graduate, Yes,7800000,29400000,16,435,900000,10300000,32700000,7200000, Rejected
5288,2, Not Graduate, Yes,3900000,8200000,14,340,11100000,500000,12400000,3600000, Rejected
5289,1, Graduate, No,4300000,11300000,18,341,2300000,3400000,11900000,5600000, Rejected
5290,4, Graduate, Yes,5100000,19000000,4,640,13500000,7600000,17900000,3900000, Approved
5291,3, Graduate, No,100000,800000,16,723,300000,300000,200000,300000, Approved
5292,1, Not Graduate, Yes,8000000,18700000,2,567,18900000,12400000,25100000,7700000, Approved
5293,1, Not Graduate, Yes,8200000,29300000,16,399,1100000,10500000,31400000,7900000, Rejected
5294,3, Not Graduate, Yes,5000000,18000000,2,575,14400000,9600000,16800000,4700000, Approved
5295,0, Graduate, No,3600000,8100000,14,373,9300000,6800000,11400000,2700000, Rejected
5296,4, Graduate, Yes,2000000,7900000,8,506,4500000,400000,4700000,1500000, Rejected
5297,3, Graduate, No,4800000,13100000,2,680,0,4700000,14900000,7400000, Approved
5298,3, Not Graduate, Yes,9300000,20400000,4,849,25600000,3400000,36900000,13700000, Approved
5299,1, Graduate, No,6000000,19300000,6,361,5600000,6200000,12100000,6500000, Rejected
5300,4, Graduate, Yes,2600000,7000000,16,880,6400000,200000,8500000,3600000, Approved
5301,4, Graduate, Yes,8800000,34700000,20,387,13200000,3200000,33700000,14400000, Rejected
5302,3, Not Graduate, Yes,5800000,23800000,12,666,200000,11100000,24100000,5200000, Approved
5303,1, Not Graduate, No,8100000,20800000,2,525,4000000,2100000,31200000,9600000, Rejected
5304,1, Graduate, No,6500000,19000000,10,569,9400000,3900000,17500000,7300000, Approved
5305,1, Not Graduate, Yes,8000000,30500000,12,456,14500000,10500000,17600000,7400000, Rejected
5306,2, Graduate, Yes,2100000,8000000,8,750,300000,3200000,7500000,1000000, Rejected
5307,0, Graduate, Yes,3200000,10300000,18,627,1200000,4800000,6900000,1600000, Approved
5308,4, Graduate, No,4700000,12600000,6,416,9600000,400000,14200000,6500000, Rejected
5309,0, Graduate, No,8900000,33000000,18,570,1500000,8600000,32800000,5800000, Approved
5310,3, Graduate, Yes,4800000,14100000,12,562,10900000,700000,9600000,2500000, Rejected
5311,0, Not Graduate, No,2400000,4800000,14,589,5500000,4300000,5700000,3000000, Approved
5312,1, Graduate, Yes,600000,2100000,10,319,400000,1300000,2600000,700000, Rejected
5313,2, Not Graduate, No,2000000,4600000,12,611,3000000,1300000,4600000,1100000, Approved
5314,3, Not Graduate, No,2300000,9300000,2,652,2900000,4600000,5100000,1400000, Approved
5315,0, Not Graduate, Yes,1100000,3000000,4,822,3000000,600000,2400000,1500000, Approved
5316,1, Not Graduate, No,8700000,25200000,14,822,1700000,11800000,31700000,8700000, Approved
5317,4, Not Graduate, No,5100000,10400000,6,372,7200000,8100000,14300000,5500000, Rejected
5318,1, Not Graduate, No,7300000,22700000,10,889,14300000,3300000,25200000,3600000, Approved
5319,4, Graduate, Yes,5000000,14200000,8,562,12300000,6400000,19200000,4800000, Approved
5320,0, Graduate, No,7900000,23400000,2,379,13800000,6300000,31800000,11100000, Rejected
5321,2, Graduate, Yes,3700000,9200000,18,730,4300000,2000000,10700000,3500000, Approved
5322,1, Graduate, Yes,8400000,17900000,2,402,21000000,6400000,28200000,4700000, Rejected
5323,5, Not Graduate, No,6900000,23500000,18,665,1500000,7100000,20400000,5300000, Approved
5324,1, Graduate, No,6300000,15200000,2,690,6500000,7100000,14900000,7300000, Approved
5325,0, Graduate, No,9100000,19300000,14,750,28600000,11400000,28600000,10400000, Approved
5326,2, Graduate, No,3800000,12100000,6,713,900000,3800000,12800000,2900000, Approved
5327,0, Graduate, No,1400000,2600000,2,647,2600000,1100000,5900000,1000000, Approved
5328,1, Graduate, Yes,3300000,6800000,2,867,4300000,3300000,13000000,4200000, Approved
5329,4, Graduate, Yes,6400000,19700000,16,876,12100000,3600000,12900000,4100000, Approved
5330,5, Graduate, Yes,2600000,10200000,2,753,2700000,800000,10500000,1400000, Approved
5331,3, Graduate, Yes,5500000,21500000,8,361,16000000,1100000,12000000,6200000, Rejected
5332,1, Graduate, Yes,9600000,23100000,12,414,3100000,12100000,29800000,13000000, Rejected
5333,3, Graduate, No,8700000,18800000,6,723,6100000,2100000,18300000,9400000, Approved
5334,4, Not Graduate, No,2400000,5500000,6,336,0,4100000,4800000,3200000, Rejected
5335,1, Not Graduate, Yes,9000000,36400000,20,815,27200000,17400000,22300000,12100000, Approved
5336,3, Not Graduate, Yes,9300000,31100000,20,843,23100000,18900000,19300000,8400000, Approved
5337,3, Graduate, No,9900000,20300000,16,664,8500000,5600000,32900000,4900000, Approved
5338,2, Graduate, Yes,7300000,18700000,6,534,5100000,9800000,24600000,9600000, Rejected
5339,3, Graduate, No,7700000,19300000,18,577,1600000,9100000,23600000,9500000, Approved
5340,4, Graduate, Yes,4700000,13500000,8,560,5400000,8400000,11600000,2400000, Approved
5341,0, Graduate, No,6100000,20300000,12,329,3400000,9500000,17700000,8000000, Rejected
5342,5, Not Graduate, No,2600000,8300000,8,824,4900000,1300000,6500000,3500000, Approved
5343,3, Not Graduate, Yes,1500000,4500000,8,536,1400000,1100000,2800000,2000000, Rejected
5344,5, Not Graduate, No,2700000,8900000,10,681,4700000,4600000,10700000,1700000, Approved
5345,2, Graduate, No,2800000,8100000,10,385,1600000,4000000,6300000,2000000, Rejected
5346,4, Not Graduate, Yes,4200000,17300000,14,896,800000,1400000,14700000,6100000, Approved
5347,5, Not Graduate, No,8000000,24900000,4,428,3700000,9100000,22500000,7000000, Approved
5348,3, Not Graduate, No,400000,1700000,4,808,400000,500000,1400000,400000, Approved
5349,1, Graduate, Yes,9700000,34000000,2,796,9800000,1000000,32900000,8800000, Approved
5350,4, Not Graduate, No,6300000,14200000,2,326,6800000,7700000,16300000,6900000, Rejected
5351,1, Not Graduate, Yes,1800000,4800000,2,878,5000000,2300000,4100000,2100000, Approved
5352,2, Not Graduate, No,2000000,5000000,4,530,700000,600000,6900000,3000000, Rejected
5353,1, Graduate, Yes,1700000,6100000,12,730,4300000,400000,3800000,2700000, Approved
5354,3, Not Graduate, Yes,6500000,16200000,4,565,5300000,600000,19600000,7400000, Approved
5355,1, Not Graduate, Yes,1300000,5100000,20,414,900000,800000,3800000,1800000, Rejected
5356,3, Graduate, Yes,5500000,17300000,18,606,9300000,8500000,15000000,3600000, Approved
5357,2, Not Graduate, Yes,6700000,22100000,12,550,4000000,1300000,18300000,10200000, Rejected
5358,2, Graduate, No,5900000,13300000,4,856,8400000,5200000,19400000,4300000, Approved
5359,2, Graduate, Yes,6100000,23900000,4,497,2700000,7100000,22500000,3200000, Approved
5360,5, Graduate, Yes,1700000,5000000,12,454,3000000,2100000,4800000,1900000, Rejected
5361,4, Graduate, Yes,5500000,18300000,16,516,9500000,8300000,14900000,4400000, Rejected
5362,0, Not Graduate, Yes,400000,1000000,2,870,0,300000,1400000,400000, Approved
5363,0, Not Graduate, Yes,2300000,8300000,20,799,100000,4000000,8300000,2100000, Approved
5364,3, Not Graduate, No,3000000,8700000,14,846,1300000,4500000,9000000,2000000, Approved
5365,3, Graduate, No,5200000,13000000,14,861,5000000,7800000,20200000,6300000, Rejected
5366,1, Not Graduate, Yes,7500000,23200000,14,467,13500000,9500000,16600000,4300000, Rejected
5367,1, Graduate, Yes,5700000,19600000,10,318,12900000,5100000,20000000,3400000, Rejected
5368,1, Not Graduate, Yes,4100000,8700000,6,516,8100000,5400000,14800000,4000000, Rejected
5369,5, Not Graduate, No,8700000,22400000,16,605,25200000,15700000,24200000,4600000, Approved
5370,2, Graduate, Yes,9700000,34400000,20,629,13400000,13600000,37600000,6300000, Approved
5371,0, Graduate, No,8900000,29100000,12,750,1800000,600000,26800000,11100000, Approved
5372,5, Graduate, Yes,5300000,22400000,20,757,7100000,2000000,10800000,7900000, Approved
5373,3, Graduate, No,6300000,14300000,18,743,17900000,8700000,22600000,7900000, Approved
5374,3, Not Graduate, Yes,5000000,17800000,20,778,13000000,8500000,14600000,4900000, Approved
5375,2, Not Graduate, Yes,7000000,25600000,2,315,14900000,1900000,26500000,10900000, Approved
5376,1, Graduate, No,6000000,12200000,2,357,10600000,2200000,13700000,4900000, Rejected
5377,1, Not Graduate, Yes,6600000,25200000,8,715,12700000,11800000,21200000,9600000, Approved
5378,0, Not Graduate, Yes,3400000,10600000,12,808,600000,7200000,7900000,3400000, Approved
5379,4, Graduate, Yes,1100000,2700000,2,678,1300000,1500000,2400000,800000, Approved
5380,0, Not Graduate, No,5900000,12200000,2,624,3200000,1900000,16400000,6100000, Rejected
5381,5, Not Graduate, No,6600000,14100000,10,346,15300000,2200000,14000000,7700000, Rejected
5382,1, Graduate, No,4700000,16400000,16,391,13800000,5900000,10400000,2900000, Rejected
5383,3, Graduate, Yes,3000000,5700000,12,345,8500000,2600000,9500000,3000000, Rejected
5384,4, Not Graduate, Yes,5900000,14200000,14,415,4100000,10500000,14800000,6500000, Rejected
5385,2, Not Graduate, No,1700000,5400000,20,766,2600000,600000,3900000,1100000, Approved
5386,1, Graduate, Yes,600000,1700000,16,690,2100000,400000,1700000,900000, Approved
5387,2, Graduate, No,3600000,13200000,16,400,6200000,700000,13700000,3300000, Rejected
5388,3, Not Graduate, No,4100000,8700000,4,852,12600000,0,16200000,3400000, Approved
5389,2, Not Graduate, No,6000000,21700000,10,312,1500000,10700000,16000000,5300000, Rejected
5390,5, Graduate, Yes,2000000,9300000,16,651,3800000,2600000,7500000,3300000, Approved
5391,0, Not Graduate, Yes,7600000,30400000,20,822,22100000,12600000,26300000,10900000, Approved
5392,1, Not Graduate, Yes,3700000,11000000,14,766,3800000,2600000,12900000,4200000, Approved
5393,4, Not Graduate, Yes,5700000,13000000,14,715,15000000,9300000,16800000,7400000, Approved
5394,3, Graduate, No,7400000,23600000,10,462,6700000,6700000,27900000,9300000, Rejected
5395,4, Graduate, No,2200000,8700000,6,610,2700000,2900000,6900000,3400000, Approved
5396,5, Not Graduate, Yes,2000000,7300000,14,785,3800000,3300000,4400000,1000000, Approved
5397,1, Not Graduate, Yes,4600000,14400000,2,382,7000000,8800000,12700000,6000000, Approved
5398,0, Not Graduate, Yes,7200000,25000000,6,531,6400000,2900000,23400000,4800000, Rejected
5399,0, Not Graduate, Yes,4400000,12100000,6,603,2400000,7500000,17500000,6500000, Approved
5400,5, Not Graduate, Yes,3100000,8900000,18,533,300000,6600000,10600000,4100000, Rejected
5401,0, Graduate, No,9200000,27000000,18,572,5800000,10700000,30800000,14700000, Approved
5402,0, Not Graduate, No,8100000,26800000,20,349,5400000,5600000,23200000,5700000, Rejected
5403,5, Not Graduate, No,2800000,5800000,2,808,1000000,2000000,7300000,2500000, Rejected
5404,3, Graduate, Yes,1900000,5800000,8,662,700000,2200000,5900000,1500000, Approved
5405,5, Not Graduate, No,3200000,10800000,10,697,5500000,1800000,6800000,1600000, Approved
5406,5, Graduate, No,10000000,26800000,2,479,14500000,5400000,24400000,9500000, Rejected
5407,3, Not Graduate, No,4100000,8700000,2,841,11000000,0,16500000,3400000, Approved
5408,1, Graduate, Yes,9500000,25400000,10,580,23100000,3300000,24200000,15600000, Approved
5409,4, Not Graduate, No,4300000,9900000,16,892,9200000,8000000,14000000,6100000, Approved
5410,0, Graduate, No,1900000,5600000,18,340,500000,600000,5700000,1700000, Rejected
5411,4, Graduate, Yes,6500000,22400000,6,410,7100000,9300000,25400000,4000000, Rejected
5412,4, Graduate, No,7400000,28100000,16,315,12900000,6600000,21700000,10700000, Rejected
5413,3, Not Graduate, No,4300000,10800000,10,678,8700000,600000,16700000,5400000, Approved
5414,2, Graduate, No,5700000,14000000,12,501,9400000,11100000,19600000,4300000, Rejected
5415,5, Graduate, Yes,3500000,9300000,20,563,4400000,6500000,7400000,4900000, Approved
5416,3, Graduate, No,4800000,10200000,2,640,9200000,2300000,14400000,4900000, Approved
5417,3, Graduate, No,5200000,10900000,6,340,0,5400000,10900000,7800000, Rejected
5418,3, Graduate, No,4900000,11500000,6,327,0,5900000,11400000,8400000, Rejected
5419,4, Graduate, No,1200000,4400000,6,687,2600000,2500000,4300000,1700000, Approved
5420,0, Not Graduate, Yes,2000000,5900000,18,713,5200000,200000,6600000,2200000, Approved
5421,0, Not Graduate, No,7600000,32100000,14,856,19100000,10800000,27900000,10500000, Approved
5422,5, Graduate, No,4000000,14200000,6,491,0,1400000,16000000,3400000, Rejected
5423,5, Graduate, Yes,5100000,17200000,16,468,9100000,8300000,14600000,4300000, Rejected
5424,2, Not Graduate, No,5000000,13400000,8,317,10400000,8100000,19100000,3000000, Rejected
5425,0, Graduate, Yes,1100000,3500000,8,564,2500000,800000,2100000,1400000, Approved
5426,3, Not Graduate, Yes,900000,2700000,20,395,1700000,400000,1500000,400000, Rejected
5427,2, Not Graduate, No,8700000,34000000,18,455,13900000,9600000,34300000,13000000, Rejected
5428,4, Graduate, Yes,9000000,29100000,14,523,4700000,100000,33700000,9900000, Rejected
5429,5, Graduate, Yes,5900000,14000000,20,800,15100000,9700000,14700000,3100000, Rejected
5430,4, Not Graduate, Yes,8700000,19800000,10,876,23900000,7800000,22800000,10300000, Approved
5431,2, Not Graduate, No,5000000,13600000,12,855,2200000,7600000,12400000,4400000, Approved
5432,2, Graduate, No,6700000,22600000,20,394,2000000,2300000,19600000,8700000, Rejected
5433,0, Not Graduate, Yes,900000,2500000,16,801,700000,0,3100000,1100000, Approved
5434,5, Not Graduate, Yes,4400000,12700000,14,768,13300000,8700000,12000000,3700000, Approved
5435,3, Graduate, Yes,500000,1800000,18,632,0,700000,900000,500000, Approved
5436,3, Graduate, Yes,5600000,18900000,14,449,15600000,0,18300000,5600000, Rejected
5437,3, Not Graduate, Yes,6000000,19700000,4,785,4700000,9200000,18200000,7600000, Approved
5438,5, Graduate, Yes,5400000,17400000,14,871,900000,2700000,13800000,8100000, Approved
5439,3, Not Graduate, No,9000000,26500000,16,407,19300000,2700000,35500000,11200000, Rejected
5440,3, Not Graduate, No,500000,800000,2,441,400000,0,1100000,200000, Rejected
5441,3, Graduate, Yes,500000,1700000,10,525,300000,500000,1400000,200000, Rejected
5442,0, Graduate, No,1600000,5700000,18,345,2600000,700000,7000000,800000, Rejected
5443,5, Not Graduate, No,8100000,25500000,4,431,3800000,8800000,23900000,7200000, Approved
5444,0, Graduate, No,1600000,3500000,12,720,100000,1400000,3000000,1400000, Approved
5445,3, Graduate, No,4800000,10300000,4,694,7300000,1400000,15600000,4600000, Approved
5446,5, Not Graduate, Yes,2200000,6600000,16,604,6400000,3300000,7900000,2100000, Approved
5447,4, Graduate, No,2500000,4900000,16,466,6100000,4100000,5400000,2100000, Rejected
5448,5, Not Graduate, No,7900000,20700000,12,753,22400000,13500000,19800000,9800000, Approved
5449,4, Graduate, Yes,7700000,25500000,4,668,900000,2300000,25500000,7700000, Approved
5450,5, Not Graduate, No,4500000,10700000,8,801,5500000,3900000,16200000,4400000, Approved
5451,1, Graduate, No,1400000,5100000,12,748,2700000,0,3700000,500000, Approved
5452,4, Graduate, No,9100000,35600000,18,471,9900000,13300000,26800000,10400000, Rejected
5453,4, Graduate, Yes,8400000,21100000,18,752,12800000,15000000,32900000,13600000, Approved
5454,2, Not Graduate, Yes,5900000,16000000,14,900,400000,10200000,15500000,5200000, Approved
5455,2, Not Graduate, No,7300000,23400000,6,367,21200000,3000000,22100000,11200000, Rejected
5456,2, Graduate, Yes,200000,900000,10,765,600000,200000,900000,400000, Approved
5457,1, Graduate, Yes,1800000,4200000,4,620,4300000,2800000,7400000,800000, Approved
5458,2, Graduate, No,9500000,35500000,12,322,14000000,8500000,18800000,8900000, Rejected
5459,3, Not Graduate, Yes,7600000,27100000,6,346,8100000,500000,19600000,10000000, Rejected
5460,2, Graduate, Yes,7900000,26500000,8,438,22300000,11900000,19400000,9900000, Rejected
5461,3, Graduate, No,5400000,11800000,6,723,9100000,8000000,12500000,4900000, Approved
5462,3, Not Graduate, No,8200000,28200000,12,563,21200000,9400000,23600000,4800000, Approved
5463,1, Not Graduate, No,6300000,24000000,2,750,1300000,6600000,22100000,4200000, Approved
5464,2, Graduate, No,8500000,27600000,8,435,11400000,5100000,29800000,4100000, Rejected
5465,5, Graduate, Yes,1400000,4500000,2,610,1400000,400000,3000000,1400000, Approved
5466,2, Not Graduate, No,2800000,6000000,6,892,1000000,3800000,10600000,1600000, Approved
5467,1, Graduate, No,2700000,7100000,18,588,7700000,600000,7700000,1400000, Approved
5468,1, Graduate, Yes,9400000,25300000,18,760,21800000,6100000,37200000,5100000, Approved
5469,4, Not Graduate, No,4200000,13000000,14,755,11800000,4100000,10400000,3700000, Approved
5470,4, Graduate, No,6600000,21100000,8,885,17400000,5600000,14600000,10100000, Approved
5471,2, Graduate, Yes,3500000,11400000,10,759,1900000,3900000,8700000,3000000, Approved
5472,5, Graduate, Yes,6500000,19200000,12,589,200000,1900000,16400000,5800000, Approved
5473,4, Graduate, Yes,1100000,4500000,6,482,1000000,700000,4200000,1600000, Rejected
5474,5, Graduate, No,8300000,26600000,4,329,8700000,1200000,30800000,8900000, Rejected
5475,1, Not Graduate, No,6300000,18100000,20,447,3500000,7400000,23100000,7800000, Rejected
5476,3, Not Graduate, Yes,5400000,16000000,16,561,11000000,6800000,13900000,6600000, Approved
5477,2, Graduate, No,8100000,20000000,14,900,20400000,14600000,21100000,7900000, Approved
5478,2, Graduate, No,7700000,16700000,6,550,11600000,3000000,17900000,8400000, Approved
5479,2, Not Graduate, Yes,6800000,18500000,16,817,6100000,9400000,13200000,4000000, Approved
5480,4, Not Graduate, No,2900000,10900000,16,647,8500000,4900000,10500000,2000000, Approved
5481,2, Graduate, No,4700000,19100000,4,867,9100000,5900000,14700000,6100000, Approved
5482,5, Not Graduate, No,4400000,13600000,18,574,9000000,3100000,11300000,6000000, Approved
5483,5, Not Graduate, Yes,7400000,24300000,16,856,4200000,7400000,19800000,8500000, Approved
5484,2, Not Graduate, Yes,2100000,6700000,14,825,4600000,3800000,4800000,2100000, Approved
5485,1, Not Graduate, Yes,5700000,15900000,14,836,200000,10600000,15000000,4900000, Approved
5486,0, Not Graduate, Yes,4500000,15100000,18,446,6300000,1400000,10500000,4500000, Rejected
5487,4, Not Graduate, Yes,6500000,24800000,4,468,11800000,600000,17800000,8200000, Rejected
5488,0, Graduate, No,5700000,12700000,2,435,3500000,4200000,15300000,4400000, Rejected
5489,0, Graduate, No,9400000,21000000,6,402,6800000,600000,18900000,9700000, Rejected
5490,2, Graduate, Yes,7500000,21400000,6,525,12000000,2500000,19500000,10600000, Rejected
5491,1, Graduate, Yes,3300000,8700000,4,418,1000000,2700000,10900000,3800000, Rejected
5492,1, Not Graduate, No,6900000,15700000,10,703,2000000,2400000,24100000,5200000, Approved
5493,1, Graduate, No,3000000,7500000,4,598,2800000,1600000,7600000,4300000, Approved
5494,0, Not Graduate, Yes,8900000,35700000,4,705,15600000,18300000,25400000,9400000, Approved
5495,0, Not Graduate, Yes,2200000,7900000,20,768,0,3600000,7100000,2200000, Approved
5496,0, Graduate, Yes,700000,1600000,4,743,2300000,1100000,3100000,300000, Approved
5497,5, Not Graduate, No,8900000,28100000,10,775,7500000,13300000,34000000,4900000, Approved
5498,0, Not Graduate, No,6000000,23000000,16,300,11600000,6100000,17000000,7000000, Rejected
5499,5, Not Graduate, Yes,6000000,16300000,6,806,15700000,5300000,11700000,2800000, Approved
5500,2, Not Graduate, No,1700000,5600000,16,527,400000,3100000,5500000,1600000, Rejected
5501,1, Graduate, Yes,200000,400000,20,896,200000,100000,200000,0, Approved
5502,4, Graduate, Yes,600000,1400000,4,769,800000,600000,2100000,300000, Approved
5503,3, Graduate, No,9400000,20700000,10,657,19900000,6700000,38000000,9600000, Approved
5504,5, Graduate, No,5700000,18700000,8,860,3000000,11100000,15800000,7600000, Approved
5505,5, Graduate, Yes,7100000,19200000,4,702,16200000,2800000,15400000,4900000, Approved
5506,3, Graduate, No,3800000,8000000,20,662,9100000,400000,11000000,3400000, Approved
5507,3, Not Graduate, Yes,6000000,18800000,18,757,2900000,8300000,19000000,9300000, Rejected
5508,0, Not Graduate, No,600000,1800000,14,517,100000,300000,2200000,500000, Rejected
5509,2, Not Graduate, Yes,9800000,33400000,4,465,27700000,16500000,24700000,4700000, Approved
5510,0, Graduate, Yes,1000000,3200000,2,890,1900000,1600000,2300000,1400000, Approved
5511,2, Not Graduate, Yes,1300000,3300000,4,795,3600000,2000000,4300000,800000, Approved
5512,0, Graduate, No,3800000,12500000,16,840,8200000,2200000,11000000,2600000, Approved
5513,0, Graduate, No,1000000,3200000,10,483,2900000,200000,2900000,1500000, Rejected
5514,4, Graduate, No,3400000,8300000,2,565,5600000,1900000,10300000,2800000, Approved
5515,0, Not Graduate, Yes,3000000,8200000,8,335,8100000,5100000,9900000,2900000, Rejected
5516,5, Not Graduate, No,6000000,22100000,12,805,500000,9600000,23000000,5500000, Approved
5517,1, Not Graduate, Yes,3300000,11700000,14,832,3800000,5800000,10900000,4400000, Approved
5518,5, Graduate, Yes,700000,2600000,12,413,600000,100000,3000000,800000, Rejected
5519,3, Not Graduate, Yes,8000000,26500000,10,837,8700000,6600000,25700000,6000000, Approved
5520,3, Not Graduate, No,4100000,12600000,16,460,9400000,1000000,14200000,5800000, Rejected
5521,1, Graduate, Yes,3300000,8600000,16,349,2400000,3400000,7400000,3400000, Rejected
5522,2, Graduate, No,3400000,12200000,14,372,9600000,4100000,13800000,5600000, Rejected
5523,5, Not Graduate, No,6700000,14100000,4,874,11500000,8700000,14100000,5200000, Approved
5524,2, Graduate, Yes,5900000,13900000,8,609,4700000,8700000,17900000,7000000, Approved
5525,4, Not Graduate, Yes,8400000,19400000,16,493,10400000,10500000,27800000,5300000, Rejected
5526,3, Not Graduate, No,8600000,25500000,18,750,9200000,1300000,32000000,10000000, Approved
5527,4, Not Graduate, Yes,8400000,31000000,16,768,13900000,8400000,17600000,8200000, Approved
5528,2, Not Graduate, Yes,7600000,17800000,20,748,9500000,6200000,22900000,4700000, Approved
5529,3, Graduate, No,4400000,8800000,8,894,9500000,5300000,15200000,5400000, Approved
5530,4, Not Graduate, No,4700000,12000000,6,375,1800000,3900000,16500000,2600000, Rejected
5531,4, Not Graduate, No,7300000,29500000,18,446,5100000,13800000,17600000,6000000, Rejected
5532,0, Graduate, No,7200000,22600000,14,715,9200000,4800000,19100000,7200000, Approved
5533,0, Graduate, Yes,2700000,8300000,6,743,1000000,4500000,7400000,1900000, Approved
5534,3, Graduate, Yes,8000000,21200000,18,703,100000,700000,15900000,5900000, Approved
5535,4, Not Graduate, Yes,4700000,18300000,14,314,5200000,5700000,12800000,3400000, Rejected
5536,2, Not Graduate, Yes,9500000,30100000,16,477,27600000,7000000,33300000,7800000, Rejected
5537,5, Not Graduate, Yes,8700000,27000000,18,874,14800000,5300000,20500000,8000000, Approved
5538,3, Graduate, No,2800000,11000000,2,715,800000,2500000,5600000,3600000, Approved
5539,2, Graduate, No,9300000,31500000,16,771,200000,1900000,19600000,5000000, Rejected
5540,0, Not Graduate, Yes,300000,700000,8,876,500000,0,300000,100000, Approved
5541,3, Graduate, No,2000000,7600000,2,881,600000,1100000,7000000,2500000, Approved
5542,3, Not Graduate, Yes,6600000,15200000,14,466,16500000,8800000,18200000,3200000, Rejected
5543,5, Not Graduate, Yes,9600000,29600000,4,469,22200000,3700000,39600000,13300000, Approved
5544,0, Not Graduate, Yes,3400000,12800000,10,446,1200000,2400000,9600000,3200000, Rejected
5545,2, Graduate, Yes,7200000,21400000,14,531,2200000,14000000,17500000,7300000, Approved
5546,5, Not Graduate, Yes,7300000,22400000,18,900,19700000,10700000,19800000,10100000, Approved
5547,5, Not Graduate, Yes,7900000,16300000,6,300,7900000,8100000,18700000,6800000, Rejected
5548,3, Not Graduate, Yes,4900000,13600000,12,341,3400000,300000,13500000,2700000, Rejected
5549,4, Not Graduate, No,3700000,8400000,2,675,8400000,6100000,14400000,3200000, Approved
5550,0, Graduate, Yes,5200000,15200000,6,682,3900000,7100000,13400000,5300000, Approved
5551,2, Graduate, No,7800000,24100000,6,314,100000,4200000,30700000,10300000, Rejected
5552,4, Not Graduate, No,7300000,19200000,8,753,5100000,6100000,28500000,11200000, Approved
5553,0, Graduate, Yes,9200000,20700000,4,353,3300000,1500000,36900000,4700000, Rejected
5554,5, Not Graduate, Yes,8100000,17400000,10,398,14100000,14800000,24200000,8000000, Rejected
5555,1, Not Graduate, Yes,8800000,24900000,4,380,12000000,4000000,25000000,9400000, Rejected
5556,0, Not Graduate, No,4500000,14400000,16,643,4200000,2500000,15100000,2700000, Approved
5557,2, Graduate, Yes,7000000,14800000,8,827,14800000,8300000,23100000,4500000, Approved
5558,5, Not Graduate, No,5900000,20200000,20,383,13100000,11200000,17100000,5200000, Rejected
5559,1, Graduate, No,9600000,22600000,10,615,28100000,11300000,20900000,9800000, Approved
5560,1, Graduate, No,9100000,29700000,10,592,15700000,12100000,35400000,12200000, Approved
5561,4, Graduate, No,300000,1100000,4,342,100000,100000,1000000,400000, Approved
5562,4, Graduate, No,7800000,30700000,8,300,20800000,4600000,25700000,8400000, Rejected
5563,0, Graduate, No,800000,1900000,18,603,1300000,900000,2000000,300000, Approved
5564,4, Graduate, No,1100000,4200000,16,900,2700000,1500000,4300000,1700000, Approved
5565,0, Not Graduate, No,8000000,28400000,12,453,4900000,7700000,30700000,8000000, Rejected
5566,5, Graduate, Yes,9900000,21000000,16,345,24200000,13900000,28000000,13200000, Rejected
5567,4, Graduate, Yes,2700000,6400000,14,402,2500000,2000000,9000000,3200000, Rejected
5568,4, Not Graduate, No,1000000,3600000,2,611,1700000,1700000,2500000,600000, Approved
5569,5, Not Graduate, Yes,6400000,23100000,2,502,500000,10300000,16100000,8500000, Approved
5570,4, Graduate, Yes,5200000,22300000,16,563,4200000,1400000,15500000,8400000, Approved
5571,3, Not Graduate, No,2300000,8600000,12,556,3400000,1300000,5900000,1500000, Approved
5572,4, Not Graduate, Yes,700000,1500000,20,326,100000,300000,1900000,500000, Rejected
5573,5, Graduate, Yes,2700000,11100000,4,336,5000000,3400000,7700000,3000000, Rejected
5574,3, Graduate, No,5200000,12200000,14,834,4500000,9100000,18400000,6400000, Approved
5575,4, Graduate, Yes,6300000,22100000,2,461,7300000,2700000,25300000,3700000, Approved
5576,2, Not Graduate, Yes,5900000,25300000,10,737,12200000,10300000,17000000,5500000, Approved
5577,2, Not Graduate, Yes,3800000,13600000,2,412,6100000,3200000,9700000,6300000, Approved
5578,0, Not Graduate, No,3000000,7800000,6,689,3100000,5000000,9500000,3200000, Approved
5579,0, Graduate, Yes,5600000,14600000,16,373,11900000,3100000,17100000,6800000, Rejected
5580,5, Not Graduate, Yes,7500000,19800000,12,810,21400000,13800000,20200000,9600000, Approved
5581,3, Graduate, Yes,700000,2400000,8,595,1500000,300000,2500000,800000, Approved
5582,4, Graduate, No,8000000,30500000,20,352,14200000,6200000,15600000,6000000, Rejected
5583,5, Graduate, No,1000000,3000000,4,890,2700000,1200000,2000000,900000, Approved
5584,0, Not Graduate, No,2400000,4700000,14,576,6000000,4200000,5800000,3400000, Approved
5585,5, Graduate, Yes,2400000,6700000,20,505,6200000,2200000,4600000,2500000, Rejected
5586,0, Graduate, No,4800000,19000000,8,646,8200000,1700000,15000000,4500000, Approved
5587,4, Not Graduate, No,7800000,22400000,2,578,6600000,12800000,29200000,8300000, Approved
5588,0, Graduate, Yes,5600000,13000000,16,334,11600000,3300000,19500000,7900000, Rejected
5589,0, Not Graduate, Yes,6300000,15100000,8,826,0,7400000,14600000,8200000, Approved
5590,0, Not Graduate, Yes,9400000,23200000,10,576,24200000,3400000,22300000,15600000, Approved
5591,1, Not Graduate, No,6200000,11800000,16,727,8200000,2700000,20400000,2600000, Approved
5592,4, Not Graduate, No,2000000,4100000,10,385,300000,1400000,5500000,900000, Rejected
5593,0, Not Graduate, No,2100000,4700000,2,791,4700000,500000,7300000,1000000, Approved
5594,1, Graduate, No,2500000,10300000,2,588,6900000,2500000,8100000,3900000, Approved
5595,1, Not Graduate, No,4800000,17400000,4,581,5500000,6300000,15000000,2900000, Approved
5596,4, Graduate, No,8100000,17100000,8,820,1500000,8600000,16800000,11100000, Approved
5597,4, Graduate, No,3900000,11800000,20,874,4000000,1200000,13600000,3000000, Approved
5598,4, Not Graduate, No,4800000,14200000,2,679,10600000,1800000,15700000,4600000, Approved
5599,4, Not Graduate, No,5000000,18600000,10,748,4000000,600000,13100000,2600000, Approved
5600,2, Graduate, No,1600000,3500000,4,593,4100000,1400000,4600000,1600000, Approved
5601,1, Not Graduate, Yes,8300000,32700000,16,798,18500000,2700000,29000000,7500000, Approved
5602,4, Not Graduate, No,4900000,18200000,10,763,3400000,500000,13100000,2700000, Approved
5603,2, Graduate, No,3200000,10300000,20,721,3200000,4700000,8900000,3900000, Approved
5604,0, Not Graduate, No,2700000,8600000,18,863,0,3900000,6000000,4100000, Approved
5605,4, Graduate, No,3900000,7900000,10,393,6100000,4900000,17000000,4200000, Rejected
5606,1, Graduate, Yes,8900000,34800000,18,717,18500000,9900000,29000000,5100000, Approved
5607,1, Not Graduate, No,7500000,25500000,14,643,3700000,12000000,16300000,5700000, Approved
5608,5, Not Graduate, Yes,8100000,25100000,18,588,4800000,7600000,29300000,11400000, Approved
5609,3, Not Graduate, Yes,700000,1400000,16,479,600000,100000,2200000,1000000, Rejected
5610,4, Not Graduate, Yes,3400000,8500000,2,900,8100000,5200000,12900000,1800000, Approved
5611,4, Not Graduate, Yes,4600000,11400000,6,559,11300000,7700000,11000000,4800000, Approved
5612,1, Not Graduate, No,8500000,27900000,4,846,14000000,9400000,32500000,8800000, Approved
5613,5, Graduate, Yes,1400000,4200000,14,897,3700000,1800000,2700000,2100000, Approved
5614,1, Graduate, No,1300000,2800000,12,413,1000000,400000,2800000,900000, Rejected
5615,2, Graduate, Yes,6500000,24800000,6,720,10700000,2000000,18500000,9700000, Approved
5616,3, Not Graduate, Yes,6700000,17000000,2,521,15300000,600000,16500000,5200000, Rejected
5617,3, Not Graduate, Yes,8400000,29000000,12,789,13200000,3600000,19300000,4100000, Approved
5618,3, Not Graduate, No,1300000,3400000,6,571,200000,1400000,3900000,800000, Rejected
5619,3, Graduate, No,8900000,30800000,20,512,7900000,4300000,32400000,12500000, Rejected
5620,3, Not Graduate, Yes,8100000,20500000,4,598,4300000,0,20200000,9400000, Approved
5621,1, Graduate, Yes,400000,1900000,8,900,100000,100000,1100000,600000, Approved
5622,3, Graduate, Yes,5100000,15700000,16,627,1300000,5800000,14200000,3900000, Approved
5623,1, Graduate, No,6400000,16100000,2,694,6200000,7500000,16500000,7700000, Approved
5624,2, Not Graduate, Yes,3700000,11800000,8,782,5200000,3000000,13400000,5200000, Approved
5625,5, Graduate, No,700000,2900000,2,563,900000,400000,1700000,900000, Rejected
5626,1, Not Graduate, Yes,1000000,2400000,4,830,900000,0,2400000,800000, Approved
5627,4, Not Graduate, Yes,6000000,21600000,18,635,2400000,4100000,17000000,6700000, Approved
5628,0, Not Graduate, Yes,3300000,11100000,12,812,600000,5900000,7700000,3300000, Approved
5629,5, Graduate, No,7600000,27000000,12,502,17300000,2800000,24400000,5900000, Rejected
5630,0, Graduate, Yes,1800000,6100000,12,655,3000000,2000000,4200000,2500000, Approved
5631,5, Not Graduate, No,2800000,5900000,18,436,2100000,3900000,8500000,2100000, Rejected
5632,3, Not Graduate, Yes,1400000,5000000,14,835,4200000,1100000,3200000,1400000, Approved
5633,2, Graduate, No,2900000,9600000,10,343,8700000,400000,6700000,1700000, Rejected
5634,1, Not Graduate, Yes,800000,3900000,16,369,2600000,500000,2100000,600000, Rejected
5635,1, Not Graduate, Yes,6200000,24100000,10,839,17800000,5000000,16800000,4400000, Approved
5636,5, Graduate, Yes,7800000,24400000,8,428,1600000,7500000,21800000,9900000, Approved
5637,4, Not Graduate, Yes,400000,900000,20,685,0,300000,1000000,600000, Approved
5638,3, Not Graduate, Yes,7900000,28500000,2,819,25500000,4200000,18200000,9800000, Approved
5639,5, Graduate, Yes,500000,1300000,20,696,1600000,0,2300000,600000, Approved
5640,1, Not Graduate, Yes,8400000,25700000,18,704,24100000,12400000,32200000,13200000, Approved
5641,0, Graduate, Yes,2500000,5800000,6,484,1900000,3900000,7900000,1800000, Rejected
5642,5, Graduate, Yes,8600000,18900000,8,346,25000000,6700000,28500000,10700000, Rejected
5643,0, Graduate, No,8800000,20700000,10,824,11000000,11100000,25900000,5200000, Approved
5644,1, Graduate, Yes,9000000,23200000,10,384,0,15600000,31100000,4800000, Rejected
5645,4, Graduate, No,6800000,19000000,6,482,1300000,6100000,15300000,5200000, Rejected
5646,2, Graduate, Yes,6000000,20800000,16,414,2800000,5900000,15300000,6500000, Rejected
5647,4, Graduate, No,6700000,17900000,18,583,9900000,6600000,24000000,6500000, Approved
5648,3, Not Graduate, Yes,4100000,13700000,18,371,2000000,2200000,16700000,3800000, Rejected
5649,1, Not Graduate, Yes,3300000,12000000,16,613,7000000,1900000,7300000,2300000, Approved
5650,4, Not Graduate, No,4500000,16500000,18,300,900000,2100000,14400000,5500000, Rejected
5651,1, Not Graduate, Yes,9500000,31000000,20,600,12100000,6400000,35100000,13000000, Approved
5652,3, Not Graduate, Yes,6100000,21500000,4,362,7200000,3300000,16800000,3800000, Approved
5653,2, Graduate, No,2500000,7000000,20,501,900000,1300000,5200000,2200000, Rejected
5654,2, Not Graduate, Yes,3500000,12900000,18,811,8100000,4100000,10000000,4000000, Approved
5655,5, Not Graduate, Yes,1500000,5700000,18,422,400000,1600000,4000000,2500000, Rejected
5656,4, Graduate, No,1600000,6400000,20,656,1800000,1100000,5700000,2500000, Approved
5657,0, Graduate, No,7500000,26800000,20,650,7400000,8400000,22800000,6200000, Approved
5658,1, Graduate, Yes,9700000,36700000,14,452,300000,1300000,18900000,13700000, Rejected
5659,1, Not Graduate, No,7700000,24700000,6,503,14600000,9700000,16800000,4500000, Rejected
5660,4, Graduate, No,8000000,17800000,4,408,4100000,14300000,18400000,12100000, Rejected
5661,4, Graduate, No,4000000,11600000,18,352,11100000,6100000,17100000,5200000, Rejected
5662,1, Graduate, No,9200000,27800000,12,636,2100000,4400000,27400000,6600000, Approved
5663,4, Graduate, No,10100000,31100000,18,568,9600000,400000,32100000,13500000, Approved
5664,5, Graduate, No,9700000,32100000,18,584,8900000,500000,36800000,13900000, Approved
5665,2, Graduate, No,4200000,10000000,14,405,6100000,4500000,13200000,2300000, Approved
5666,0, Graduate, Yes,6500000,19200000,6,900,14600000,6200000,17600000,7400000, Approved
5667,2, Graduate, No,7500000,16400000,14,868,3700000,10100000,18600000,8300000, Approved
5668,2, Graduate, Yes,4000000,11600000,10,774,1800000,4300000,8700000,2800000, Approved
5669,2, Not Graduate, No,5200000,14700000,12,683,11500000,4800000,17600000,3800000, Approved
5670,1, Not Graduate, Yes,500000,1400000,10,697,500000,400000,1200000,600000, Approved
5671,0, Not Graduate, No,200000,500000,18,384,300000,0,800000,300000, Rejected
5672,2, Not Graduate, No,2700000,8000000,6,515,6700000,3500000,5100000,2000000, Rejected
5673,5, Not Graduate, Yes,9700000,33400000,18,377,12300000,14700000,18900000,5100000, Rejected
5674,3, Not Graduate, No,4200000,12200000,18,499,10000000,900000,13800000,6400000, Approved
5675,2, Not Graduate, Yes,5000000,16800000,20,452,6200000,5500000,18000000,5300000, Rejected
5676,5, Graduate, Yes,800000,2300000,2,897,1100000,500000,1500000,400000, Approved
5677,5, Graduate, Yes,2900000,7300000,16,411,700000,5000000,6200000,3300000, Rejected
5678,0, Not Graduate, No,6900000,31000000,16,469,13800000,8500000,16400000,8100000, Rejected
5679,0, Graduate, Yes,1200000,3300000,18,478,2200000,600000,2400000,1100000, Rejected
5680,2, Graduate, No,5700000,13600000,4,521,2800000,9500000,14900000,3900000, Rejected
5681,3, Graduate, No,10100000,25100000,10,392,23700000,6900000,37500000,11000000, Rejected
5682,0, Graduate, Yes,6700000,16200000,16,785,300000,1800000,27600000,3700000, Approved
5683,4, Graduate, Yes,2000000,8300000,8,489,4300000,400000,4500000,1200000, Rejected
5684,0, Graduate, Yes,9600000,19500000,12,485,22800000,600000,40600000,10700000, Rejected
5685,4, Not Graduate, No,7800000,14700000,6,678,21600000,13500000,29300000,7400000, Approved
5686,2, Graduate, No,3200000,8100000,4,626,4700000,3200000,8000000,4600000, Approved
5687,0, Not Graduate, Yes,6400000,14000000,2,526,1600000,9800000,22000000,3500000, Rejected
5688,3, Graduate, No,8200000,19300000,20,534,1600000,9100000,21100000,9100000, Approved
5689,3, Not Graduate, No,4600000,10900000,6,300,4400000,3900000,10300000,3200000, Rejected
5690,5, Graduate, No,3800000,7300000,16,876,6900000,1200000,9800000,3000000, Approved
5691,0, Not Graduate, No,3200000,9800000,18,792,3100000,6600000,10700000,3300000, Approved
5692,0, Not Graduate, No,4700000,16000000,4,579,14100000,3700000,11900000,3700000, Approved
5693,0, Not Graduate, Yes,2700000,6100000,6,567,5500000,3100000,7500000,4000000, Approved
5694,4, Not Graduate, No,9400000,27900000,12,886,4300000,1600000,34500000,11700000, Approved
5695,1, Graduate, No,700000,2400000,10,750,900000,800000,3000000,1300000, Approved
5696,5, Not Graduate, No,10000000,26500000,8,599,24200000,4800000,27000000,13100000, Approved
5697,0, Graduate, Yes,700000,2100000,12,401,1700000,1000000,2100000,300000, Rejected
5698,4, Graduate, Yes,9200000,29800000,6,630,16800000,11000000,29600000,8900000, Rejected
5699,1, Graduate, Yes,5800000,18300000,20,428,14000000,4800000,15900000,3400000, Rejected
5700,1, Not Graduate, No,6100000,17600000,12,772,5900000,2700000,15600000,2800000, Approved
5701,5, Not Graduate, No,6200000,22700000,4,729,17700000,5300000,15000000,4800000, Approved
5702,4, Not Graduate, Yes,3500000,8100000,2,866,7900000,6000000,11400000,1600000, Approved
5703,2, Not Graduate, No,5000000,14800000,12,820,2400000,7100000,12200000,5300000, Approved
5704,2, Not Graduate, No,2000000,4000000,14,477,4700000,1500000,5200000,1300000, Rejected
5705,4, Graduate, Yes,1000000,2600000,18,332,3000000,1400000,3300000,1500000, Rejected
5706,5, Not Graduate, Yes,8400000,29900000,4,666,10200000,8600000,28900000,4500000, Approved
5707,3, Not Graduate, Yes,2400000,9500000,16,431,4500000,3500000,5400000,1400000, Rejected
5708,4, Graduate, No,8600000,27500000,12,704,10500000,11100000,27600000,7400000, Approved
5709,0, Not Graduate, Yes,2300000,6100000,16,762,2900000,2100000,7500000,1300000, Approved
5710,5, Not Graduate, No,10100000,37200000,20,452,9600000,21100000,39400000,14500000, Rejected
5711,4, Graduate, No,3400000,13400000,10,670,9500000,1200000,8400000,5000000, Approved
5712,3, Not Graduate, No,3400000,8000000,12,382,6600000,3700000,11000000,4100000, Rejected
5713,2, Graduate, No,4500000,13500000,16,576,7700000,6200000,10800000,5000000, Approved
5714,5, Graduate, Yes,9300000,28200000,20,625,14000000,10000000,34900000,10800000, Approved
5715,5, Graduate, No,400000,1400000,12,530,100000,400000,1100000,400000, Rejected
5716,5, Graduate, Yes,1000000,3900000,18,893,900000,400000,3000000,500000, Approved
5717,2, Not Graduate, No,5200000,16100000,12,850,2300000,7600000,11600000,4300000, Approved
5718,2, Not Graduate, Yes,8600000,28000000,20,659,14000000,3200000,27700000,10700000, Approved
5719,1, Graduate, Yes,6600000,19300000,2,318,15800000,1800000,16900000,3200000, Approved
5720,3, Not Graduate, No,3000000,8200000,12,834,1100000,4200000,8900000,1900000, Approved
5721,5, Not Graduate, No,4100000,15500000,12,300,12400000,4100000,12800000,5200000, Rejected
5722,1, Not Graduate, No,8000000,29200000,6,662,6200000,12500000,21400000,10500000, Approved
5723,1, Not Graduate, Yes,9200000,32100000,16,443,4300000,16300000,29700000,12300000, Rejected
5724,5, Graduate, No,3200000,9000000,18,675,9100000,1900000,11100000,2600000, Approved
5725,2, Graduate, Yes,6300000,24700000,10,692,11900000,8600000,25200000,4600000, Approved
5726,2, Not Graduate, Yes,5100000,18100000,20,450,5900000,5400000,16000000,5100000, Rejected
5727,2, Graduate, Yes,8900000,20700000,20,652,4100000,500000,29300000,12800000, Approved
5728,2, Not Graduate, No,2200000,5100000,4,531,800000,600000,6100000,3100000, Rejected
5729,0, Not Graduate, No,6900000,24200000,14,666,12800000,7800000,21500000,7100000, Approved
5730,2, Graduate, Yes,2800000,6600000,20,571,4900000,1700000,9300000,1600000, Rejected
5731,4, Not Graduate, Yes,4300000,14400000,6,721,2400000,5300000,11700000,4100000, Approved
5732,2, Not Graduate, No,6000000,25500000,10,666,12500000,5300000,25400000,5500000, Approved
5733,5, Not Graduate, No,200000,400000,6,740,400000,300000,500000,200000, Approved
5734,5, Graduate, Yes,3700000,15000000,2,330,3000000,700000,12100000,4700000, Approved
5735,5, Not Graduate, Yes,2500000,9300000,16,691,4900000,1100000,7800000,3900000, Approved
5736,1, Graduate, Yes,2400000,9300000,20,516,700000,900000,5200000,3400000, Rejected
5737,0, Not Graduate, No,5300000,16500000,10,566,5200000,7700000,14600000,7900000, Approved
5738,2, Graduate, No,5800000,23900000,2,479,4300000,2800000,22200000,3800000, Approved
5739,3, Not Graduate, No,8600000,26200000,6,398,23300000,8000000,27700000,6300000, Approved
5740,4, Graduate, Yes,4000000,11000000,14,883,700000,6600000,12900000,5700000, Approved
5741,1, Graduate, No,600000,1100000,16,429,600000,1100000,2300000,900000, Rejected
5742,3, Graduate, Yes,3100000,11000000,14,750,3200000,6600000,8000000,2000000, Approved
5743,4, Not Graduate, Yes,5500000,10200000,12,724,16200000,1900000,21200000,2900000, Approved
5744,1, Not Graduate, Yes,5500000,20400000,10,429,1100000,3200000,16500000,3400000, Rejected
5745,5, Graduate, No,3600000,7300000,14,838,7200000,1400000,10600000,2800000, Approved
5746,1, Not Graduate, Yes,1800000,5400000,10,412,4800000,1400000,5600000,1700000, Rejected
5747,1, Not Graduate, Yes,3600000,7600000,14,330,11300000,600000,11200000,3600000, Rejected
5748,5, Graduate, Yes,4500000,12600000,20,635,6200000,7200000,15000000,4100000, Approved
5749,1, Not Graduate, Yes,7300000,22700000,14,499,12600000,9000000,15700000,3900000, Rejected
5750,4, Graduate, Yes,7200000,19700000,10,382,17700000,9300000,20500000,5900000, Rejected
5751,0, Graduate, Yes,500000,1200000,14,577,900000,0,1800000,600000, Approved
5752,4, Not Graduate, No,4400000,16600000,4,565,11100000,6000000,9600000,2200000, Approved
5753,5, Not Graduate, Yes,1500000,4700000,10,757,2200000,2200000,4600000,1800000, Approved
5754,0, Graduate, Yes,5300000,12500000,20,837,15300000,6500000,11800000,5000000, Rejected
5755,1, Graduate, No,6100000,14900000,2,541,17600000,2000000,14500000,3700000, Rejected
5756,5, Not Graduate, No,5500000,13200000,4,478,5800000,5700000,18100000,4500000, Rejected
5757,3, Not Graduate, No,2500000,8000000,2,414,4400000,2900000,6300000,2600000, Rejected
5758,3, Not Graduate, Yes,2000000,7200000,4,314,3200000,2800000,6300000,2100000, Approved
5759,0, Not Graduate, Yes,8400000,17900000,20,700,21200000,0,31300000,7500000, Approved
5760,4, Graduate, Yes,4900000,13200000,6,568,6000000,8200000,12000000,2300000, Approved
5761,4, Not Graduate, No,500000,1300000,6,743,1300000,0,1200000,700000, Approved
5762,2, Not Graduate, Yes,4100000,11900000,14,549,7900000,7400000,10800000,5800000, Rejected
5763,3, Graduate, No,7100000,18500000,14,747,11600000,10700000,16800000,11000000, Rejected
5764,0, Graduate, Yes,8700000,31300000,20,742,2600000,5800000,24700000,10700000, Approved
5765,3, Graduate, No,9000000,28500000,20,526,7300000,4500000,34800000,12300000, Rejected
5766,3, Graduate, Yes,7300000,25200000,14,754,13300000,12000000,20300000,9800000, Approved
5767,3, Not Graduate, Yes,6200000,16600000,20,428,10600000,2700000,21900000,6600000, Rejected
5768,5, Graduate, Yes,7900000,15400000,2,776,16400000,2700000,18300000,9100000, Rejected
5769,5, Not Graduate, Yes,9600000,28900000,10,454,21700000,3000000,34100000,11400000, Rejected
5770,0, Graduate, No,2700000,7300000,6,641,3600000,2100000,5500000,3300000, Approved
5771,0, Graduate, Yes,4900000,19400000,6,765,8600000,7700000,11800000,2800000, Approved
5772,0, Graduate, No,4200000,14400000,2,363,3200000,1300000,8800000,6300000, Approved
5773,5, Graduate, Yes,3700000,6700000,14,300,1700000,200000,10800000,3800000, Rejected
5774,4, Not Graduate, No,3200000,10500000,16,696,8100000,5000000,10200000,1800000, Approved
5775,4, Not Graduate, Yes,5300000,19100000,10,343,400000,3800000,10300000,3200000, Rejected
5776,1, Not Graduate, Yes,8000000,26000000,6,434,4600000,13000000,23500000,4300000, Approved
5777,3, Not Graduate, Yes,7000000,23200000,4,636,1000000,13500000,14500000,6300000, Approved
5778,2, Graduate, No,2800000,10600000,16,512,8100000,1800000,5700000,2400000, Rejected
5779,4, Graduate, Yes,1100000,2900000,16,308,1200000,2200000,3400000,1800000, Rejected
5780,1, Graduate, Yes,7300000,16600000,2,326,4600000,6900000,29900000,6700000, Approved
5781,0, Graduate, No,2800000,7100000,10,810,6600000,900000,5400000,3100000, Approved
5782,5, Not Graduate, No,1400000,3900000,18,540,200000,1400000,5300000,1900000, Rejected
5783,1, Not Graduate, No,7700000,14800000,10,676,10300000,4000000,23500000,4100000, Approved
5784,1, Not Graduate, Yes,5100000,12500000,4,729,11300000,7300000,11900000,4100000, Approved
5785,5, Not Graduate, No,1800000,6200000,18,394,3900000,2600000,6300000,1100000, Rejected
5786,2, Graduate, No,2600000,8000000,4,800,2900000,4300000,5500000,1600000, Approved
5787,1, Not Graduate, Yes,5400000,12900000,14,540,6600000,7000000,15200000,4000000, Rejected
5788,1, Graduate, No,7800000,17100000,2,705,8900000,11200000,20800000,8600000, Approved
5789,2, Graduate, No,9300000,26100000,20,837,20100000,2100000,23600000,6000000, Approved
5790,3, Not Graduate, Yes,9100000,27200000,20,887,20500000,10300000,27300000,12700000, Approved
5791,5, Not Graduate, Yes,4700000,13000000,8,577,2200000,400000,12700000,6000000, Approved
5792,0, Graduate, No,4800000,16700000,12,638,9800000,8800000,10900000,3200000, Approved
5793,2, Graduate, No,1400000,3400000,4,771,200000,1400000,5200000,900000, Approved
5794,4, Graduate, Yes,8800000,34500000,20,385,13300000,2800000,33400000,13300000, Rejected
5795,5, Graduate, No,1200000,2400000,14,523,1800000,1800000,4100000,1400000, Rejected
5796,1, Graduate, No,3600000,13500000,16,580,200000,2200000,14100000,2700000, Approved
5797,3, Not Graduate, No,5500000,17700000,2,725,8200000,7800000,16500000,4700000, Approved
5798,1, Graduate, Yes,6200000,13100000,12,733,1200000,4300000,21000000,6500000, Rejected
5799,3, Graduate, Yes,8700000,26300000,12,462,22400000,6300000,16400000,8400000, Rejected
5800,0, Not Graduate, Yes,5800000,15500000,8,706,9300000,1800000,17300000,3600000, Approved
5801,4, Graduate, No,9600000,33500000,14,339,6200000,8600000,29500000,4800000, Rejected
5802,1, Not Graduate, No,3200000,6400000,14,523,8600000,2800000,6400000,1800000, Rejected
5803,2, Graduate, No,7100000,21800000,6,414,3100000,11700000,20900000,8300000, Rejected
5804,0, Graduate, No,800000,1800000,12,393,1600000,1000000,2200000,400000, Rejected
5805,2, Not Graduate, Yes,2100000,7300000,2,549,800000,1600000,8000000,1000000, Approved
5806,4, Graduate, Yes,2800000,9700000,12,657,5000000,3600000,8500000,3600000, Approved
5807,3, Graduate, No,1700000,5500000,14,681,100000,700000,4200000,800000, Approved
5808,0, Graduate, No,7300000,21500000,12,772,9600000,10700000,27700000,9000000, Approved
5809,3, Not Graduate, Yes,8800000,24100000,12,900,21600000,13800000,27800000,4800000, Approved
5810,4, Graduate, No,2600000,5600000,10,583,3300000,1600000,9800000,3000000, Approved
5811,1, Graduate, No,1800000,6600000,4,543,2400000,3200000,5000000,1200000, Rejected
5812,1, Not Graduate, No,7800000,29300000,2,323,23100000,1400000,19000000,7000000, Approved
5813,2, Not Graduate, Yes,100000,800000,16,636,600000,300000,500000,100000, Approved
5814,4, Graduate, Yes,3300000,13400000,2,738,3100000,6100000,8100000,3600000, Approved
5815,0, Graduate, Yes,2400000,4900000,10,406,3300000,2100000,4700000,3100000, Rejected
5816,0, Graduate, No,4200000,11400000,16,781,7000000,5200000,9100000,4200000, Approved
5817,2, Not Graduate, No,5400000,20000000,2,630,3000000,3400000,23000000,2900000, Approved
5818,1, Not Graduate, Yes,4000000,10700000,6,756,2300000,1700000,8800000,6100000, Approved
5819,5, Not Graduate, Yes,2700000,8500000,8,819,4700000,1300000,6400000,3100000, Approved
5820,5, Not Graduate, Yes,2900000,6200000,6,715,7100000,1400000,8600000,1600000, Approved
5821,1, Not Graduate, Yes,2800000,5500000,6,393,4900000,1400000,5900000,2500000, Rejected
5822,4, Not Graduate, Yes,8900000,21200000,14,492,15300000,19000000,26700000,13300000, Rejected
5823,4, Not Graduate, No,5800000,16400000,18,623,6800000,5000000,12700000,6000000, Approved
5824,5, Graduate, No,6100000,21000000,20,474,9300000,2000000,17400000,5700000, Rejected
5825,0, Not Graduate, No,6900000,20600000,20,691,2400000,8200000,16700000,6300000, Rejected
5826,5, Not Graduate, No,1700000,6000000,18,357,3200000,2400000,6800000,1200000, Rejected
5827,3, Not Graduate, Yes,1600000,5300000,14,841,4000000,1100000,3300000,1600000, Approved
5828,5, Not Graduate, No,6700000,22400000,18,658,1600000,6600000,21900000,4900000, Approved
5829,4, Not Graduate, Yes,5200000,18500000,20,324,9700000,9900000,15000000,3200000, Rejected
5830,2, Not Graduate, Yes,3000000,7100000,4,833,5300000,4400000,6000000,2100000, Approved
5831,4, Not Graduate, Yes,8700000,20700000,14,488,14100000,18400000,26300000,13300000, Rejected
5832,0, Not Graduate, No,4600000,18400000,12,640,7200000,1100000,15700000,5200000, Approved
5833,4, Not Graduate, No,5500000,12200000,18,770,400000,2300000,20800000,6400000, Approved
5834,0, Not Graduate, Yes,2300000,7100000,20,543,3800000,2000000,6800000,1800000, Rejected
5835,0, Graduate, Yes,4500000,16500000,14,772,9400000,7800000,13400000,3500000, Approved
5836,3, Graduate, Yes,3400000,9400000,20,725,1600000,1500000,7100000,2200000, Rejected
5837,2, Graduate, No,4500000,16700000,20,691,6500000,4100000,17000000,2500000, Approved
5838,1, Not Graduate, No,5400000,16500000,12,888,16600000,500000,14100000,6800000, Approved
5839,4, Not Graduate, Yes,3100000,9100000,12,638,4700000,3400000,8400000,3200000, Approved
5840,5, Graduate, No,7600000,15700000,16,462,8600000,6600000,22200000,8600000, Rejected
5841,1, Not Graduate, Yes,7800000,19900000,2,577,21600000,12600000,27700000,7400000, Approved
5842,5, Not Graduate, Yes,10200000,22700000,10,458,10100000,17400000,21800000,7900000, Rejected
5843,1, Not Graduate, No,2700000,7100000,18,607,7800000,300000,7400000,1500000, Approved
5844,4, Graduate, Yes,7900000,29900000,6,443,18600000,11400000,22800000,5900000, Rejected
5845,4, Graduate, No,4400000,16900000,14,473,9600000,6900000,17100000,4700000, Rejected
5846,1, Graduate, No,3900000,14700000,16,347,2700000,100000,8500000,2900000, Rejected
5847,2, Graduate, Yes,4200000,17600000,18,426,4500000,6800000,14000000,3500000, Rejected
5848,3, Graduate, Yes,100000,800000,4,416,600000,100000,1400000,100000, Rejected
5849,0, Not Graduate, No,400000,1000000,20,445,0,400000,600000,100000, Rejected
5850,4, Graduate, No,4600000,11200000,12,841,3000000,4200000,16600000,6800000, Approved
5851,4, Graduate, Yes,9700000,28200000,12,833,26200000,11600000,19200000,9300000, Approved
5852,1, Not Graduate, No,2000000,5200000,20,665,4000000,2000000,7200000,1700000, Approved
5853,4, Not Graduate, Yes,3900000,12300000,12,475,5900000,4900000,13400000,3900000, Approved
5854,2, Not Graduate, Yes,10000000,34500000,4,446,25900000,16700000,24500000,5200000, Approved
5855,2, Not Graduate, No,8900000,31200000,14,658,22300000,5600000,30900000,13300000, Approved
5856,3, Graduate, No,7700000,17000000,20,895,11800000,11000000,30600000,5600000, Approved
5857,5, Not Graduate, Yes,3500000,9300000,4,639,9100000,400000,8300000,5300000, Approved
5858,2, Graduate, No,5800000,20000000,8,433,5500000,4300000,21500000,5000000, Rejected
5859,0, Graduate, Yes,4900000,18100000,12,791,13900000,4000000,10200000,5900000, Approved
5860,0, Not Graduate, Yes,9500000,23000000,14,695,500000,9700000,36400000,5700000, Approved
5861,1, Not Graduate, Yes,8700000,22300000,20,587,4800000,8700000,32400000,11100000, Approved
5862,1, Graduate, No,7100000,25200000,14,784,9400000,10500000,27300000,3900000, Approved
5863,0, Graduate, Yes,3500000,11000000,14,848,4700000,6600000,13000000,1700000, Approved
5864,4, Graduate, Yes,3300000,8800000,20,778,6300000,1600000,13600000,3600000, Approved
5865,1, Not Graduate, Yes,8700000,32400000,16,729,4500000,1300000,23200000,5100000, Approved
5866,0, Not Graduate, No,4600000,16400000,16,300,14700000,200000,17100000,2600000, Rejected
5867,1, Not Graduate, No,6900000,23000000,10,877,13300000,3700000,25800000,3400000, Approved
5868,0, Graduate, Yes,5400000,19600000,12,827,4900000,1800000,20400000,6500000, Approved
5869,3, Not Graduate, No,7200000,23200000,12,768,1600000,8000000,23300000,8400000, Approved
5870,0, Graduate, Yes,2300000,7400000,20,517,4200000,2000000,6900000,1700000, Rejected
5871,1, Not Graduate, No,6800000,16500000,6,753,1100000,600000,26100000,6600000, Approved
5872,2, Graduate, Yes,7600000,28200000,18,552,11900000,700000,27600000,9900000, Approved
5873,1, Graduate, No,2400000,6000000,20,373,1900000,2600000,8700000,2900000, Rejected
5874,1, Not Graduate, No,4100000,9700000,6,900,5100000,200000,13000000,3700000, Approved
5875,1, Not Graduate, Yes,5300000,15700000,6,707,6200000,7200000,16100000,3400000, Approved
5876,0, Graduate, Yes,500000,1400000,8,605,1300000,200000,1800000,300000, Approved
5877,4, Not Graduate, No,5300000,15300000,20,668,8900000,8900000,11100000,6200000, Approved
5878,2, Graduate, No,4600000,12600000,16,582,7800000,5900000,10700000,4800000, Approved
5879,0, Not Graduate, Yes,4500000,14300000,6,416,12600000,4500000,11300000,7600000, Rejected
5880,0, Graduate, No,5200000,13600000,2,766,0,7700000,12600000,4300000, Approved
5881,4, Graduate, No,600000,2200000,14,718,1500000,500000,1800000,400000, Approved
5882,4, Graduate, No,4700000,11700000,6,432,8300000,1300000,19400000,3200000, Rejected
5883,2, Graduate, Yes,8500000,31100000,20,828,600000,4900000,25300000,12200000, Approved
5884,3, Graduate, Yes,5500000,20500000,16,447,14700000,100000,17400000,6100000, Rejected
5885,4, Not Graduate, No,5100000,13900000,12,315,500000,8400000,11300000,2900000, Rejected
5886,5, Not Graduate, Yes,6100000,22100000,18,651,2100000,3900000,16700000,6700000, Approved
5887,3, Graduate, Yes,800000,2600000,20,380,1600000,500000,1600000,400000, Rejected
5888,3, Not Graduate, No,900000,2900000,14,616,1200000,1000000,2700000,400000, Rejected
5889,4, Graduate, No,800000,2500000,14,721,2000000,500000,1900000,400000, Approved
5890,1, Graduate, No,8200000,27200000,12,503,18700000,4100000,32700000,5800000, Approved
5891,5, Graduate, Yes,7100000,23000000,20,487,15700000,3200000,29200000,7100000, Rejected
5892,2, Graduate, No,4600000,17900000,18,409,4100000,6100000,14300000,3300000, Rejected
5893,2, Not Graduate, No,2000000,5600000,6,879,4200000,0,6000000,2300000, Approved
5894,1, Graduate, Yes,7000000,26700000,2,702,4300000,2600000,27500000,6500000, Approved
5895,0, Graduate, No,4200000,13500000,10,483,10100000,0,14500000,3900000, Rejected
5896,2, Not Graduate, No,6800000,20900000,16,611,5900000,12200000,13000000,9400000, Approved
5897,1, Graduate, Yes,5300000,12400000,4,370,5800000,8600000,17200000,6500000, Rejected
5898,1, Not Graduate, No,400000,1600000,4,308,200000,0,1200000,500000, Approved
5899,2, Not Graduate, No,5100000,14600000,12,839,2300000,7300000,11500000,4600000, Approved
5900,1, Not Graduate, No,4400000,18100000,10,494,10100000,3500000,9000000,6100000, Rejected
5901,0, Not Graduate, Yes,9400000,22900000,18,400,18300000,2600000,35300000,7100000, Rejected
5902,2, Not Graduate, No,5800000,15600000,12,666,3500000,700000,15000000,4200000, Approved
5903,3, Graduate, Yes,3100000,7100000,6,888,1300000,4600000,5900000,2200000, Approved
5904,1, Not Graduate, No,9700000,41600000,6,661,18800000,11100000,34000000,6300000, Approved
5905,4, Not Graduate, No,3000000,7900000,18,424,3000000,3700000,10600000,3100000, Rejected
5906,3, Not Graduate, Yes,2400000,10200000,16,427,4600000,3100000,5600000,1300000, Rejected
5907,2, Not Graduate, Yes,7500000,27000000,14,880,8800000,700000,27500000,7400000, Approved
5908,5, Not Graduate, No,3600000,14300000,2,452,4000000,500000,7500000,2700000, Approved
5909,2, Graduate, Yes,6400000,14800000,8,763,9300000,4000000,13300000,6500000, Approved
5910,3, Graduate, Yes,1000000,2100000,12,309,1000000,400000,2500000,900000, Rejected
5911,5, Graduate, Yes,9900000,33900000,18,605,9400000,500000,33800000,14400000, Approved
5912,4, Not Graduate, Yes,6900000,22900000,20,319,3600000,9400000,17300000,7300000, Rejected
5913,4, Not Graduate, No,5600000,14400000,20,556,9500000,4000000,21500000,3600000, Rejected
5914,3, Not Graduate, Yes,9200000,21000000,10,302,5000000,16300000,30300000,11600000, Rejected
5915,4, Graduate, No,1300000,2700000,18,701,700000,1300000,5000000,800000, Approved
5916,3, Not Graduate, Yes,9600000,24500000,12,862,27700000,14200000,21400000,8700000, Approved
5917,4, Not Graduate, Yes,6700000,18600000,10,387,14400000,9100000,19900000,6400000, Rejected
5918,2, Graduate, Yes,4100000,15900000,6,695,11400000,3400000,12800000,4200000, Approved
5919,0, Not Graduate, No,4500000,14300000,2,761,6200000,8200000,17300000,7400000, Approved
5920,3, Graduate, Yes,4000000,15600000,6,663,6500000,3600000,10200000,5400000, Approved
5921,1, Graduate, No,4500000,16900000,10,660,11100000,8200000,10600000,3300000, Approved
5922,3, Not Graduate, Yes,1700000,5600000,14,679,4900000,3300000,3600000,2500000, Approved
5923,5, Graduate, Yes,6200000,13000000,14,717,700000,1500000,13000000,4200000, Approved
5924,2, Not Graduate, No,8300000,28200000,12,621,20700000,8800000,23000000,5000000, Approved
5925,1, Graduate, Yes,9200000,33200000,12,671,10000000,16800000,21200000,4500000, Approved
5926,0, Not Graduate, Yes,9400000,37100000,6,591,18300000,10200000,19500000,5600000, Approved
5927,3, Not Graduate, Yes,3700000,14300000,16,552,8900000,4000000,9900000,1900000, Approved
5928,2, Graduate, Yes,7100000,25500000,2,740,8500000,3600000,22200000,5100000, Approved
5929,1, Not Graduate, Yes,9100000,24400000,16,688,20900000,8800000,30300000,7500000, Approved
5930,2, Not Graduate, Yes,6800000,15800000,20,759,15100000,8900000,26400000,4000000, Approved
5931,0, Not Graduate, No,1200000,4200000,18,813,600000,700000,2800000,900000, Approved
5932,4, Not Graduate, Yes,8100000,26300000,2,510,8800000,10800000,19400000,6000000, Approved
5933,3, Not Graduate, Yes,3000000,11800000,10,387,1700000,4300000,10500000,1400000, Approved
5934,0, Graduate, Yes,4300000,10400000,14,474,3500000,8100000,10600000,3400000, Rejected
5935,0, Not Graduate, Yes,2400000,9000000,8,366,2200000,100000,5600000,3400000, Rejected
5936,2, Graduate, Yes,8500000,32500000,4,740,22400000,700000,17900000,7200000, Approved
5937,1, Graduate, No,7600000,18700000,20,408,2300000,5100000,28600000,8200000, Rejected
5938,2, Graduate, No,3600000,12000000,14,371,10400000,4100000,12600000,5700000, Rejected
5939,4, Not Graduate, Yes,7800000,24300000,6,410,3900000,3500000,21500000,10600000, Rejected
5940,4, Not Graduate, No,4900000,19700000,8,734,2400000,200000,14500000,5100000, Approved
5941,4, Graduate, Yes,6000000,14500000,10,700,2400000,9500000,17000000,4100000, Approved
5942,3, Not Graduate, Yes,2500000,10400000,8,823,600000,2800000,9100000,1900000, Approved
5943,2, Not Graduate, Yes,6700000,18300000,6,420,6700000,1800000,19700000,3600000, Rejected
5944,1, Not Graduate, Yes,2200000,4900000,8,384,2900000,100000,5000000,2300000, Rejected
5945,5, Graduate, Yes,6500000,19500000,4,333,8700000,600000,21500000,6600000, Rejected
5946,2, Not Graduate, Yes,2200000,6800000,12,825,6300000,1800000,7400000,2400000, Approved
5947,4, Graduate, No,400000,1400000,8,474,500000,400000,1600000,700000, Rejected
5948,0, Graduate, Yes,5800000,20300000,16,661,14400000,2300000,18100000,5400000, Approved
5949,4, Not Graduate, Yes,9000000,21200000,16,400,11000000,10400000,29600000,5600000, Rejected
5950,1, Not Graduate, Yes,5900000,21200000,14,454,11400000,7300000,18000000,6400000, Rejected
5951,1, Not Graduate, Yes,4100000,15700000,12,451,9700000,3000000,14500000,3100000, Approved
5952,2, Not Graduate, No,7900000,23800000,6,606,11400000,1200000,22000000,10400000, Approved
5953,5, Not Graduate, Yes,1200000,3300000,2,759,3500000,200000,5400000,1300000, Approved
5954,0, Not Graduate, Yes,8000000,23500000,20,725,18000000,16000000,21000000,6800000, Approved
5955,0, Not Graduate, No,4400000,11100000,4,380,7100000,7600000,9400000,4900000, Rejected
5956,4, Graduate, No,1600000,5400000,10,580,400000,1300000,4000000,1200000, Approved
5957,2, Graduate, No,6500000,23600000,20,398,2200000,2400000,21100000,8700000, Rejected
5958,3, Not Graduate, No,5200000,18400000,8,856,5800000,7700000,20100000,3100000, Rejected
5959,0, Graduate, Yes,9100000,27600000,8,716,800000,7200000,23800000,5800000, Approved
5960,0, Graduate, Yes,3300000,7800000,12,777,7900000,2200000,7100000,4700000, Approved
5961,1, Not Graduate, Yes,3600000,14500000,10,555,10000000,2200000,8300000,4300000, Rejected
5962,1, Not Graduate, Yes,3000000,11200000,16,809,3700000,6000000,11000000,4800000, Approved
5963,2, Graduate, Yes,2500000,8700000,6,593,3800000,1400000,7200000,3500000, Approved
5964,0, Not Graduate, Yes,8300000,28900000,6,602,15200000,12800000,23900000,12500000, Approved
5965,0, Graduate, Yes,900000,1500000,4,727,2500000,1100000,3300000,300000, Approved
5966,3, Not Graduate, Yes,600000,1700000,14,520,0,900000,1600000,600000, Rejected
5967,5, Not Graduate, No,2200000,5000000,12,844,4800000,3200000,6700000,1500000, Approved
5968,1, Not Graduate, No,6000000,16700000,4,779,11400000,9500000,22700000,7400000, Approved
5969,1, Not Graduate, No,8700000,25800000,14,791,1900000,14000000,30700000,7300000, Approved
5970,4, Not Graduate, Yes,10400000,23500000,8,618,12200000,9000000,43100000,5900000, Approved
5971,5, Not Graduate, No,3400000,7200000,2,824,2400000,2900000,10400000,3800000, Approved
5972,2, Graduate, Yes,3500000,12800000,2,379,6400000,3000000,9600000,5200000, Approved
5973,4, Not Graduate, No,4900000,10100000,12,664,8900000,300000,14900000,7300000, Approved
5974,5, Graduate, No,6100000,22800000,16,300,100000,700000,22200000,4900000, Rejected
5975,0, Graduate, No,10000000,40100000,8,632,22600000,19800000,29200000,5800000, Approved
5976,0, Not Graduate, No,2400000,4900000,14,581,5900000,4600000,5400000,3200000, Approved
5977,1, Graduate, Yes,3900000,9900000,16,451,7200000,4100000,14700000,3600000, Rejected
5978,0, Not Graduate, Yes,6200000,22100000,10,499,200000,12100000,13000000,8400000, Rejected
5979,2, Graduate, No,9400000,32800000,12,627,16000000,16100000,23800000,10900000, Approved
5980,5, Graduate, No,3400000,8900000,18,657,8500000,1800000,11300000,2600000, Approved
5981,0, Graduate, No,9100000,20600000,20,586,6100000,6300000,33300000,5600000, Approved
5982,3, Graduate, Yes,8500000,19700000,4,868,19400000,1400000,33700000,8000000, Approved
5983,1, Not Graduate, No,3500000,12100000,16,583,6400000,2000000,7500000,2300000, Rejected
5984,3, Graduate, No,5500000,20100000,6,495,6700000,9300000,20900000,3700000, Rejected
5985,4, Not Graduate, No,7400000,27100000,6,715,14600000,14700000,19200000,8900000, Approved
5986,2, Not Graduate, No,4100000,10600000,18,437,2000000,1500000,9500000,4900000, Rejected
5987,3, Graduate, Yes,3400000,9300000,16,771,7700000,2500000,9400000,2500000, Approved
5988,1, Not Graduate, No,2400000,8900000,18,415,3700000,2100000,7000000,2600000, Rejected
5989,1, Graduate, No,1700000,4400000,14,660,2100000,2600000,3600000,1500000, Approved
5990,5, Not Graduate, Yes,9600000,36100000,10,701,9400000,18600000,32200000,12500000, Approved
5991,0, Not Graduate, Yes,6300000,18400000,16,802,13500000,1100000,22700000,8900000, Approved
5992,2, Not Graduate, No,2600000,8500000,6,490,6300000,4000000,5800000,2200000, Approved
5993,3, Graduate, No,6600000,14600000,10,837,15800000,12100000,14400000,5900000, Approved
5994,5, Graduate, Yes,7800000,22100000,6,631,7500000,11600000,27000000,9400000, Rejected
5995,4, Not Graduate, No,2600000,7000000,4,519,2500000,300000,7800000,2200000, Approved
5996,4, Graduate, Yes,3000000,6000000,12,343,8000000,2900000,9500000,3400000, Rejected
5997,1, Graduate, Yes,9500000,21500000,4,878,17000000,17100000,38900000,10700000, Approved
5998,0, Graduate, Yes,700000,2400000,12,835,100000,1400000,2100000,500000, Approved
5999,3, Graduate, Yes,7200000,19900000,4,747,17300000,10300000,22000000,7900000, Approved
6000,5, Graduate, Yes,7200000,17100000,6,438,4000000,500000,13600000,7300000, Rejected
6001,3, Graduate, Yes,5600000,16400000,18,627,8400000,8600000,14200000,3800000, Approved
6002,0, Graduate, No,9200000,27900000,8,618,4200000,13900000,26800000,4900000, Approved
6003,1, Graduate, No,9200000,29300000,14,892,17700000,11600000,34200000,8200000, Approved
6004,5, Graduate, No,1100000,2200000,16,563,200000,300000,2700000,700000, Rejected
6005,2, Graduate, Yes,8500000,20000000,4,417,2400000,9300000,20800000,8500000, Rejected
6006,0, Graduate, No,8400000,20000000,10,498,1500000,1700000,23900000,10900000, Rejected
6007,5, Graduate, Yes,7700000,25500000,8,507,1400000,7800000,22000000,10500000, Rejected
6008,2, Graduate, Yes,6000000,14900000,18,335,6000000,4200000,16800000,6400000, Rejected
6009,4, Graduate, No,7600000,27000000,18,494,3000000,13900000,31100000,7600000, Rejected
6010,0, Not Graduate, No,5000000,19800000,16,532,7900000,9800000,17700000,5500000, Approved
6011,0, Not Graduate, No,6500000,14400000,2,482,1600000,9100000,23100000,3300000, Rejected
6012,5, Not Graduate, No,1700000,4000000,18,565,300000,1200000,5300000,2000000, Rejected
6013,4, Graduate, Yes,4800000,12300000,2,442,6100000,8200000,14200000,6800000, Approved
6014,2, Graduate, Yes,2500000,9000000,18,406,3200000,1500000,6900000,1300000, Rejected
6015,3, Graduate, No,7800000,25900000,16,898,16500000,4100000,24500000,4100000, Approved
6016,0, Not Graduate, Yes,2700000,6100000,12,646,4200000,200000,8700000,2400000, Approved
6017,3, Not Graduate, Yes,5900000,23000000,18,619,17300000,7800000,17300000,6100000, Approved
6018,2, Not Graduate, Yes,700000,2100000,6,744,1900000,100000,2700000,600000, Approved
6019,5, Graduate, No,1300000,2800000,6,636,700000,1400000,4500000,1700000, Approved
6020,3, Not Graduate, Yes,2400000,7800000,10,763,4900000,500000,8400000,2700000, Approved
6021,4, Graduate, No,8700000,30300000,2,437,11600000,1700000,27500000,8600000, Approved
6022,3, Graduate, Yes,1300000,2900000,14,813,1300000,1600000,4100000,1400000, Approved
6023,1, Graduate, Yes,5300000,14500000,18,648,5400000,2200000,17100000,3700000, Approved
6024,3, Graduate, Yes,3400000,9800000,6,345,4300000,500000,11000000,4600000, Rejected
6025,5, Not Graduate, Yes,5300000,19000000,20,317,9500000,9700000,15200000,3300000, Rejected
6026,1, Not Graduate, No,2600000,5900000,12,623,8200000,600000,6700000,3800000, Approved
6027,2, Graduate, Yes,1000000,3800000,2,824,2900000,700000,3000000,500000, Approved
6028,5, Not Graduate, Yes,4300000,8800000,4,727,8300000,1100000,15100000,3100000, Approved
6029,0, Not Graduate, Yes,7700000,26400000,18,806,9800000,500000,18500000,6500000, Approved
6030,2, Not Graduate, No,5500000,13200000,2,564,7800000,9800000,12000000,7200000, Approved
6031,5, Graduate, Yes,1000000,2600000,14,873,2200000,0,2100000,1200000, Approved
6032,3, Not Graduate, Yes,2900000,12100000,10,421,2000000,4000000,11100000,1700000, Rejected
6033,5, Graduate, No,7200000,13900000,14,659,5300000,12500000,15700000,9000000, Rejected
6034,3, Not Graduate, Yes,5400000,17100000,16,554,10700000,6700000,13200000,7000000, Approved
6035,1, Graduate, Yes,7600000,19600000,8,656,1900000,8000000,17700000,7100000, Approved
6036,0, Graduate, No,3500000,12200000,16,512,9500000,5800000,7600000,4300000, Rejected
6037,3, Graduate, No,8500000,30100000,8,492,18900000,3200000,23200000,8500000, Rejected
6038,4, Graduate, Yes,2800000,6100000,14,440,2600000,2200000,9200000,3400000, Rejected
6039,1, Graduate, Yes,3500000,12200000,8,511,6600000,4600000,8100000,2600000, Rejected
6040,1, Graduate, Yes,5800000,12000000,4,419,16800000,800000,17400000,7700000, Rejected
6041,3, Graduate, Yes,7200000,19000000,6,556,5300000,9600000,25400000,9500000, Rejected
6042,4, Not Graduate, No,7300000,16200000,14,312,14700000,10400000,24300000,8600000, Rejected
6043,5, Not Graduate, Yes,2500000,7000000,6,436,4200000,2100000,7600000,1700000, Rejected
6044,0, Not Graduate, No,9600000,24100000,2,585,18200000,16300000,19900000,13000000, Approved
6045,5, Graduate, Yes,1200000,4100000,8,417,3900000,1400000,3400000,1100000, Rejected
6046,5, Not Graduate, Yes,7400000,15200000,14,666,13000000,5600000,29400000,4300000, Approved
6047,2, Not Graduate, Yes,9100000,37500000,8,873,22800000,17300000,18800000,11300000, Approved
6048,0, Graduate, Yes,2800000,9900000,18,545,1200000,1300000,7400000,1600000, Approved
6049,0, Graduate, No,8300000,19600000,16,661,500000,13300000,28800000,10300000, Approved
6050,4, Not Graduate, No,10100000,21200000,12,595,28000000,9200000,27200000,6000000, Approved
6051,4, Graduate, Yes,5500000,12300000,10,314,16000000,8900000,17400000,6300000, Rejected
6052,5, Graduate, Yes,7700000,24200000,8,465,1300000,7600000,22700000,10900000, Rejected
6053,1, Graduate, Yes,3800000,12200000,14,835,4100000,6400000,15000000,5700000, Approved
6054,4, Not Graduate, Yes,500000,1400000,2,636,0,600000,1000000,600000, Approved
6055,4, Not Graduate, No,3400000,9800000,12,343,7800000,6900000,8300000,3400000, Rejected
6056,2, Graduate, Yes,900000,2500000,14,321,2000000,1600000,1800000,700000, Rejected
6057,1, Graduate, No,2700000,10300000,2,573,6500000,2800000,8600000,3200000, Approved
6058,5, Not Graduate, No,9800000,31600000,10,840,17000000,3500000,31800000,12300000, Rejected
6059,1, Graduate, Yes,4600000,13900000,20,846,5100000,8300000,12600000,2500000, Approved
6060,3, Not Graduate, Yes,2200000,6100000,8,356,5300000,700000,4400000,2900000, Rejected
6061,1, Graduate, Yes,4000000,8600000,8,496,900000,4100000,11000000,5200000, Rejected
6062,2, Not Graduate, No,4400000,13900000,18,801,6300000,8300000,10600000,2500000, Rejected
6063,5, Graduate, Yes,3900000,8000000,2,531,3100000,7600000,9600000,4400000, Approved
6064,2, Not Graduate, No,7700000,25600000,6,412,23900000,7800000,29000000,6100000, Approved
6065,4, Graduate, Yes,6200000,14300000,20,738,800000,6200000,15800000,7100000, Approved
6066,0, Not Graduate, Yes,7600000,25200000,8,678,5000000,8800000,18800000,11100000, Approved
6067,3, Not Graduate, Yes,6300000,20700000,2,421,7400000,3000000,17000000,4800000, Approved
6068,5, Graduate, No,2800000,10900000,12,767,3900000,4300000,9800000,2300000, Approved
6069,0, Graduate, No,9000000,26100000,2,783,24900000,1900000,20400000,12000000, Approved
6070,0, Not Graduate, Yes,2800000,9700000,20,714,300000,1900000,6100000,1600000, Rejected
6071,2, Graduate, Yes,1200000,4600000,20,617,3700000,1500000,4500000,600000, Approved
6072,4, Not Graduate, Yes,5200000,10500000,12,683,17300000,1800000,20500000,2700000, Approved
6073,3, Not Graduate, Yes,6700000,22600000,2,631,10600000,1600000,26600000,3700000, Approved
6074,5, Not Graduate, Yes,1300000,4800000,4,323,2100000,800000,4000000,1200000, Approved
6075,0, Graduate, Yes,500000,1300000,14,900,1000000,400000,800000,300000, Rejected
6076,1, Not Graduate, No,7200000,24200000,12,754,6500000,11600000,22400000,7200000, Approved
6077,2, Graduate, No,5000000,17300000,6,836,14800000,7500000,11700000,5400000, Approved
6078,2, Not Graduate, Yes,4200000,8700000,6,320,10900000,900000,15000000,4300000, Rejected
6079,4, Graduate, Yes,6500000,19000000,8,839,17600000,5300000,14600000,9300000, Approved
6080,0, Not Graduate, Yes,5600000,12000000,4,881,13800000,4700000,21300000,4400000, Approved
6081,1, Graduate, Yes,3300000,11300000,4,667,3600000,5300000,11200000,1800000, Approved
6082,0, Graduate, Yes,8000000,16600000,16,394,15300000,14100000,32400000,10000000, Rejected
6083,0, Not Graduate, No,1000000,2200000,12,300,2100000,400000,3900000,1400000, Rejected
6084,2, Graduate, No,8600000,20400000,18,791,4100000,14600000,16100000,10800000, Rejected
6085,1, Graduate, No,9900000,29600000,10,611,16300000,13100000,36600000,11400000, Approved
6086,2, Not Graduate, No,5200000,12800000,16,434,5100000,6200000,18900000,6400000, Rejected
6087,4, Graduate, No,6000000,15600000,10,690,2200000,9400000,17700000,3900000, Approved
6088,4, Graduate, Yes,8400000,20200000,4,871,21600000,1500000,33700000,9400000, Approved
6089,4, Graduate, Yes,6000000,16100000,14,582,1100000,9600000,13500000,9300000, Approved
6090,1, Graduate, No,4700000,9200000,8,522,900000,4700000,14700000,6300000, Rejected
6091,5, Graduate, Yes,5900000,11600000,2,742,16900000,3800000,15100000,5500000, Rejected
6092,0, Graduate, Yes,3300000,12200000,14,642,5000000,1400000,12100000,3400000, Approved
6093,4, Graduate, No,1200000,2600000,6,863,1500000,2100000,2900000,800000, Approved
6094,0, Not Graduate, Yes,9300000,25900000,10,522,4400000,1700000,33400000,4600000, Approved
6095,0, Not Graduate, Yes,2200000,6700000,20,499,4200000,900000,8700000,1600000, Rejected
6096,1, Not Graduate, Yes,5700000,13400000,4,818,11100000,8700000,19900000,5700000, Approved
6097,0, Graduate, Yes,1300000,3500000,14,825,3100000,100000,4500000,1600000, Approved
6098,5, Not Graduate, Yes,1600000,4000000,12,372,2800000,1800000,4300000,1400000, Rejected
6099,5, Not Graduate, No,9200000,35300000,10,854,23300000,12000000,30200000,11300000, Approved
6100,0, Not Graduate, No,3400000,10300000,20,494,5300000,1300000,15000000,3200000, Rejected
6101,4, Not Graduate, No,7100000,29400000,8,760,14300000,16500000,20100000,9200000, Approved
6102,2, Graduate, No,2900000,10800000,20,724,4100000,600000,7800000,4400000, Approved
6103,0, Not Graduate, No,8700000,29600000,12,469,5000000,7700000,28200000,7900000, Rejected
6104,5, Not Graduate, Yes,5900000,20500000,16,342,9800000,10500000,20500000,6500000, Rejected
6105,1, Not Graduate, No,5100000,14100000,4,492,12000000,8200000,17700000,3700000, Rejected
6106,1, Not Graduate, No,900000,2800000,20,820,0,1500000,3700000,900000, Approved
6107,3, Not Graduate, No,7400000,25400000,14,857,13700000,4300000,18100000,3700000, Approved
6108,2, Graduate, No,4400000,13600000,16,602,7300000,6300000,10500000,5400000, Approved
6109,3, Not Graduate, No,3500000,13600000,2,553,6000000,2500000,6500000,3900000, Approved
6110,3, Not Graduate, Yes,800000,2300000,16,779,300000,1000000,2000000,1500000, Approved
6111,2, Graduate, No,9700000,18700000,16,393,3000000,14000000,39100000,10600000, Approved
6112,1, Graduate, No,4900000,12600000,6,300,12900000,1200000,15400000,3500000, Rejected
6113,2, Graduate, No,5400000,12900000,8,503,4600000,8700000,19500000,2900000, Rejected
6114,1, Not Graduate, No,6500000,17000000,12,746,10600000,3900000,24600000,9000000, Approved
6115,1, Graduate, No,3800000,7800000,6,435,200000,1800000,10300000,3500000, Rejected
6116,2, Not Graduate, No,7000000,18300000,8,710,13000000,5800000,20400000,5700000, Approved
6117,0, Graduate, Yes,7200000,22900000,4,408,17500000,11000000,23700000,7200000, Approved
6118,0, Graduate, No,1600000,7000000,2,892,2400000,100000,4600000,1400000, Approved
6119,0, Graduate, Yes,9000000,26400000,14,368,15300000,16800000,33400000,11100000, Rejected
6120,1, Graduate, No,7100000,15300000,8,358,2700000,8800000,22200000,8600000, Rejected
6121,2, Not Graduate, Yes,4900000,19500000,6,505,5900000,8200000,17600000,4100000, Rejected
6122,5, Not Graduate, Yes,9900000,30500000,4,434,24700000,3600000,38200000,13800000, Approved
6123,0, Graduate, No,2600000,7200000,8,703,3700000,2000000,5700000,3300000, Approved
6124,5, Not Graduate, No,9700000,33700000,20,591,6300000,10700000,35700000,14000000, Approved
6125,5, Graduate, Yes,9400000,28700000,6,614,11200000,1200000,31000000,4900000, Approved
6126,4, Graduate, Yes,6700000,24500000,6,900,0,11400000,20700000,6600000, Approved
6127,3, Not Graduate, No,7800000,22700000,10,694,19400000,9600000,19000000,5700000, Approved
6128,3, Not Graduate, Yes,600000,2700000,14,832,1600000,900000,2200000,1000000, Approved
6129,4, Not Graduate, No,5300000,12200000,6,761,13200000,2700000,19300000,4700000, Approved
6130,1, Graduate, Yes,7800000,27000000,8,800,7800000,1700000,23800000,11100000, Approved
6131,4, Graduate, Yes,9300000,29300000,18,820,19900000,10700000,35900000,8200000, Approved
6132,0, Not Graduate, Yes,4700000,16400000,18,813,3700000,1700000,19500000,2700000, Approved
6133,5, Not Graduate, No,8300000,21300000,2,523,8300000,15000000,18500000,8900000, Rejected
6134,2, Not Graduate, No,3200000,8400000,20,666,1000000,5100000,8600000,3500000, Approved
6135,5, Not Graduate, No,4000000,10400000,4,559,9700000,5400000,10600000,3100000, Approved
6136,2, Not Graduate, Yes,7200000,22200000,12,624,12100000,4400000,20900000,4900000, Approved
6137,1, Graduate, No,4000000,7800000,20,617,1500000,8000000,9300000,4300000, Approved
6138,0, Graduate, Yes,300000,800000,4,641,800000,200000,300000,200000, Approved
6139,5, Graduate, No,2100000,7500000,18,332,3800000,3100000,7500000,2100000, Rejected
6140,3, Graduate, Yes,3100000,9300000,18,393,4700000,800000,9200000,1900000, Rejected
6141,3, Not Graduate, Yes,3400000,7200000,20,569,1400000,5600000,10600000,2800000, Approved
6142,4, Not Graduate, Yes,3100000,11000000,2,806,6700000,3000000,7500000,3100000, Approved
6143,2, Graduate, No,1900000,5600000,8,640,700000,2100000,6500000,1400000, Approved
6144,3, Not Graduate, No,5600000,19300000,14,643,1000000,8200000,18300000,8000000, Approved
6145,2, Graduate, No,500000,1600000,10,313,200000,0,1800000,600000, Rejected
6146,0, Graduate, No,3200000,9300000,6,693,700000,6100000,8500000,2600000, Approved
6147,3, Graduate, Yes,500000,2300000,20,405,1500000,200000,1700000,500000, Rejected
6148,1, Not Graduate, No,7700000,27100000,6,420,1200000,700000,21800000,10600000, Rejected
6149,5, Graduate, No,4000000,10000000,4,704,200000,0,13100000,2000000, Approved
6150,4, Not Graduate, No,900000,3400000,10,647,0,500000,1700000,1000000, Approved
6151,5, Not Graduate, Yes,9000000,24900000,18,853,15700000,4700000,20900000,8000000, Approved
6152,2, Not Graduate, Yes,6000000,12400000,2,387,9400000,2100000,13600000,4900000, Rejected
6153,4, Graduate, Yes,6100000,17000000,20,683,1600000,5700000,12400000,4200000, Approved
6154,0, Graduate, No,3100000,6500000,2,421,100000,3800000,8700000,2300000, Rejected
6155,3, Not Graduate, Yes,7000000,18800000,14,335,4200000,3300000,19600000,4600000, Rejected
6156,2, Not Graduate, No,1400000,4100000,8,503,2700000,600000,3600000,1300000, Rejected
6157,1, Not Graduate, No,5800000,21400000,10,507,16200000,11000000,22800000,5500000, Rejected
6158,5, Not Graduate, Yes,9300000,17300000,10,556,9100000,13600000,23100000,6400000, Rejected
6159,1, Graduate, No,8400000,34200000,12,653,8500000,1700000,31800000,8500000, Approved
6160,3, Graduate, Yes,4900000,16500000,10,315,12100000,7600000,17500000,4600000, Rejected
6161,4, Not Graduate, No,3800000,9000000,14,326,6300000,3400000,7500000,4000000, Rejected
6162,2, Not Graduate, Yes,1900000,5800000,16,427,500000,200000,6900000,1400000, Rejected
6163,0, Graduate, No,3700000,9900000,20,473,5700000,1400000,13600000,3500000, Rejected
6164,0, Not Graduate, Yes,9600000,25100000,10,370,23800000,15800000,26400000,8400000, Rejected
6165,1, Not Graduate, Yes,9700000,30300000,18,726,5500000,6100000,19900000,7900000, Approved
6166,2, Graduate, No,2200000,8300000,18,331,1900000,600000,5200000,1600000, Rejected
6167,3, Not Graduate, Yes,9400000,24600000,12,855,25000000,14600000,21700000,9500000, Approved
6168,2, Graduate, No,2900000,8600000,6,513,900000,5800000,9900000,1700000, Rejected
6169,2, Graduate, No,3500000,13200000,16,415,6200000,400000,14700000,3800000, Rejected
6170,2, Graduate, Yes,4300000,15600000,12,538,3200000,2000000,12900000,4900000, Approved
6171,3, Not Graduate, Yes,8100000,19600000,10,425,16900000,10800000,28100000,6400000, Rejected
6172,1, Graduate, Yes,3400000,6800000,4,559,2800000,1700000,13100000,3800000, Rejected
6173,1, Not Graduate, Yes,1000000,2000000,8,798,3100000,1300000,2300000,1300000, Approved
6174,5, Graduate, Yes,3500000,7300000,20,311,9300000,0,13300000,5600000, Rejected
6175,3, Graduate, No,8200000,27300000,18,785,21100000,11200000,28900000,7600000, Approved
6176,5, Not Graduate, Yes,9800000,29400000,4,429,21100000,3800000,36300000,12300000, Rejected
6177,3, Graduate, No,4100000,15100000,4,744,5000000,4000000,14500000,5300000, Approved
6178,0, Graduate, Yes,2000000,4100000,20,900,200000,2400000,8100000,2300000, Approved
6179,1, Graduate, Yes,3500000,6600000,2,871,3900000,3100000,12500000,4600000, Approved
6180,0, Graduate, No,4600000,15300000,2,793,0,7400000,12100000,5100000, Approved
6181,5, Not Graduate, No,5500000,13400000,4,402,7900000,4500000,11500000,7000000, Rejected
6182,1, Graduate, Yes,5600000,12000000,6,706,4100000,800000,18300000,4000000, Approved
6183,0, Graduate, Yes,9700000,39600000,2,627,6200000,10500000,31700000,6700000, Approved
6184,4, Not Graduate, Yes,1500000,3300000,10,868,1600000,0,4600000,1800000, Approved
6185,1, Not Graduate, Yes,8800000,23100000,4,549,25300000,0,21400000,12000000, Rejected
6186,0, Graduate, Yes,3400000,9100000,20,764,6500000,3400000,7100000,4400000, Approved
6187,3, Not Graduate, Yes,2100000,4400000,16,572,1800000,3800000,5700000,1400000, Approved
6188,5, Graduate, Yes,9300000,32700000,2,900,3500000,14300000,28900000,6000000, Approved
6189,0, Not Graduate, No,7000000,23400000,12,685,13900000,9200000,22000000,7000000, Approved
6190,0, Graduate, No,4100000,13700000,8,557,5700000,3000000,11400000,3400000, Rejected
6191,1, Graduate, Yes,200000,600000,20,696,100000,100000,500000,200000, Approved
6192,4, Graduate, No,5100000,20500000,20,766,4800000,1500000,13800000,5600000, Approved
6193,0, Graduate, No,6500000,21200000,14,300,0,8700000,16200000,9800000, Rejected
6194,2, Not Graduate, Yes,700000,2700000,12,398,1700000,1200000,2800000,700000, Rejected
6195,4, Graduate, Yes,8000000,30000000,2,386,7200000,11400000,26900000,11400000, Approved
6196,1, Not Graduate, No,8800000,32400000,4,881,20500000,15200000,24300000,10700000, Approved
6197,4, Not Graduate, No,1900000,4800000,8,300,1500000,900000,4000000,2700000, Rejected
6198,0, Graduate, Yes,5900000,20400000,2,568,4000000,7100000,16200000,4300000, Approved
6199,2, Graduate, No,1700000,3600000,20,539,3800000,1200000,5100000,2500000, Approved
6200,4, Graduate, No,2700000,8300000,4,766,600000,3900000,10500000,2600000, Approved
6201,5, Not Graduate, Yes,9200000,34900000,2,660,3100000,1300000,34600000,8600000, Approved
6202,0, Not Graduate, No,6500000,20300000,20,828,15400000,12100000,27900000,7500000, Approved
6203,3, Not Graduate, Yes,700000,2000000,18,527,800000,1200000,1600000,300000, Rejected
6204,2, Not Graduate, No,2000000,4500000,6,797,2100000,3000000,4700000,2500000, Approved
6205,0, Not Graduate, Yes,3800000,9400000,12,670,10600000,2400000,9000000,2900000, Approved
6206,2, Graduate, Yes,4300000,15400000,12,818,5700000,4900000,15500000,2900000, Approved
6207,1, Graduate, No,800000,2300000,10,789,1000000,900000,2800000,1000000, Approved
6208,4, Graduate, No,700000,1800000,18,751,400000,1200000,2300000,400000, Approved
6209,2, Not Graduate, No,4900000,16700000,20,800,13000000,9300000,13800000,4800000, Approved
6210,0, Not Graduate, Yes,3300000,7900000,12,795,8000000,2100000,7200000,4400000, Approved
6211,1, Graduate, No,5600000,17100000,16,558,7400000,6900000,12300000,3600000, Rejected
6212,1, Not Graduate, No,8400000,32700000,10,565,5200000,6500000,20100000,5600000, Approved
6213,5, Graduate, Yes,6400000,24400000,6,396,12900000,11800000,25600000,4300000, Rejected
6214,1, Not Graduate, Yes,7300000,22000000,14,470,13600000,9400000,15300000,4600000, Rejected
6215,2, Graduate, No,5100000,15000000,12,698,8200000,7600000,9700000,5900000, Approved
6216,4, Not Graduate, No,2700000,10900000,6,843,6900000,4400000,8100000,2800000, Rejected
6217,2, Not Graduate, No,5600000,15300000,12,824,2200000,6900000,11500000,5400000, Approved
6218,3, Not Graduate, No,5400000,20000000,4,881,4500000,7300000,19100000,7600000, Approved
6219,4, Not Graduate, No,8600000,31000000,6,379,22000000,2400000,28700000,4100000, Rejected
6220,1, Not Graduate, Yes,500000,1900000,18,623,400000,0,1200000,500000, Approved
6221,4, Graduate, Yes,500000,1400000,2,503,500000,100000,1100000,600000, Approved
6222,3, Graduate, No,5100000,18400000,6,300,6500000,10300000,13500000,6800000, Rejected
6223,1, Graduate, No,9300000,28900000,4,516,13400000,12500000,29300000,8300000, Approved
6224,2, Graduate, No,2600000,8700000,4,698,0,700000,9600000,2500000, Approved
6225,5, Graduate, No,7100000,26600000,16,348,20400000,9900000,16600000,9600000, Rejected
6226,2, Graduate, Yes,2800000,5400000,14,827,2700000,2500000,9500000,2100000, Rejected
6227,5, Not Graduate, No,6400000,20400000,20,467,9100000,2100000,16500000,5700000, Rejected
6228,0, Graduate, No,8800000,19300000,16,663,600000,12200000,25800000,10900000, Approved
6229,2, Graduate, No,10400000,33100000,2,549,23900000,14700000,24500000,8200000, Approved
6230,3, Graduate, Yes,8400000,22200000,2,633,4000000,16400000,16500000,5900000, Approved
6231,1, Not Graduate, No,6600000,14200000,20,550,10900000,4800000,19600000,3700000, Approved
6232,1, Graduate, No,2900000,12100000,20,502,4300000,2900000,9100000,3200000, Rejected
6233,3, Not Graduate, Yes,8900000,25300000,2,698,6200000,10900000,23800000,5100000, Approved
6234,3, Not Graduate, No,8600000,29500000,4,310,8300000,2600000,27200000,5000000, Approved
6235,1, Not Graduate, Yes,3100000,9400000,6,496,6600000,1700000,8000000,3900000, Rejected
6236,3, Not Graduate, Yes,8200000,27900000,8,739,15200000,8700000,26900000,13400000, Approved
6237,3, Not Graduate, No,6700000,21900000,12,734,1600000,7600000,24200000,8800000, Rejected
6238,1, Not Graduate, No,2900000,7400000,2,334,900000,600000,9900000,2100000, Rejected
6239,0, Not Graduate, Yes,2600000,6100000,10,347,1500000,2300000,8200000,1700000, Rejected
6240,2, Not Graduate, No,1900000,7900000,2,874,500000,1100000,6900000,2500000, Approved
6241,5, Graduate, Yes,5900000,17100000,18,396,2700000,7600000,21900000,2700000, Rejected
6242,2, Not Graduate, No,8500000,18200000,18,493,23300000,15200000,25600000,10700000, Rejected
6243,2, Not Graduate, No,5000000,13900000,10,311,10100000,8100000,18300000,3200000, Rejected
6244,1, Not Graduate, Yes,6300000,12200000,2,345,10300000,2400000,14200000,4900000, Rejected
6245,1, Graduate, No,3100000,10600000,14,639,6200000,700000,9400000,3700000, Rejected
6246,2, Not Graduate, Yes,700000,2600000,14,425,1500000,1100000,2600000,700000, Rejected
6247,4, Not Graduate, Yes,4600000,8900000,20,601,5300000,5400000,13200000,3100000, Approved
6248,0, Not Graduate, Yes,200000,1100000,2,491,200000,0,1100000,400000, Approved
6249,0, Graduate, No,4900000,16400000,12,469,1600000,6000000,18800000,2700000, Rejected
6250,1, Graduate, Yes,5500000,11200000,6,716,4800000,700000,20200000,4000000, Approved
6251,1, Graduate, No,800000,1400000,8,777,1000000,500000,2700000,600000, Approved
6252,0, Graduate, No,2700000,10700000,8,572,1200000,2600000,9400000,1700000, Approved
6253,3, Not Graduate, Yes,6000000,15000000,4,650,18900000,8400000,16800000,6000000, Approved
6254,4, Not Graduate, No,400000,800000,18,324,800000,400000,1000000,300000, Rejected
6255,1, Graduate, No,2700000,7300000,8,384,5900000,1400000,9700000,3000000, Rejected
6256,4, Graduate, Yes,1600000,3100000,16,385,200000,2300000,3300000,1300000, Rejected
6257,0, Not Graduate, No,7100000,19200000,20,694,2100000,9100000,16600000,6300000, Approved
6258,3, Graduate, No,7100000,28400000,14,465,19800000,8600000,26900000,9100000, Rejected
6259,3, Graduate, Yes,1100000,4100000,20,885,800000,1200000,3600000,700000, Approved
6260,4, Not Graduate, Yes,9100000,23600000,14,442,18400000,0,27200000,5100000, Rejected
6261,0, Not Graduate, No,9600000,39400000,8,402,1600000,13800000,31500000,12700000, Rejected
6262,4, Graduate, Yes,200000,1000000,12,678,500000,0,600000,100000, Approved
6263,4, Not Graduate, Yes,500000,1400000,4,780,400000,100000,800000,400000, Approved
6264,0, Graduate, Yes,4700000,15700000,16,300,13600000,300000,9800000,2500000, Rejected
6265,2, Not Graduate, No,500000,1300000,10,820,1200000,300000,2400000,800000, Approved
6266,4, Not Graduate, No,8700000,29300000,2,756,21800000,13900000,21400000,10500000, Approved
6267,5, Graduate, No,900000,2600000,6,581,0,200000,3000000,900000, Approved
6268,3, Graduate, No,5100000,16200000,8,569,2000000,3400000,14000000,5000000, Approved
6269,4, Graduate, No,9200000,32300000,4,899,18900000,4000000,22300000,9700000, Approved
6270,2, Not Graduate, No,9200000,20400000,14,382,2300000,6700000,24100000,8700000, Rejected
6271,3, Graduate, Yes,4700000,14100000,12,519,10700000,700000,9700000,2600000, Rejected
6272,1, Graduate, Yes,7200000,21400000,16,660,17800000,0,21100000,8600000, Approved
6273,4, Not Graduate, Yes,7300000,21900000,12,892,6300000,2800000,26700000,3800000, Rejected
6274,1, Not Graduate, No,5800000,19200000,16,318,2400000,4700000,10300000,4200000, Approved
6275,0, Graduate, Yes,7800000,23900000,20,746,16300000,15300000,20600000,4200000, Approved
6276,0, Graduate, Yes,9000000,30800000,10,900,15800000,5700000,20300000,10200000, Approved
6277,2, Graduate, Yes,2500000,6000000,16,609,4500000,3000000,7200000,1800000, Approved
6278,1, Not Graduate, No,5600000,11100000,8,752,9300000,4000000,13800000,2900000, Approved
6279,3, Not Graduate, No,2700000,5900000,6,462,1600000,500000,9400000,2600000, Approved
6280,2, Not Graduate, Yes,2600000,8800000,10,740,6400000,4500000,9300000,3400000, Approved
6281,4, Graduate, Yes,4700000,12000000,6,821,12500000,8500000,17700000,5100000, Approved
6282,0, Graduate, No,1400000,5300000,6,365,400000,1600000,5500000,1600000, Approved
6283,3, Graduate, No,1800000,5300000,14,707,300000,600000,4600000,800000, Approved
6284,4, Graduate, No,7100000,22600000,18,643,14000000,600000,17500000,8900000, Approved
6285,5, Not Graduate, Yes,800000,2700000,4,786,500000,800000,1700000,500000, Approved
6286,4, Not Graduate, No,3600000,8500000,14,301,6800000,3800000,8400000,4000000, Rejected
6287,5, Not Graduate, Yes,7500000,17500000,16,507,900000,4400000,16900000,9200000, Rejected
6288,1, Not Graduate, Yes,8800000,30700000,18,689,5200000,6000000,20000000,8300000, Approved
6289,3, Graduate, Yes,7800000,25200000,12,483,22300000,6500000,15900000,8800000, Rejected
6290,3, Not Graduate, No,1000000,2100000,8,748,3100000,2000000,2500000,1000000, Approved
6291,2, Graduate, No,300000,700000,18,843,300000,400000,900000,500000, Approved
6292,2, Not Graduate, Yes,3600000,11100000,4,661,5300000,5800000,13500000,4700000, Approved
6293,5, Graduate, No,4900000,13800000,16,857,8700000,4500000,9100000,3800000, Approved
6294,1, Not Graduate, No,9200000,23600000,6,374,15600000,7100000,29200000,7300000, Rejected
6295,3, Graduate, No,1700000,3400000,10,869,4900000,2300000,5300000,1500000, Approved
6296,2, Graduate, No,1800000,3900000,4,770,5100000,2700000,4700000,1400000, Approved
6297,3, Not Graduate, Yes,9200000,25800000,14,703,15200000,15800000,25500000,9700000, Approved
6298,4, Graduate, No,9200000,36600000,18,452,9800000,12500000,26700000,10200000, Rejected
6299,0, Not Graduate, Yes,5400000,11600000,2,372,9800000,10000000,17600000,6600000, Rejected
6300,1, Graduate, Yes,6900000,17200000,14,333,5600000,5900000,18800000,7600000, Rejected
6301,3, Not Graduate, No,7400000,19500000,18,729,16900000,10300000,22000000,10500000, Approved
6302,1, Graduate, Yes,6000000,13900000,12,860,10900000,8200000,11500000,4000000, Approved
6303,5, Graduate, Yes,8100000,33500000,6,793,19500000,1900000,24500000,6300000, Approved
6304,2, Not Graduate, No,5300000,11900000,8,721,12200000,7600000,13200000,4100000, Approved
6305,4, Graduate, No,6900000,19200000,16,847,16700000,13700000,22700000,6700000, Approved
6306,3, Graduate, Yes,7200000,20100000,10,534,200000,15000000,26100000,10300000, Approved
6307,3, Not Graduate, No,5400000,18500000,8,646,8800000,2200000,12000000,2900000, Approved
6308,2, Not Graduate, No,5500000,11800000,8,308,14200000,8900000,16300000,6500000, Rejected
6309,3, Not Graduate, Yes,1700000,6700000,18,448,1500000,2600000,4600000,1300000, Rejected
6310,2, Graduate, No,5500000,20900000,18,625,11600000,2300000,11100000,5500000, Approved
6311,4, Not Graduate, Yes,9400000,20400000,6,300,3200000,16400000,27300000,6400000, Rejected
6312,2, Not Graduate, No,3900000,9700000,6,855,4200000,3900000,10600000,5100000, Approved
6313,1, Graduate, Yes,5800000,14300000,2,402,7700000,8900000,19800000,3900000, Rejected
6314,0, Graduate, No,1200000,3200000,18,699,2000000,1600000,3400000,1600000, Approved
6315,3, Graduate, No,6200000,21800000,12,646,6600000,12300000,19000000,5100000, Approved
6316,3, Graduate, Yes,4800000,14300000,14,462,10400000,5400000,18200000,4900000, Rejected
6317,5, Not Graduate, Yes,4900000,10800000,6,873,12000000,8800000,18800000,3400000, Approved
6318,2, Graduate, Yes,3200000,7100000,8,844,1300000,4400000,12300000,3000000, Approved
6319,1, Graduate, No,5800000,16300000,4,823,11000000,8900000,22500000,7100000, Approved
6320,0, Graduate, No,9100000,32700000,10,447,24900000,2100000,31400000,5700000, Rejected
6321,5, Not Graduate, No,5100000,10700000,6,666,8100000,4700000,11800000,5200000, Approved
6322,2, Graduate, No,3600000,8000000,4,591,3900000,6300000,12300000,2900000, Approved
6323,4, Graduate, Yes,6700000,16200000,8,596,5700000,1000000,25100000,3600000, Approved
6324,1, Graduate, No,9800000,32300000,12,697,8600000,1700000,31700000,9100000, Approved
6325,5, Graduate, No,1000000,4100000,16,493,500000,0,2300000,600000, Rejected
6326,4, Not Graduate, Yes,4300000,9700000,8,533,11800000,6900000,14600000,5100000, Rejected
6327,4, Not Graduate, Yes,8600000,21500000,14,517,16500000,18300000,26400000,14200000, Rejected
6328,4, Not Graduate, No,4200000,16900000,18,306,1000000,2000000,13100000,5800000, Rejected
6329,4, Graduate, Yes,4900000,10200000,18,393,10600000,2300000,13600000,6800000, Rejected
6330,4, Not Graduate, Yes,8300000,33200000,14,799,15600000,8900000,18600000,8400000, Approved
6331,2, Not Graduate, Yes,2200000,7300000,6,833,2100000,2800000,6500000,3200000, Approved
6332,0, Graduate, Yes,6600000,15000000,20,645,13900000,300000,22300000,4700000, Approved
6333,2, Not Graduate, No,4700000,15100000,12,836,2100000,7200000,11100000,5200000, Approved
6334,0, Graduate, Yes,1200000,2900000,12,601,700000,600000,4000000,800000, Approved
6335,5, Graduate, Yes,4500000,16800000,20,838,3500000,5000000,12100000,2200000, Approved
6336,4, Graduate, Yes,6900000,17700000,10,332,14800000,9500000,19300000,6000000, Rejected
6337,2, Graduate, No,6300000,23600000,10,628,10200000,10900000,22400000,9400000, Rejected
6338,2, Not Graduate, Yes,2600000,9400000,10,747,6800000,4200000,9100000,3500000, Approved
6339,3, Not Graduate, Yes,8400000,27300000,10,406,11200000,16100000,25300000,10200000, Rejected
6340,2, Not Graduate, Yes,5200000,13000000,6,564,8000000,9300000,11600000,5500000, Approved
6341,5, Graduate, No,700000,1900000,2,786,500000,1100000,1900000,600000, Approved
6342,0, Not Graduate, Yes,3500000,10600000,4,449,7700000,4900000,11500000,3100000, Approved
6343,5, Graduate, No,8600000,21700000,16,602,15000000,12700000,31100000,7600000, Approved
6344,0, Graduate, No,6000000,15100000,18,678,13900000,300000,23200000,4500000, Approved
6345,1, Graduate, No,1700000,4500000,14,670,2000000,2700000,3800000,1400000, Rejected
6346,3, Graduate, Yes,2800000,8400000,4,685,3000000,5300000,11400000,3600000, Approved
6347,5, Graduate, Yes,800000,1500000,12,887,1400000,300000,2100000,800000, Approved
6348,0, Not Graduate, No,8800000,20200000,10,746,4800000,1900000,22900000,12600000, Approved
6349,4, Not Graduate, Yes,1900000,5200000,16,723,5500000,3800000,4400000,2700000, Approved
6350,0, Not Graduate, No,9800000,21000000,10,732,4700000,2000000,22200000,14100000, Approved
6351,4, Not Graduate, No,5400000,10600000,12,791,14500000,9600000,17000000,2700000, Rejected
6352,5, Not Graduate, No,9700000,29500000,4,495,5200000,12200000,24800000,9800000, Rejected
6353,1, Not Graduate, No,8800000,33000000,10,557,5100000,6500000,20600000,5600000, Approved
6354,4, Not Graduate, No,9100000,29800000,16,619,4400000,16700000,28200000,12000000, Approved
6355,5, Not Graduate, Yes,3300000,7800000,16,653,8600000,500000,7000000,4700000, Approved
6356,3, Graduate, No,1200000,3400000,6,536,400000,1500000,3900000,600000, Rejected
6357,1, Graduate, Yes,2100000,5200000,12,763,200000,600000,7000000,2500000, Approved
6358,3, Not Graduate, Yes,8500000,20300000,12,785,20600000,9700000,18000000,10600000, Approved
6359,2, Not Graduate, No,9800000,30100000,12,571,10100000,2200000,24700000,13200000, Approved
6360,3, Graduate, Yes,800000,1400000,4,590,1600000,1100000,1700000,300000, Approved
6361,0, Not Graduate, No,4200000,10500000,2,379,7300000,7300000,9000000,4400000, Approved
6362,5, Not Graduate, No,700000,2700000,2,573,900000,300000,2000000,900000, Approved
6363,2, Not Graduate, No,3200000,8600000,20,616,900000,4700000,8200000,3400000, Rejected
6364,5, Graduate, Yes,1300000,3100000,20,573,800000,2500000,3200000,2000000, Rejected
6365,4, Not Graduate, Yes,800000,2200000,2,476,1300000,1300000,2400000,200000, Approved
6366,4, Not Graduate, Yes,6200000,21200000,6,821,600000,7200000,21200000,6300000, Approved
6367,4, Graduate, Yes,7300000,19100000,4,818,2600000,2300000,24100000,8900000, Approved
6368,5, Not Graduate, Yes,7700000,26300000,4,629,11900000,14300000,29400000,5000000, Approved
6369,3, Graduate, No,9600000,32800000,12,764,16600000,15900000,37800000,6300000, Approved
6370,4, Graduate, No,4300000,9700000,4,692,7100000,1600000,16300000,4700000, Approved
6371,3, Not Graduate, Yes,8200000,19500000,10,440,17000000,11500000,28100000,6600000, Approved
6372,2, Not Graduate, Yes,2000000,6900000,12,831,4900000,3600000,4600000,2200000, Approved
6373,2, Not Graduate, No,7500000,19500000,12,441,5500000,1500000,16200000,9800000, Approved
6374,1, Graduate, Yes,7000000,20700000,18,697,11700000,12300000,16400000,9400000, Approved
6375,3, Not Graduate, Yes,8300000,31900000,6,664,1000000,1500000,17100000,5800000, Rejected
6376,5, Graduate, No,7400000,26400000,10,733,1500000,11400000,25800000,10300000, Approved
6377,0, Not Graduate, No,1900000,3800000,2,772,2200000,900000,3500000,1200000, Approved
6378,4, Not Graduate, No,8300000,26500000,8,664,9200000,11600000,27300000,5500000, Approved
6379,5, Not Graduate, No,600000,1500000,14,571,500000,900000,2200000,500000, Rejected
6380,1, Not Graduate, Yes,6700000,15400000,6,451,12300000,10600000,22500000,8900000, Rejected
6381,3, Graduate, No,6200000,16500000,10,887,14700000,7900000,20200000,9000000, Approved
6382,2, Not Graduate, No,2300000,6600000,20,532,4700000,300000,4300000,2200000, Rejected
6383,3, Graduate, No,4600000,17600000,10,384,12400000,5100000,17700000,5000000, Approved
6384,4, Graduate, Yes,600000,2500000,18,489,600000,600000,2000000,200000, Rejected
6385,0, Not Graduate, Yes,4700000,16600000,6,612,6700000,6700000,15900000,5400000, Approved
6386,5, Not Graduate, No,5300000,10600000,8,705,9800000,400000,13900000,4700000, Approved
6387,5, Not Graduate, No,4400000,14300000,4,871,9200000,6200000,13800000,3700000, Approved
6388,0, Graduate, Yes,500000,800000,2,871,0,400000,1300000,500000, Approved
6389,2, Not Graduate, Yes,2200000,6600000,2,558,900000,1700000,8100000,1100000, Approved
6390,1, Not Graduate, No,2200000,6900000,18,437,1900000,3800000,6300000,1700000, Rejected
6391,0, Not Graduate, No,2600000,8600000,14,600,1000000,1900000,6200000,2700000, Rejected
6392,2, Graduate, Yes,8900000,30600000,8,612,14200000,12600000,20200000,5900000, Approved
6393,0, Not Graduate, No,5800000,21200000,8,320,3100000,1800000,18100000,3800000, Rejected
6394,3, Graduate, No,5700000,14600000,10,409,2100000,5600000,20700000,3800000, Rejected
6395,5, Not Graduate, No,6600000,19800000,6,582,10200000,7700000,18000000,6600000, Approved
6396,2, Not Graduate, No,4300000,11500000,20,706,11000000,4500000,14400000,3200000, Approved
6397,0, Graduate, No,2500000,7900000,8,444,5700000,0,5700000,3100000, Rejected
6398,3, Graduate, No,500000,1300000,12,864,200000,600000,1100000,200000, Approved
6399,2, Not Graduate, Yes,2000000,4600000,18,571,2500000,400000,5700000,1500000, Approved
6400,5, Graduate, No,1400000,3500000,6,703,1900000,200000,4700000,1600000, Approved
6401,5, Graduate, Yes,9200000,20800000,16,306,29000000,2600000,28200000,9800000, Rejected
6402,3, Not Graduate, Yes,6300000,19800000,18,482,500000,8500000,18300000,6400000, Rejected
6403,2, Not Graduate, Yes,9200000,31400000,16,483,28300000,6100000,30900000,7500000, Rejected
6404,0, Not Graduate, No,4000000,15100000,10,391,6100000,5300000,9600000,4600000, Rejected
6405,5, Graduate, Yes,7600000,30500000,18,855,18100000,14600000,22300000,9400000, Approved
6406,5, Graduate, Yes,6000000,14300000,16,421,9600000,2900000,23200000,5700000, Rejected
6407,5, Not Graduate, No,6600000,22300000,12,782,400000,9000000,23800000,5700000, Rejected
6408,1, Not Graduate, Yes,200000,600000,8,812,500000,300000,1000000,200000, Approved
6409,1, Graduate, No,7700000,16200000,8,560,900000,3400000,17300000,8500000, Approved
6410,0, Graduate, No,1800000,6500000,2,900,2400000,200000,4600000,1300000, Approved
6411,2, Graduate, No,700000,2100000,16,444,900000,300000,2200000,300000, Rejected
6412,0, Graduate, No,4100000,14800000,16,637,3800000,2800000,13700000,2600000, Approved
6413,5, Not Graduate, Yes,8100000,22400000,2,791,4900000,6300000,16500000,6400000, Approved
6414,1, Not Graduate, No,1400000,4300000,20,557,1200000,1000000,3200000,1800000, Rejected
6415,5, Graduate, Yes,1000000,3200000,20,577,3400000,700000,3500000,500000, Approved
6416,5, Graduate, No,7300000,21700000,16,365,14300000,1200000,15900000,10000000, Rejected
6417,2, Not Graduate, No,6100000,13500000,12,543,9700000,200000,13200000,7300000, Approved
6418,2, Graduate, No,3200000,6700000,14,300,3000000,300000,11700000,3700000, Rejected
6419,3, Not Graduate, No,5600000,19200000,16,552,13600000,4200000,16200000,4900000, Approved
6420,0, Graduate, No,3100000,9500000,10,642,7400000,100000,8200000,3500000, Approved
6421,4, Not Graduate, No,7400000,17200000,10,610,17600000,13800000,28700000,6100000, Approved
6422,0, Not Graduate, No,3500000,7800000,16,371,8400000,6900000,11600000,3100000, Rejected
6423,3, Graduate, No,800000,3000000,10,371,1400000,100000,1700000,500000, Rejected
6424,0, Not Graduate, Yes,7100000,24800000,6,537,7000000,2600000,23300000,4700000, Rejected
6425,2, Graduate, No,4500000,9200000,18,594,0,600000,12200000,2700000, Approved
6426,2, Graduate, Yes,8500000,28400000,16,641,4700000,4800000,33100000,7900000, Approved
6427,4, Graduate, Yes,6100000,13400000,2,389,10800000,2000000,21500000,3700000, Rejected
6428,4, Not Graduate, No,800000,2700000,20,315,300000,1100000,2200000,1300000, Rejected
6429,1, Graduate, Yes,5900000,14500000,6,345,3800000,8900000,21900000,5100000, Rejected
6430,1, Graduate, Yes,9600000,29100000,10,650,17000000,11400000,37400000,11700000, Approved
6431,5, Graduate, No,2800000,7300000,10,761,900000,2200000,7000000,3300000, Approved
6432,3, Not Graduate, No,900000,2300000,18,667,700000,0,2100000,300000, Approved
6433,2, Not Graduate, No,3100000,9000000,20,900,4500000,5100000,7100000,3900000, Approved
6434,2, Not Graduate, Yes,1800000,3600000,20,700,2300000,1400000,5000000,1700000, Approved
6435,1, Not Graduate, No,8000000,30700000,4,789,18500000,12100000,20500000,4000000, Approved
6436,0, Graduate, Yes,3100000,9300000,6,638,4100000,500000,9600000,3100000, Approved
6437,4, Graduate, Yes,2100000,4600000,2,622,500000,200000,6600000,3100000, Approved
6438,0, Graduate, No,8100000,22800000,14,707,8900000,5100000,18700000,6700000, Approved
6439,3, Graduate, No,6700000,24700000,12,869,15800000,10800000,13900000,8200000, Approved
6440,3, Graduate, Yes,3200000,11300000,16,869,3700000,4600000,6700000,4400000, Approved
6441,0, Not Graduate, No,5300000,21000000,12,869,1700000,7100000,18100000,6000000, Approved
6442,0, Not Graduate, Yes,8100000,27500000,8,680,4300000,9400000,18200000,11200000, Approved
6443,2, Graduate, No,1800000,5400000,2,707,900000,1300000,5700000,1000000, Approved
6444,3, Graduate, Yes,5100000,16200000,2,358,15500000,3100000,14200000,7200000, Approved
6445,3, Graduate, Yes,9600000,20100000,2,731,13700000,3700000,19500000,9000000, Approved
6446,4, Graduate, No,4700000,10600000,12,867,13800000,5000000,9800000,3200000, Approved
6447,2, Not Graduate, No,7900000,22500000,2,706,1600000,1900000,17800000,7200000, Approved
6448,1, Not Graduate, Yes,8300000,27700000,18,729,1800000,12200000,22600000,7100000, Approved
6449,4, Graduate, No,3300000,12100000,2,739,3300000,5900000,7500000,3700000, Approved
6450,0, Not Graduate, No,600000,2000000,2,630,900000,0,1600000,400000, Approved
6451,1, Graduate, No,7500000,16700000,12,606,10800000,12000000,30900000,7000000, Approved
6452,1, Graduate, No,3000000,7300000,20,350,800000,4700000,7600000,4200000, Rejected
6453,1, Not Graduate, No,5300000,19100000,10,302,12700000,5100000,18800000,3600000, Rejected
6454,2, Graduate, No,9600000,34900000,4,442,12000000,10200000,34700000,7000000, Approved
6455,5, Graduate, Yes,2500000,9800000,16,625,4200000,2400000,6600000,3100000, Approved
6456,3, Graduate, No,3700000,12700000,18,628,6000000,7100000,12400000,4600000, Approved
6457,4, Not Graduate, Yes,600000,1500000,6,472,1400000,400000,1800000,200000, Rejected
6458,0, Not Graduate, Yes,1600000,6600000,12,607,3100000,3200000,5000000,1800000, Approved
6459,4, Not Graduate, Yes,9600000,24900000,16,411,19000000,100000,23800000,4800000, Rejected
6460,0, Not Graduate, No,8700000,19800000,20,574,4800000,8500000,32000000,11100000, Approved
6461,1, Not Graduate, Yes,2400000,9000000,18,418,3300000,2200000,6800000,2400000, Rejected
6462,2, Graduate, Yes,9000000,19500000,20,354,9000000,9900000,26800000,5800000, Approved
6463,0, Graduate, Yes,2300000,8300000,8,612,3500000,1600000,4600000,1900000, Approved
6464,5, Not Graduate, No,7800000,23200000,16,841,4800000,7500000,19700000,8700000, Approved
6465,4, Graduate, No,9900000,28100000,20,713,22600000,6900000,37700000,6500000, Approved
6466,2, Not Graduate, No,7700000,26100000,16,759,7000000,4700000,23900000,9000000, Approved
6467,1, Graduate, No,6400000,18000000,20,445,13000000,1500000,23200000,9200000, Rejected
6468,3, Not Graduate, No,1600000,5700000,6,701,3100000,700000,5700000,1600000, Approved
6469,0, Not Graduate, No,5000000,17200000,12,739,2500000,3200000,11500000,4600000, Approved
6470,4, Graduate, Yes,4900000,12300000,10,333,13900000,8600000,16900000,5800000, Rejected
6471,5, Graduate, No,2800000,6900000,14,785,4000000,3600000,10200000,4100000, Approved
6472,1, Graduate, Yes,1600000,5400000,16,761,3800000,1500000,6000000,1600000, Approved
6473,2, Graduate, Yes,2600000,6100000,18,560,5000000,1600000,9100000,1600000, Rejected
6474,2, Graduate, Yes,6700000,24000000,4,760,8500000,3600000,20500000,5500000, Approved
6475,2, Graduate, No,3300000,6800000,14,323,3100000,300000,11400000,3800000, Rejected
6476,5, Graduate, No,4100000,8800000,6,584,6200000,1500000,11700000,3200000, Approved
6477,1, Graduate, No,2000000,4800000,6,898,500000,2900000,5900000,1400000, Approved
6478,1, Not Graduate, Yes,9000000,26400000,16,658,22000000,9100000,30300000,7000000, Approved
6479,3, Graduate, No,6700000,21400000,14,793,5100000,8700000,20400000,9200000, Approved
6480,1, Graduate, Yes,300000,400000,18,838,300000,100000,400000,300000, Approved
6481,0, Not Graduate, No,3000000,6600000,2,636,8600000,3600000,6400000,1700000, Approved
6482,1, Not Graduate, No,4700000,15300000,20,813,2100000,2500000,10100000,3700000, Approved
6483,1, Not Graduate, Yes,3200000,11900000,14,839,3600000,6100000,11100000,4200000, Rejected
6484,5, Not Graduate, No,2000000,6800000,16,504,4800000,3400000,6700000,1400000, Rejected
6485,1, Not Graduate, No,5300000,12500000,10,698,1100000,8200000,13900000,3600000, Approved
6486,0, Not Graduate, Yes,2400000,6100000,12,336,3600000,2100000,9600000,2300000, Rejected
6487,5, Graduate, No,7200000,17500000,2,312,5600000,9400000,23400000,4900000, Rejected
6488,5, Graduate, No,6700000,20200000,10,574,500000,11500000,27100000,3500000, Approved
6489,2, Not Graduate, No,7300000,31900000,4,628,16500000,13300000,30100000,6300000, Approved
6490,3, Not Graduate, No,8200000,23200000,20,348,25400000,9400000,28900000,4400000, Rejected
6491,4, Graduate, No,5700000,16100000,12,471,10100000,10000000,14200000,6300000, Rejected
6492,4, Not Graduate, No,4400000,11100000,8,487,12000000,200000,17600000,4600000, Rejected
6493,2, Not Graduate, No,3300000,6900000,20,763,1500000,3600000,8900000,3300000, Approved
6494,3, Not Graduate, No,9300000,19600000,12,703,26900000,7800000,28700000,13000000, Approved
6495,0, Graduate, No,5700000,21600000,12,824,1400000,1900000,14400000,7100000, Approved
6496,3, Graduate, Yes,2300000,7900000,14,484,4200000,3100000,7300000,1800000, Rejected
6497,1, Graduate, Yes,3200000,8700000,4,407,900000,2500000,11100000,3200000, Rejected
6498,2, Graduate, Yes,9200000,23900000,14,469,4300000,15800000,24600000,11600000, Rejected
6499,4, Graduate, No,1600000,5600000,10,593,300000,1100000,4300000,1200000, Approved
6500,5, Not Graduate, Yes,6500000,12700000,10,626,12700000,5500000,18700000,9000000, Approved
6501,2, Graduate, No,1900000,5900000,14,508,1500000,1200000,4200000,1500000, Rejected
6502,5, Not Graduate, Yes,7700000,14900000,16,620,2300000,2700000,24400000,4500000, Approved
6503,5, Graduate, No,2000000,7400000,18,328,3600000,3200000,7100000,2200000, Rejected
6504,2, Not Graduate, No,2600000,8600000,6,484,6400000,3600000,5500000,2200000, Rejected
6505,2, Graduate, No,900000,3800000,20,898,2100000,900000,3100000,400000, Rejected
6506,5, Not Graduate, Yes,5000000,11700000,18,720,14100000,5200000,15500000,4500000, Approved
6507,0, Not Graduate, Yes,7400000,17300000,14,497,21100000,4300000,28300000,6500000, Rejected
6508,5, Not Graduate, No,6800000,18400000,4,477,15700000,3100000,24800000,5300000, Rejected
6509,4, Not Graduate, No,9600000,21600000,18,333,22300000,2400000,20900000,10500000, Rejected
6510,2, Graduate, Yes,2400000,5700000,8,343,4400000,400000,7200000,2000000, Rejected
6511,0, Graduate, No,4200000,14100000,4,827,2800000,6100000,8500000,4300000, Approved
6512,2, Not Graduate, No,3300000,11200000,14,474,3700000,6500000,7800000,1700000, Rejected
6513,0, Graduate, Yes,7100000,16900000,16,514,21600000,4600000,26200000,11700000, Rejected
6514,3, Not Graduate, Yes,1900000,5800000,4,392,4800000,0,3600000,2300000, Approved
6515,2, Graduate, No,1000000,4100000,8,483,2700000,800000,3700000,1300000, Rejected
6516,1, Graduate, No,9200000,18100000,10,698,13700000,3200000,26200000,13000000, Approved
6517,2, Not Graduate, No,4800000,17200000,10,441,2200000,8000000,12800000,2600000, Rejected
6518,1, Not Graduate, Yes,1600000,5000000,16,440,4500000,1100000,4100000,2100000, Rejected
6519,5, Not Graduate, Yes,6800000,19300000,8,882,9400000,7200000,26500000,6000000, Approved
6520,0, Not Graduate, Yes,8600000,29800000,4,614,8900000,1100000,23900000,6200000, Approved
6521,4, Graduate, No,7900000,25000000,18,688,5300000,9000000,27500000,9900000, Approved
6522,0, Graduate, No,4200000,9100000,4,678,3300000,6100000,10700000,4900000, Approved
6523,2, Graduate, Yes,3900000,11400000,6,660,1000000,3900000,11900000,3000000, Approved
6524,1, Graduate, No,4500000,18000000,16,377,13000000,6100000,9500000,3100000, Rejected
6525,2, Not Graduate, Yes,3800000,14500000,16,568,2500000,2600000,11100000,2700000, Approved
6526,3, Not Graduate, No,9400000,35200000,2,710,10800000,12300000,19500000,12800000, Approved
6527,0, Graduate, Yes,9800000,19500000,16,446,6900000,2400000,35400000,7300000, Rejected
6528,4, Graduate, Yes,10300000,20500000,2,736,13800000,3900000,21600000,9700000, Approved
6529,1, Graduate, No,2600000,7100000,20,506,4300000,3100000,5700000,3800000, Rejected
6530,2, Not Graduate, No,8300000,30100000,12,602,900000,1100000,35000000,11600000, Approved
6531,2, Not Graduate, Yes,8100000,29100000,10,853,8700000,6100000,26700000,6400000, Approved
6532,5, Not Graduate, No,7600000,27500000,2,749,18700000,12600000,15900000,8200000, Approved
6533,3, Not Graduate, Yes,1500000,4100000,16,457,3100000,1200000,3900000,1100000, Rejected
6534,5, Not Graduate, Yes,1400000,5300000,4,358,2100000,1000000,4100000,1400000, Approved
6535,4, Graduate, No,9000000,32600000,4,894,16600000,4300000,20900000,10000000, Approved
6536,3, Not Graduate, Yes,1200000,2300000,12,485,3000000,200000,3000000,1700000, Approved
6537,2, Graduate, Yes,6200000,25300000,8,476,8200000,2200000,12600000,7200000, Rejected
6538,5, Graduate, Yes,4700000,14100000,10,655,5400000,5100000,17200000,2600000, Approved
6539,0, Not Graduate, Yes,700000,2300000,4,512,400000,1000000,3000000,600000, Approved
6540,4, Not Graduate, No,900000,1900000,20,438,900000,700000,3000000,800000, Rejected
6541,0, Graduate, No,4700000,17200000,2,717,5100000,2400000,11800000,7100000, Approved
6542,0, Not Graduate, Yes,7700000,23800000,20,732,19600000,16000000,23100000,7600000, Approved
6543,2, Graduate, Yes,9800000,25100000,14,497,23200000,18500000,38100000,7600000, Rejected
6544,3, Not Graduate, Yes,9000000,38000000,14,376,8400000,15000000,29100000,8000000, Rejected
6545,0, Graduate, Yes,8500000,19100000,16,493,15900000,9000000,20500000,7800000, Rejected
6546,5, Graduate, No,5300000,20300000,16,775,10700000,7300000,20100000,4200000, Approved
6547,4, Graduate, No,8200000,30700000,18,677,10400000,8600000,30300000,9200000, Approved
6548,1, Not Graduate, No,5100000,11300000,8,733,9800000,3800000,14800000,2900000, Approved
6549,0, Graduate, No,7300000,30300000,4,384,10300000,14000000,24700000,3800000, Rejected
6550,4, Not Graduate, No,2700000,9100000,10,694,4400000,4700000,10100000,1600000, Approved
6551,0, Graduate, No,1700000,7300000,10,852,1000000,300000,3800000,1700000, Rejected
6552,5, Graduate, No,3100000,8400000,16,555,2500000,2600000,9800000,1900000, Approved
6553,2, Not Graduate, No,9700000,23300000,4,531,21800000,500000,25600000,4600000, Rejected
6554,2, Graduate, No,4000000,16200000,12,840,5200000,4600000,14500000,2600000, Approved
6555,0, Not Graduate, Yes,4900000,15200000,12,586,12400000,1600000,13300000,6600000, Approved
6556,2, Graduate, No,3300000,13000000,14,884,3500000,2500000,8500000,2000000, Approved
6557,0, Graduate, No,3900000,12300000,16,849,8300000,2300000,11800000,2500000, Approved
6558,4, Graduate, No,4800000,10600000,8,459,11200000,7800000,14900000,4800000, Rejected
6559,3, Not Graduate, Yes,7900000,24900000,14,835,8400000,700000,28000000,8100000, Approved
6560,2, Graduate, No,4600000,9900000,18,694,4900000,200000,8400000,6300000, Approved
6561,0, Not Graduate, Yes,9500000,35600000,16,581,9600000,11500000,28700000,5300000, Approved
6562,0, Graduate, Yes,100000,400000,18,500,0,100000,500000,200000, Rejected
6563,4, Not Graduate, No,4000000,9500000,2,697,9000000,5400000,13900000,3300000, Approved
6564,2, Not Graduate, Yes,1800000,6700000,6,900,2200000,2200000,5700000,1100000, Approved
6565,2, Not Graduate, No,5900000,16500000,12,723,3800000,800000,16100000,4300000, Approved
6566,1, Graduate, Yes,3100000,7700000,4,591,2900000,1100000,8700000,4600000, Approved
6567,2, Graduate, No,9000000,30500000,8,344,22200000,17600000,20900000,8900000, Rejected
6568,1, Not Graduate, No,1300000,4400000,18,300,2200000,1800000,2600000,1400000, Rejected
6569,2, Graduate, Yes,4500000,12900000,20,624,11200000,3100000,11100000,2300000, Approved
6570,3, Not Graduate, Yes,9900000,25700000,16,742,3700000,9800000,26600000,10100000, Approved
6571,2, Graduate, No,2200000,7000000,20,553,4500000,300000,4600000,2000000, Rejected
6572,0, Not Graduate, Yes,10200000,27600000,10,342,26400000,6400000,35100000,5600000, Rejected
6573,4, Not Graduate, Yes,6900000,26900000,8,716,14200000,13100000,19800000,10000000, Approved
6574,3, Not Graduate, Yes,3600000,9300000,12,300,7900000,2600000,16100000,4700000, Rejected
6575,1, Graduate, No,1800000,5800000,16,815,800000,2500000,4700000,1000000, Approved
6576,3, Not Graduate, Yes,7400000,23000000,20,680,16700000,3000000,27500000,6500000, Approved
6577,0, Not Graduate, No,1500000,4700000,12,632,1500000,3100000,4700000,800000, Approved
6578,3, Not Graduate, No,3700000,9600000,12,652,600000,1300000,8200000,2100000, Approved
6579,2, Graduate, No,4500000,16100000,18,429,4200000,6300000,13300000,3400000, Rejected
6580,0, Not Graduate, No,3000000,6000000,2,653,7500000,4600000,9500000,2500000, Approved
6581,2, Not Graduate, Yes,8200000,29400000,2,641,20300000,11600000,28200000,10000000, Approved
6582,5, Not Graduate, No,5500000,15200000,12,542,4600000,4900000,13400000,5900000, Rejected
6583,2, Graduate, No,8500000,20600000,18,805,4200000,15700000,15300000,11100000, Approved
6584,2, Not Graduate, Yes,3400000,11500000,6,656,5500000,5700000,12100000,4200000, Approved
6585,5, Graduate, Yes,6500000,13600000,16,318,6200000,3700000,14300000,6900000, Rejected
6586,2, Graduate, No,2500000,7700000,4,849,3200000,3900000,5600000,1400000, Approved
6587,5, Graduate, No,6300000,20600000,18,367,6700000,2300000,22600000,7200000, Rejected
6588,1, Not Graduate, Yes,300000,1100000,2,674,200000,200000,600000,300000, Approved
6589,1, Graduate, Yes,8500000,20100000,6,485,23200000,15100000,33100000,12400000, Rejected
6590,0, Not Graduate, No,8300000,26000000,20,335,5800000,5300000,24100000,6000000, Rejected
6591,1, Graduate, No,4600000,14100000,6,664,8700000,6000000,13300000,6400000, Approved
6592,2, Not Graduate, No,5700000,12800000,8,602,1000000,800000,19600000,7600000, Approved
6593,1, Graduate, No,1100000,3000000,18,619,1700000,1700000,3800000,600000, Approved
6594,5, Not Graduate, Yes,7900000,16200000,8,417,6300000,9500000,26700000,4700000, Rejected
6595,1, Graduate, Yes,1400000,4200000,4,879,2900000,1200000,5000000,1400000, Approved
6596,3, Not Graduate, Yes,5900000,12400000,18,790,14100000,4900000,17500000,5200000, Approved
6597,5, Graduate, No,6600000,22100000,10,435,12500000,10900000,20000000,6300000, Approved
6598,1, Not Graduate, Yes,400000,1900000,12,861,200000,500000,1900000,400000, Approved
6599,1, Not Graduate, Yes,200000,1100000,20,444,800000,100000,500000,300000, Rejected
6600,5, Graduate, Yes,7600000,24500000,8,426,1400000,8300000,21400000,9400000, Rejected
6601,0, Not Graduate, No,2200000,4600000,2,438,3900000,1500000,8200000,1100000, Rejected
6602,2, Not Graduate, No,5300000,11100000,6,645,15300000,4000000,18900000,3300000, Approved
6603,5, Graduate, No,7800000,27100000,8,800,16600000,13900000,20400000,6800000, Approved
6604,3, Graduate, No,1400000,3600000,18,357,2500000,2100000,2800000,1700000, Rejected
6605,0, Graduate, No,600000,1600000,18,854,1400000,600000,1100000,200000, Approved
6606,1, Not Graduate, No,2400000,6500000,20,503,4300000,800000,8900000,1700000, Rejected
6607,3, Not Graduate, No,3100000,13300000,2,552,6100000,2500000,6700000,3900000, Approved
6608,1, Graduate, Yes,2400000,5300000,14,825,2800000,2300000,9500000,2000000, Approved
6609,1, Not Graduate, Yes,5400000,19300000,8,485,15000000,8200000,19000000,3900000, Rejected
6610,4, Graduate, No,6900000,27600000,16,798,2400000,8200000,22700000,3700000, Approved
6611,1, Graduate, Yes,9700000,23000000,12,431,2900000,12100000,32800000,14500000, Rejected
6612,2, Not Graduate, No,1900000,4400000,6,820,2100000,3200000,4600000,2200000, Approved
6613,5, Graduate, Yes,7500000,15300000,2,643,1000000,14200000,15400000,4400000, Approved
6614,4, Not Graduate, Yes,1200000,4200000,16,586,1100000,900000,2200000,800000, Approved
6615,1, Not Graduate, Yes,5200000,16500000,12,744,2000000,2700000,11400000,5800000, Approved
6616,2, Not Graduate, No,3400000,7000000,6,332,6500000,2000000,9000000,2500000, Rejected
6617,1, Graduate, Yes,300000,600000,14,626,400000,0,500000,0, Approved
6618,5, Graduate, No,6700000,20100000,18,359,6700000,2500000,22300000,6900000, Rejected
6619,2, Not Graduate, No,5200000,14100000,12,676,12600000,5300000,18300000,4300000, Approved
6620,3, Graduate, Yes,2300000,7800000,8,309,4500000,3800000,7500000,1200000, Rejected
6621,5, Graduate, Yes,500000,1500000,12,525,1500000,0,1800000,700000, Approved
6622,0, Not Graduate, No,3500000,12500000,2,300,5600000,3300000,14300000,5300000, Approved
6623,5, Graduate, Yes,2500000,8500000,18,612,1100000,200000,7800000,2500000, Approved
6624,2, Not Graduate, Yes,3900000,12000000,8,826,5500000,3000000,13200000,4900000, Approved
6625,5, Graduate, No,7000000,14600000,14,669,5600000,12700000,15400000,8700000, Rejected
6626,1, Not Graduate, No,7500000,25100000,12,789,1400000,10500000,31800000,5200000, Approved
6627,0, Graduate, No,1600000,5100000,8,618,3800000,300000,4700000,900000, Approved
6628,3, Not Graduate, No,300000,1500000,2,658,0,600000,900000,400000, Approved
6629,1, Graduate, No,600000,1100000,10,555,900000,300000,1400000,700000, Approved
6630,2, Not Graduate, Yes,9100000,20000000,6,529,19200000,6100000,23700000,4900000, Approved
6631,3, Not Graduate, Yes,8800000,25300000,10,900,8700000,10900000,26800000,13200000, Approved
6632,2, Graduate, Yes,8800000,27900000,2,707,6700000,9200000,24400000,5800000, Approved
6633,3, Not Graduate, No,5400000,21000000,20,726,13900000,3100000,19600000,4400000, Approved
6634,4, Not Graduate, Yes,9200000,25800000,10,900,9500000,9200000,26600000,12900000, Approved
6635,1, Not Graduate, Yes,6600000,14100000,10,885,600000,2800000,22400000,7100000, Approved
6636,1, Graduate, No,5700000,15700000,2,539,16200000,1900000,15000000,3700000, Approved
6637,4, Graduate, No,500000,1200000,8,438,500000,400000,1600000,600000, Rejected
6638,2, Graduate, No,2700000,7100000,14,566,400000,4500000,7100000,4300000, Approved
6639,0, Not Graduate, No,4800000,15500000,16,300,13600000,300000,17800000,2800000, Rejected
6640,2, Graduate, No,8400000,31800000,16,800,18900000,1800000,22700000,5900000, Approved
6641,3, Graduate, No,8800000,20600000,2,714,2300000,17600000,23400000,13400000, Approved
6642,4, Graduate, Yes,8200000,18400000,2,900,20000000,1300000,31200000,9300000, Approved
6643,4, Graduate, Yes,5300000,14600000,18,681,10600000,8700000,12700000,7300000, Approved
6644,5, Not Graduate, Yes,8000000,26000000,18,565,4700000,7500000,28200000,10700000, Approved
6645,1, Graduate, No,1700000,5400000,2,696,1400000,1300000,5000000,1400000, Approved
6646,5, Not Graduate, Yes,7300000,14900000,14,873,13600000,5000000,25600000,4300000, Approved
6647,2, Not Graduate, No,6500000,20200000,18,637,7500000,6700000,27000000,8700000, Rejected
6648,5, Not Graduate, Yes,7000000,21100000,18,868,19300000,11100000,19900000,10100000, Approved
6649,5, Graduate, No,4900000,13000000,8,719,1600000,0,11400000,5000000, Approved
6650,3, Graduate, No,5000000,13200000,4,608,11500000,2600000,19700000,6200000, Rejected
6651,0, Graduate, Yes,1000000,3600000,6,329,2500000,1500000,3400000,1300000, Rejected
6652,2, Graduate, Yes,5100000,19900000,20,595,7300000,9800000,19900000,3300000, Approved
6653,4, Not Graduate, Yes,5200000,10300000,18,386,8000000,4500000,18200000,4800000, Rejected
6654,1, Not Graduate, No,8500000,31100000,10,565,4800000,6300000,21100000,5500000, Approved
6655,4, Graduate, Yes,2400000,9400000,10,430,7000000,2100000,7200000,3100000, Rejected
6656,4, Graduate, No,5500000,19400000,14,579,13600000,6900000,19200000,7200000, Approved
6657,2, Not Graduate, Yes,5500000,18500000,10,501,6900000,4500000,18900000,4000000, Rejected
6658,4, Graduate, No,7800000,16400000,2,321,11000000,15700000,14800000,5900000, Rejected
6659,2, Not Graduate, No,8900000,19700000,12,822,6300000,10900000,19400000,8900000, Approved
6660,4, Not Graduate, Yes,2400000,7500000,16,565,6000000,4800000,6100000,2000000, Approved
6661,5, Not Graduate, No,2300000,8200000,4,443,200000,0,4900000,2300000, Rejected
6662,1, Graduate, Yes,3200000,11500000,20,559,4400000,2800000,11800000,1900000, Approved
6663,5, Not Graduate, Yes,6500000,23100000,12,858,2700000,3200000,19500000,7100000, Approved
6664,2, Graduate, Yes,8300000,31700000,6,704,17200000,900000,27000000,5700000, Approved
6665,4, Not Graduate, No,7500000,19600000,18,720,5200000,8800000,22100000,11400000, Rejected
6666,5, Graduate, No,2300000,5800000,20,698,5200000,1400000,4700000,1200000, Approved
6667,5, Not Graduate, Yes,1600000,5200000,4,456,800000,1400000,2700000,1200000, Approved
6668,0, Graduate, Yes,5100000,17400000,4,780,2100000,9800000,19700000,7900000, Approved
6669,2, Graduate, Yes,3900000,16100000,2,327,6200000,700000,13100000,2900000, Approved
6670,5, Graduate, No,8700000,35400000,12,823,21300000,10400000,20100000,11700000, Approved
6671,1, Graduate, Yes,6200000,13100000,12,714,1400000,4400000,20700000,7300000, Approved
6672,5, Graduate, Yes,5800000,11600000,2,731,16200000,3800000,16800000,5000000, Approved
6673,0, Not Graduate, No,4700000,11200000,18,569,7600000,0,18700000,2500000, Approved
6674,4, Graduate, No,1100000,2700000,8,875,1400000,2100000,2900000,1000000, Approved
6675,1, Graduate, Yes,10100000,37300000,6,512,21700000,17600000,32900000,5200000, Rejected
6676,3, Graduate, No,6700000,21500000,4,427,4200000,3000000,27000000,7200000, Approved
6677,0, Graduate, Yes,5100000,14300000,12,562,4000000,2700000,17800000,7500000, Approved
6678,3, Not Graduate, No,5400000,12200000,6,350,7800000,11200000,21100000,5600000, Rejected
6679,4, Graduate, No,2200000,5400000,16,484,5800000,3600000,5500000,2100000, Approved
6680,3, Graduate, Yes,1600000,6000000,10,498,4000000,2900000,7100000,900000, Rejected
6681,5, Not Graduate, No,2300000,6400000,18,300,5200000,3100000,5100000,2400000, Rejected
6682,0, Graduate, No,7600000,29100000,8,401,11000000,14100000,23200000,3500000, Rejected
6683,0, Not Graduate, Yes,9500000,35600000,16,613,9600000,11800000,28900000,5700000, Approved
6684,4, Not Graduate, Yes,900000,2600000,2,470,1400000,1200000,2300000,400000, Approved
6685,3, Not Graduate, Yes,800000,3200000,14,805,1800000,100000,3700000,1000000, Approved
6686,4, Graduate, No,7300000,18900000,6,471,1300000,5900000,15600000,5500000, Rejected
6687,0, Not Graduate, No,5200000,10700000,18,723,13100000,2500000,13400000,6800000, Approved
6688,3, Not Graduate, Yes,4600000,14400000,6,664,2400000,7200000,8200000,5000000, Approved
6689,1, Not Graduate, Yes,3800000,14200000,20,529,9200000,3600000,14400000,2800000, Rejected
6690,1, Graduate, Yes,1500000,4000000,6,395,4300000,1300000,5600000,700000, Rejected
6691,4, Graduate, Yes,6100000,20800000,4,869,13600000,900000,14800000,5500000, Approved
6692,5, Graduate, No,8700000,37600000,16,483,17700000,12100000,25000000,4900000, Rejected
6693,4, Graduate, Yes,6300000,20200000,8,861,17200000,5300000,15400000,9500000, Approved
6694,1, Not Graduate, No,8500000,20200000,2,689,12700000,600000,16700000,9100000, Approved
6695,3, Not Graduate, No,2400000,9000000,10,538,7100000,1900000,5900000,1900000, Rejected
6696,4, Graduate, No,7900000,25300000,4,666,4800000,12800000,29100000,4100000, Approved
6697,2, Graduate, Yes,2900000,8200000,10,547,7900000,4500000,10200000,1500000, Rejected
6698,0, Not Graduate, Yes,9200000,34600000,4,560,800000,14500000,24900000,13900000, Approved
6699,5, Not Graduate, No,2700000,8400000,8,824,5000000,1400000,7200000,2700000, Approved
6700,4, Graduate, No,800000,2500000,12,744,2100000,600000,1900000,400000, Approved
6701,4, Graduate, Yes,9900000,19200000,6,314,3200000,16900000,27400000,6500000, Rejected
6702,4, Not Graduate, Yes,5600000,14700000,12,622,14600000,8000000,12500000,4700000, Approved
6703,3, Graduate, No,8700000,35100000,18,648,3000000,10800000,31100000,11200000, Rejected
6704,0, Not Graduate, No,5600000,24000000,14,577,2400000,8600000,15000000,5400000, Approved
6705,4, Graduate, No,7900000,26600000,16,842,15600000,4200000,25000000,4100000, Approved
6706,4, Graduate, No,5400000,20100000,20,612,5000000,11100000,12100000,8200000, Approved
6707,4, Graduate, No,7400000,25900000,18,718,5900000,9200000,29500000,11100000, Approved
6708,1, Graduate, No,600000,2100000,10,346,400000,1100000,2300000,900000, Rejected
6709,4, Graduate, No,2000000,7200000,14,745,2700000,1000000,4800000,1500000, Approved
6710,0, Graduate, Yes,400000,1000000,18,484,1600000,400000,1800000,600000, Approved
6711,3, Not Graduate, No,3900000,11100000,6,778,10100000,1900000,12700000,2700000, Approved
6712,0, Not Graduate, Yes,5800000,21000000,8,535,4300000,6700000,20100000,6100000, Rejected
6713,3, Graduate, Yes,1700000,5100000,8,811,0,0,3700000,1900000, Approved
6714,4, Not Graduate, Yes,8700000,22600000,12,900,21600000,14000000,28000000,4300000, Approved
6715,1, Graduate, No,4700000,12200000,6,300,10700000,1300000,14900000,4000000, Rejected
6716,5, Graduate, No,1200000,3000000,4,363,1800000,0,2800000,500000, Rejected
6717,5, Not Graduate, No,4300000,13600000,16,565,9700000,7700000,11800000,3600000, Approved
6718,0, Not Graduate, No,2600000,9500000,18,899,2900000,1400000,4800000,2100000, Approved
6719,5, Not Graduate, Yes,5400000,16800000,2,343,1100000,4200000,19100000,4800000, Approved
6720,0, Not Graduate, Yes,9700000,23000000,12,380,24900000,15400000,26600000,8500000, Rejected
6721,3, Graduate, No,6700000,19000000,14,708,11000000,10000000,18500000,10000000, Approved
6722,2, Not Graduate, No,3300000,6600000,6,321,5900000,1800000,9700000,2700000, Rejected
6723,5, Not Graduate, No,4000000,13800000,6,540,6100000,5900000,11700000,6100000, Approved
6724,3, Graduate, Yes,7600000,28200000,16,573,3700000,8100000,21700000,7800000, Approved
6725,1, Graduate, Yes,7000000,23100000,16,668,17100000,0,22000000,9300000, Approved
6726,3, Graduate, Yes,4100000,10800000,12,309,1700000,4700000,7600000,4800000, Rejected
6727,1, Graduate, No,5600000,11500000,6,341,5900000,9600000,16700000,6600000, Rejected
6728,0, Not Graduate, Yes,5200000,10600000,18,712,12900000,2700000,12800000,7200000, Approved
6729,1, Graduate, No,800000,3100000,8,678,2200000,1200000,2700000,800000, Approved
6730,3, Not Graduate, No,9900000,28600000,16,756,23900000,21600000,27800000,11600000, Approved
6731,2, Not Graduate, No,1700000,4400000,18,444,4100000,1300000,6000000,1100000, Rejected
6732,2, Not Graduate, No,2000000,5200000,4,531,700000,600000,6700000,2900000, Rejected
6733,1, Graduate, Yes,7600000,24400000,10,635,7800000,500000,25800000,11400000, Approved
6734,4, Graduate, No,500000,900000,20,679,400000,500000,1500000,100000, Approved
6735,4, Graduate, Yes,7200000,25100000,6,560,5000000,0,23200000,4400000, Approved
6736,2, Not Graduate, Yes,3500000,9700000,6,737,7700000,3500000,9600000,2500000, Approved
6737,1, Graduate, No,7000000,23600000,4,499,3800000,8800000,17700000,4400000, Approved
6738,1, Graduate, No,2900000,11100000,20,453,6400000,2800000,8600000,2700000, Rejected
6739,4, Graduate, No,7600000,25500000,8,480,16400000,9300000,25600000,8000000, Rejected
6740,2, Graduate, No,300000,800000,8,728,600000,500000,300000,100000, Approved
6741,4, Graduate, No,8200000,19400000,6,357,4100000,15600000,18800000,13000000, Approved
6742,4, Graduate, Yes,1800000,4300000,14,454,1900000,2100000,4900000,1700000, Rejected
6743,2, Not Graduate, Yes,8400000,27300000,16,789,11200000,8500000,27600000,10100000, Approved
6744,0, Graduate, No,700000,1500000,10,624,1300000,100000,1600000,600000, Approved
6745,1, Graduate, Yes,4900000,14900000,6,631,7900000,6100000,13400000,6500000, Approved
6746,3, Not Graduate, No,5200000,14000000,10,301,800000,9400000,11600000,3000000, Rejected
6747,4, Graduate, Yes,5300000,14400000,12,438,9000000,200000,10100000,6600000, Rejected
6748,4, Graduate, Yes,600000,2400000,6,489,1700000,700000,2100000,300000, Rejected
6749,0, Not Graduate, Yes,9100000,32600000,8,511,12600000,15600000,31300000,6400000, Rejected
6750,2, Graduate, No,8200000,32400000,14,480,20000000,15300000,25800000,10600000, Rejected
6751,0, Graduate, No,3400000,9500000,6,703,600000,6500000,8200000,2700000, Approved
6752,5, Graduate, No,5300000,20800000,16,799,11000000,6700000,19900000,4000000, Approved
6753,2, Not Graduate, Yes,900000,2400000,6,774,1300000,0,2800000,600000, Approved
6754,5, Not Graduate, No,9200000,28900000,16,538,20900000,7500000,33900000,9400000, Rejected
6755,3, Graduate, Yes,6100000,22200000,6,489,14200000,12300000,23400000,7100000, Rejected
6756,2, Graduate, No,2400000,6900000,20,570,700000,1000000,5000000,2400000, Rejected
6757,4, Not Graduate, No,4300000,15600000,6,700,3500000,1600000,17800000,5700000, Approved
6758,4, Graduate, No,5200000,14500000,16,709,14600000,7900000,13500000,6700000, Approved
6759,0, Not Graduate, No,4700000,15400000,12,716,2600000,3500000,10900000,4600000, Approved
6760,4, Graduate, No,4300000,15200000,4,491,1300000,6400000,15200000,5300000, Approved
6761,0, Not Graduate, No,4400000,17800000,10,449,9900000,3500000,9600000,6200000, Rejected
6762,1, Graduate, Yes,9300000,29900000,18,471,1100000,3100000,20200000,5700000, Rejected
6763,5, Not Graduate, Yes,4200000,9100000,4,777,7900000,1100000,14800000,3000000, Approved
6764,4, Not Graduate, No,4600000,10000000,18,754,2400000,2400000,15700000,4400000, Approved
6765,5, Graduate, No,9100000,20500000,14,586,3300000,7500000,34400000,11300000, Approved
6766,0, Graduate, Yes,500000,1100000,4,837,700000,100000,1800000,200000, Approved
6767,0, Not Graduate, Yes,6900000,21200000,10,745,16200000,12100000,18700000,10100000, Approved
6768,5, Not Graduate, No,6100000,18900000,2,575,13600000,4100000,17900000,5100000, Approved
6769,0, Graduate, No,7600000,25300000,10,628,16800000,11000000,26000000,4400000, Approved
6770,0, Graduate, Yes,4800000,17400000,12,764,14500000,4100000,10100000,6600000, Approved
6771,1, Graduate, Yes,2200000,4900000,14,796,100000,600000,6200000,2300000, Approved
6772,5, Graduate, No,5500000,11900000,18,797,3900000,800000,18900000,5500000, Approved
6773,3, Not Graduate, Yes,6700000,23500000,12,675,16800000,10000000,26300000,7300000, Approved
6774,1, Graduate, No,3100000,10900000,12,478,3800000,1500000,10500000,4700000, Rejected
6775,1, Not Graduate, No,4200000,15000000,2,742,9400000,4300000,15700000,5100000, Approved
6776,0, Graduate, Yes,2700000,10500000,6,580,1300000,2800000,9500000,1800000, Approved
6777,4, Graduate, Yes,10000000,33400000,8,531,16000000,14800000,20300000,12400000, Rejected
6778,2, Not Graduate, No,7900000,26100000,16,767,8200000,4600000,23500000,9100000, Approved
6779,5, Graduate, Yes,9600000,24700000,18,645,13900000,600000,24200000,6500000, Approved
6780,5, Graduate, Yes,3100000,7400000,4,514,5000000,3000000,9800000,1800000, Rejected
6781,0, Graduate, Yes,2800000,8400000,6,786,1100000,4000000,7700000,1900000, Approved
6782,3, Graduate, Yes,7700000,27600000,12,415,15300000,1400000,23100000,8400000, Rejected
6783,3, Graduate, Yes,2200000,7700000,14,683,5600000,300000,5200000,2500000, Approved
6784,4, Not Graduate, No,4800000,17200000,10,697,6600000,5300000,13700000,3900000, Approved
6785,2, Graduate, Yes,1500000,4500000,4,751,1900000,2000000,5100000,600000, Approved
6786,3, Graduate, No,4500000,17200000,14,679,10800000,3600000,12300000,6200000, Approved
6787,4, Graduate, Yes,6200000,16500000,12,585,14700000,3100000,23000000,3700000, Approved
6788,3, Not Graduate, Yes,600000,1700000,14,519,0,1100000,1700000,700000, Rejected
6789,1, Graduate, No,1300000,3500000,20,687,3000000,1600000,2600000,800000, Approved
6790,1, Graduate, No,7400000,14700000,12,701,4500000,400000,24800000,7800000, Approved
6791,0, Not Graduate, No,5800000,12900000,6,334,8900000,7900000,20200000,8100000, Rejected
6792,4, Graduate, Yes,6100000,21700000,10,393,16500000,8100000,14700000,5800000, Rejected
6793,3, Graduate, No,8600000,16500000,8,847,4800000,8400000,19100000,9300000, Approved
6794,2, Not Graduate, No,9100000,25500000,16,797,23000000,11400000,28800000,5000000, Approved
6795,2, Not Graduate, Yes,4600000,17800000,2,545,7200000,2400000,14700000,4300000, Approved
6796,4, Not Graduate, No,400000,700000,6,900,400000,400000,700000,600000, Approved
6797,5, Not Graduate, Yes,5800000,17000000,2,376,1200000,4100000,18900000,5000000, Approved
6798,1, Graduate, Yes,1000000,2600000,4,376,1500000,1000000,3100000,1000000, Approved
6799,5, Not Graduate, No,2300000,6000000,18,300,6000000,3500000,5100000,2600000, Rejected
6800,5, Graduate, No,8200000,25100000,4,310,8900000,1200000,31000000,9400000, Rejected
6801,3, Not Graduate, Yes,2100000,7200000,4,315,3500000,2700000,6600000,2100000, Approved
6802,2, Graduate, No,3100000,7900000,14,558,3000000,0,7000000,1400000, Rejected
6803,3, Not Graduate, Yes,3900000,14300000,10,322,8000000,2200000,9000000,2200000, Rejected
6804,5, Graduate, No,600000,1600000,14,559,500000,800000,2000000,400000, Rejected
6805,3, Graduate, Yes,900000,2300000,10,499,800000,100000,2900000,600000, Rejected
6806,2, Graduate, No,5900000,19500000,8,460,6200000,2200000,21300000,7200000, Rejected
6807,0, Not Graduate, Yes,9300000,26000000,16,672,22000000,8100000,30800000,7600000, Approved
6808,4, Not Graduate, No,2900000,9700000,6,649,5000000,1700000,9900000,1800000, Approved
6809,0, Graduate, Yes,1400000,5600000,6,364,700000,1400000,5600000,1700000, Rejected
6810,0, Graduate, No,4300000,16800000,8,881,6900000,5700000,11800000,3800000, Approved
6811,2, Not Graduate, No,9500000,24300000,16,827,22900000,12800000,29500000,5100000, Approved
6812,2, Graduate, Yes,1700000,6600000,16,884,2100000,1300000,4400000,1900000, Approved
6813,5, Graduate, No,9300000,22800000,20,380,23400000,0,31200000,7100000, Approved
6814,1, Graduate, No,6600000,20900000,10,421,18400000,7600000,20900000,4800000, Rejected
6815,0, Graduate, No,9700000,27900000,18,365,12500000,16800000,19600000,8200000, Rejected
6816,1, Graduate, No,200000,100000,12,642,500000,200000,600000,100000, Approved
6817,5, Not Graduate, No,5100000,10900000,10,345,13400000,4800000,14600000,6600000, Rejected
6818,5, Not Graduate, No,6400000,23900000,18,606,10000000,8100000,19400000,8200000, Approved
6819,1, Not Graduate, No,9200000,26600000,6,368,12100000,14500000,27000000,10700000, Rejected
6820,4, Not Graduate, Yes,2900000,9400000,14,820,3000000,2900000,6600000,4200000, Approved
6821,4, Not Graduate, No,400000,900000,12,491,700000,100000,1100000,0, Rejected
6822,5, Graduate, No,7000000,15000000,12,691,5100000,12700000,14800000,9200000, Approved
6823,0, Graduate, No,6100000,21700000,6,791,14600000,2800000,23500000,8600000, Approved
6824,5, Graduate, Yes,4200000,9700000,4,346,7800000,7200000,11300000,4900000, Rejected
6825,1, Graduate, No,2800000,6700000,12,304,1900000,2000000,8600000,2200000, Rejected
6826,2, Graduate, Yes,3400000,7600000,4,594,3900000,6400000,12800000,2700000, Approved
6827,1, Not Graduate, Yes,4100000,8100000,16,332,3400000,2200000,15100000,3100000, Rejected
6828,4, Not Graduate, Yes,8000000,27700000,20,317,23100000,14200000,29700000,9200000, Rejected
6829,5, Not Graduate, No,3200000,10000000,2,721,5700000,1700000,10600000,3900000, Approved
6830,3, Graduate, Yes,5100000,15500000,16,645,1300000,5500000,12500000,4400000, Approved
6831,4, Not Graduate, Yes,1500000,3700000,12,618,3000000,900000,4700000,2000000, Approved
6832,0, Graduate, No,6300000,16400000,4,858,16000000,10900000,19600000,6000000, Approved
6833,1, Not Graduate, No,9700000,20900000,20,800,14600000,8600000,37100000,11000000, Approved
6834,3, Not Graduate, No,9700000,24200000,18,514,17400000,8600000,24600000,9700000, Approved
6835,2, Not Graduate, Yes,3600000,12600000,18,830,7700000,3800000,10100000,3500000, Approved
6836,5, Graduate, No,9600000,24300000,18,872,21000000,3600000,21200000,5700000, Approved
6837,4, Graduate, No,3100000,11900000,6,635,3200000,4400000,6900000,3900000, Approved
6838,4, Not Graduate, No,2400000,5000000,4,704,1400000,2700000,6900000,1400000, Approved
6839,1, Graduate, No,5700000,21400000,4,474,14800000,9700000,14900000,4700000, Rejected
6840,4, Not Graduate, No,7000000,30000000,8,737,14200000,14200000,19700000,9500000, Approved
6841,2, Graduate, No,9500000,20000000,12,755,3100000,10900000,40100000,14000000, Approved
6842,5, Graduate, No,1300000,3000000,20,583,1000000,2400000,3200000,1800000, Rejected
6843,1, Graduate, Yes,1000000,2900000,20,611,1700000,1800000,3700000,700000, Approved
6844,2, Graduate, Yes,5500000,12000000,12,867,0,7300000,16400000,5900000, Approved
6845,1, Graduate, Yes,5100000,18700000,14,698,5700000,9000000,17200000,6200000, Approved
6846,4, Not Graduate, Yes,8400000,18800000,6,342,7700000,9100000,31000000,4600000, Rejected
6847,5, Graduate, No,8400000,27400000,20,790,8200000,15100000,30300000,8200000, Approved
6848,2, Graduate, Yes,7700000,21300000,18,712,21900000,13200000,25800000,7200000, Approved
6849,3, Graduate, Yes,9000000,30700000,8,622,13300000,13400000,22500000,6100000, Approved
6850,3, Not Graduate, Yes,6000000,16100000,12,618,2500000,11000000,19600000,7600000, Approved
6851,1, Not Graduate, Yes,8200000,26000000,20,546,23400000,10900000,32200000,8200000, Rejected
6852,5, Graduate, Yes,9200000,25100000,18,650,16000000,500000,23400000,6200000, Approved
6853,4, Graduate, Yes,700000,2500000,4,570,1300000,700000,1800000,1200000, Approved
6854,5, Graduate, Yes,4200000,8900000,6,596,6800000,900000,9200000,2600000, Approved
6855,5, Graduate, Yes,3500000,10500000,20,699,8200000,900000,12400000,2200000, Approved
6856,5, Not Graduate, Yes,9800000,25200000,10,771,9700000,2900000,32000000,10000000, Approved
6857,5, Graduate, Yes,600000,2500000,12,398,500000,0,3300000,800000, Rejected
6858,4, Graduate, Yes,6500000,21200000,6,458,6500000,9500000,23500000,3900000, Rejected
6859,4, Graduate, No,9100000,36200000,4,774,13600000,10800000,40200000,14300000, Approved
6860,4, Graduate, No,9200000,34800000,6,822,26700000,900000,22800000,8900000, Approved
6861,2, Graduate, Yes,9500000,21700000,18,835,7100000,17300000,23700000,12600000, Approved
6862,5, Not Graduate, No,400000,1500000,12,513,300000,600000,1200000,100000, Rejected
6863,3, Graduate, Yes,7200000,21600000,20,897,22800000,13100000,24500000,9800000, Approved
6864,1, Not Graduate, Yes,2800000,5500000,6,423,4500000,1600000,6200000,2800000, Rejected
6865,2, Not Graduate, Yes,700000,2000000,18,557,600000,1300000,1500000,300000, Rejected
6866,2, Graduate, No,300000,900000,8,725,700000,400000,700000,300000, Approved
6867,2, Not Graduate, Yes,9800000,34700000,4,448,10100000,16300000,34200000,13100000, Approved
6868,1, Not Graduate, Yes,3800000,11500000,6,769,2100000,1900000,8800000,5500000, Approved
6869,5, Not Graduate, No,8400000,22700000,16,578,27600000,16200000,23600000,4500000, Approved
6870,5, Graduate, Yes,1700000,4300000,2,761,1400000,1000000,4200000,1000000, Approved
6871,4, Graduate, Yes,9800000,21300000,6,818,15500000,9700000,34300000,8300000, Rejected
6872,3, Graduate, No,4100000,11400000,20,336,11800000,5700000,17300000,5400000, Rejected
6873,2, Graduate, Yes,3700000,10700000,10,757,1900000,4000000,8700000,2900000, Approved
6874,0, Graduate, No,6900000,20700000,6,649,15000000,14800000,21400000,7300000, Approved
6875,0, Graduate, No,6100000,17200000,8,391,4300000,7000000,14000000,3200000, Rejected
6876,4, Not Graduate, Yes,400000,1000000,6,627,1000000,300000,1700000,400000, Rejected
6877,5, Graduate, No,9500000,35200000,6,738,4200000,600000,34100000,7800000, Approved
6878,1, Not Graduate, Yes,2800000,9800000,20,742,1300000,100000,11100000,2400000, Approved
6879,0, Not Graduate, Yes,8900000,18700000,10,352,1200000,1900000,29900000,8000000, Rejected
6880,0, Graduate, Yes,9500000,18500000,20,714,20300000,16600000,24700000,12600000, Approved
6881,1, Graduate, No,7300000,28400000,16,722,9400000,1000000,16500000,6900000, Approved
6882,3, Graduate, No,5800000,14200000,10,423,2500000,5500000,22800000,3700000, Rejected
6883,5, Not Graduate, Yes,6600000,26800000,4,893,1500000,4200000,22400000,7600000, Approved
6884,4, Not Graduate, Yes,2400000,5200000,20,685,1200000,4100000,6900000,3700000, Approved
6885,5, Not Graduate, Yes,1700000,5500000,16,816,1600000,1200000,4100000,1100000, Approved
6886,2, Not Graduate, No,8500000,28700000,10,610,10400000,5000000,34700000,11900000, Approved
6887,3, Graduate, Yes,9700000,19200000,2,734,13400000,3700000,20600000,9100000, Approved
6888,3, Not Graduate, No,2000000,5800000,8,806,3000000,3200000,5500000,800000, Approved
6889,1, Graduate, No,7600000,26900000,20,711,14000000,3000000,18700000,8800000, Rejected
6890,0, Graduate, Yes,6400000,17900000,16,757,16300000,6800000,15900000,3000000, Approved
6891,1, Not Graduate, Yes,5000000,15000000,2,356,7200000,9000000,12100000,5500000, Approved
6892,1, Graduate, No,8900000,19500000,4,364,24800000,2100000,31500000,14600000, Rejected
6893,0, Not Graduate, Yes,1500000,3500000,8,858,0,2700000,4300000,1500000, Approved
6894,5, Not Graduate, No,8100000,17800000,20,820,13000000,1300000,27000000,13000000, Approved
6895,1, Graduate, No,6400000,22300000,4,652,4700000,10200000,17900000,7300000, Approved
6896,2, Not Graduate, Yes,9800000,37900000,8,883,21900000,18700000,18800000,11500000, Approved
6897,3, Graduate, Yes,600000,2000000,18,602,0,600000,1000000,300000, Approved
6898,0, Graduate, No,2900000,7000000,6,659,3500000,2400000,5900000,2900000, Approved
6899,1, Not Graduate, No,2400000,6500000,20,502,4800000,1000000,8700000,1500000, Rejected
6900,2, Graduate, Yes,2300000,5700000,16,638,4800000,2600000,7300000,1900000, Approved
6901,4, Not Graduate, Yes,1700000,4800000,20,637,4000000,900000,4000000,1500000, Approved
6902,2, Not Graduate, No,3000000,11000000,10,742,5300000,5800000,8600000,1800000, Approved
6903,4, Not Graduate, No,3600000,8100000,4,304,11400000,4300000,10400000,3400000, Rejected
6904,0, Graduate, Yes,900000,3200000,8,314,600000,600000,3400000,700000, Rejected
6905,0, Not Graduate, Yes,7800000,23500000,20,767,18500000,16100000,21600000,7100000, Approved
6906,4, Not Graduate, No,3200000,7700000,12,564,9700000,5200000,9800000,3300000, Approved
6907,4, Not Graduate, No,9500000,26900000,14,861,4500000,1800000,35300000,11100000, Approved
6908,3, Graduate, No,4800000,12400000,14,873,4500000,8000000,20000000,5700000, Approved
6909,4, Graduate, Yes,4500000,11400000,2,516,8900000,4000000,16900000,3700000, Rejected
6910,3, Not Graduate, Yes,4000000,9300000,2,375,500000,8600000,8400000,4300000, Rejected
6911,1, Not Graduate, No,3400000,10600000,4,516,8100000,6300000,14200000,2800000, Approved
6912,2, Graduate, Yes,200000,400000,8,900,0,0,300000,300000, Rejected
6913,4, Graduate, Yes,400000,2100000,8,491,1500000,500000,2000000,200000, Approved
6914,4, Graduate, Yes,10100000,34800000,14,711,6700000,16900000,26900000,4700000, Approved
6915,0, Not Graduate, No,8300000,19700000,20,591,5000000,8600000,32600000,11000000, Approved
6916,1, Not Graduate, Yes,8300000,28900000,12,477,13500000,9600000,18000000,7500000, Rejected
6917,1, Graduate, No,2900000,11300000,20,486,4900000,2800000,8100000,3100000, Rejected
6918,1, Graduate, Yes,9100000,31900000,10,465,28000000,2000000,33900000,5300000, Rejected
6919,0, Graduate, Yes,9100000,30000000,12,353,11900000,1400000,37800000,8200000, Rejected
6920,4, Graduate, No,4400000,14300000,4,467,1200000,6500000,15800000,5500000, Approved
6921,3, Graduate, No,4100000,10800000,6,555,10400000,4400000,14400000,5500000, Approved
6922,1, Not Graduate, Yes,5500000,21700000,2,544,3300000,6100000,21500000,5900000, Approved
6923,2, Graduate, No,9900000,32300000,4,517,22900000,16900000,26400000,8100000, Approved
6924,0, Not Graduate, Yes,7600000,26000000,16,454,14700000,3200000,16800000,11200000, Approved
6925,2, Not Graduate, Yes,5900000,18900000,18,508,10200000,800000,12300000,6900000, Rejected
6926,2, Graduate, No,5300000,12800000,10,514,4400000,9600000,20400000,2800000, Rejected
6927,2, Not Graduate, No,9300000,18800000,14,629,14800000,13100000,26800000,6600000, Approved
6928,4, Graduate, Yes,4300000,10800000,12,767,11800000,5900000,14900000,4500000, Approved
6929,1, Graduate, No,1000000,3700000,18,474,1700000,1100000,2900000,500000, Rejected
6930,5, Not Graduate, No,4400000,15100000,4,889,8400000,6200000,15700000,3800000, Approved
6931,0, Graduate, Yes,9400000,20700000,16,433,7100000,2200000,36700000,7600000, Rejected
6932,1, Not Graduate, Yes,2200000,6700000,8,587,3800000,1800000,7300000,2700000, Approved
6933,1, Graduate, Yes,2400000,8500000,8,681,5800000,3300000,5200000,2300000, Approved
6934,2, Graduate, No,5400000,18300000,16,595,14300000,2000000,14900000,4100000, Approved
6935,3, Not Graduate, Yes,8900000,26300000,2,705,6500000,11700000,23400000,5600000, Approved
6936,3, Graduate, Yes,4800000,14000000,8,571,12300000,6900000,16700000,4800000, Approved
6937,2, Not Graduate, Yes,5500000,17300000,14,864,400000,10000000,13900000,5100000, Approved
6938,1, Not Graduate, No,6500000,14200000,20,392,7400000,5200000,24400000,8400000, Rejected
6939,1, Not Graduate, Yes,3500000,14500000,20,565,8700000,3500000,14100000,3000000, Rejected
6940,1, Graduate, Yes,7700000,30300000,10,733,24500000,8600000,25100000,10000000, Approved
6941,3, Graduate, Yes,8200000,19000000,2,594,9100000,2800000,16600000,9600000, Approved
6942,0, Not Graduate, No,1400000,2600000,2,626,2500000,1000000,5900000,1100000, Approved
6943,3, Not Graduate, Yes,5500000,17200000,8,881,5700000,7600000,18900000,3100000, Approved
6944,5, Graduate, Yes,3500000,12300000,12,814,11100000,2800000,10700000,4800000, Approved
6945,2, Not Graduate, No,7000000,23800000,10,350,18700000,12600000,14600000,8500000, Rejected
6946,5, Graduate, No,4600000,10600000,8,756,3900000,4600000,15000000,2800000, Approved
6947,1, Graduate, No,9100000,29200000,16,704,13000000,16300000,20000000,10400000, Approved
6948,2, Not Graduate, No,7000000,26500000,8,422,19000000,8100000,25800000,4300000, Rejected
6949,0, Not Graduate, No,2000000,3800000,16,552,800000,400000,4100000,1900000, Rejected
6950,4, Graduate, Yes,300000,1000000,12,705,400000,200000,900000,0, Approved
6951,2, Not Graduate, Yes,2500000,9500000,10,709,6300000,4200000,9600000,3600000, Approved
6952,1, Not Graduate, No,6400000,16400000,6,877,1900000,100000,24500000,9300000, Approved
6953,3, Graduate, No,1600000,3200000,4,742,2100000,400000,3600000,1500000, Approved
6954,3, Graduate, Yes,3000000,6800000,6,398,2100000,5300000,9500000,2700000, Rejected
6955,5, Graduate, Yes,5500000,10600000,10,435,300000,8000000,21500000,6000000, Rejected
6956,1, Graduate, No,7100000,25900000,16,796,900000,2800000,28600000,5100000, Approved
6957,1, Not Graduate, No,6800000,22700000,4,402,11500000,11300000,16900000,3600000, Approved
6958,4, Not Graduate, No,5800000,23400000,20,341,10700000,5000000,22800000,4800000, Rejected
6959,2, Graduate, No,9100000,29500000,6,345,19400000,14900000,20700000,9300000, Rejected
6960,5, Not Graduate, Yes,6500000,19800000,14,411,5100000,1600000,17200000,8300000, Rejected
6961,2, Not Graduate, No,5000000,13400000,8,360,10500000,8700000,17800000,3300000, Rejected
6962,2, Graduate, No,1600000,5400000,10,598,5100000,2600000,4600000,1900000, Approved
6963,0, Not Graduate, No,8900000,32600000,8,831,11500000,8600000,36600000,11200000, Approved
6964,3, Not Graduate, No,8700000,19200000,12,703,26800000,8000000,30900000,13300000, Approved
6965,4, Not Graduate, No,4400000,11800000,2,565,10800000,3900000,9200000,3200000, Rejected
6966,2, Not Graduate, Yes,8300000,18100000,2,366,1000000,700000,28800000,6800000, Rejected
6967,3, Not Graduate, Yes,300000,900000,18,563,300000,0,400000,0, Rejected
6968,0, Graduate, No,9500000,23800000,10,318,13800000,18200000,30600000,10800000, Rejected
6969,1, Not Graduate, Yes,9500000,33200000,14,477,4400000,16000000,30300000,11200000, Rejected
6970,2, Not Graduate, Yes,5000000,18600000,14,777,3300000,4600000,9400000,6400000, Approved
6971,1, Not Graduate, Yes,3900000,8300000,18,541,800000,400000,9600000,2200000, Rejected
6972,3, Graduate, Yes,3000000,7000000,2,544,3900000,4800000,11200000,4400000, Rejected
6973,4, Not Graduate, Yes,8100000,17700000,10,613,15800000,3100000,19500000,12200000, Approved
6974,0, Not Graduate, No,900000,2300000,12,305,2000000,400000,3700000,1400000, Rejected
6975,0, Graduate, No,1800000,7400000,10,831,800000,500000,3900000,1700000, Rejected
6976,4, Not Graduate, Yes,4100000,9500000,10,506,10700000,7200000,13900000,5100000, Rejected
6977,1, Graduate, Yes,10500000,20600000,2,900,18000000,16300000,36800000,10500000, Approved
6978,2, Graduate, No,500000,1500000,4,876,1600000,300000,1500000,600000, Approved
6979,2, Graduate, No,7800000,31400000,16,808,21600000,1900000,22300000,5600000, Approved
6980,0, Graduate, Yes,5500000,14900000,2,421,7400000,8800000,20500000,4100000, Rejected
6981,0, Not Graduate, No,4600000,12200000,18,595,6400000,0,19800000,2300000, Approved
6982,5, Not Graduate, No,2700000,5600000,2,798,1300000,2000000,7200000,2600000, Approved
6983,3, Not Graduate, Yes,4100000,9300000,10,491,12400000,7700000,13300000,5000000, Rejected
6984,0, Not Graduate, No,5100000,16700000,12,715,2400000,3200000,11300000,4400000, Approved
6985,1, Graduate, Yes,9700000,21800000,4,870,17000000,16300000,38800000,10700000, Approved
6986,2, Not Graduate, No,4300000,14300000,18,760,6000000,7900000,10400000,2300000, Approved
6987,3, Graduate, Yes,7800000,30100000,10,440,6500000,7200000,22600000,11400000, Rejected
6988,3, Graduate, Yes,3300000,9900000,6,368,4300000,400000,10900000,4200000, Rejected
6989,0, Graduate, No,7700000,23200000,10,321,23700000,12100000,18700000,11800000, Rejected
6990,3, Not Graduate, Yes,5900000,20900000,18,487,600000,8600000,17100000,7300000, Rejected
6991,5, Graduate, No,5300000,18900000,2,515,7800000,2500000,17600000,3800000, Approved
6992,4, Graduate, No,9700000,36700000,18,342,18400000,4700000,19800000,5100000, Rejected
6993,3, Graduate, Yes,1500000,5400000,6,363,200000,200000,5500000,900000, Rejected
6994,4, Graduate, No,7300000,23700000,18,697,14100000,400000,17900000,8800000, Approved
6995,0, Not Graduate, No,3000000,9700000,14,365,5800000,2400000,11600000,4600000, Rejected
6996,3, Not Graduate, No,9200000,20100000,14,349,2200000,6800000,23500000,8000000, Rejected
6997,0, Not Graduate, Yes,3200000,8900000,20,749,3700000,3800000,6900000,2400000, Approved
6998,4, Not Graduate, Yes,6400000,21100000,6,770,700000,7600000,23300000,5900000, Approved
6999,4, Not Graduate, Yes,3500000,11100000,16,841,10900000,7200000,11000000,4600000, Approved
7000,0, Not Graduate, No,7400000,24200000,14,717,15200000,10800000,14900000,6700000, Approved
7001,4, Not Graduate, Yes,9900000,29400000,12,835,300000,6800000,39300000,5500000, Approved
7002,4, Graduate, Yes,6300000,13200000,2,404,10000000,1900000,20100000,4000000, Rejected
7003,4, Graduate, Yes,8000000,21100000,16,483,2100000,5500000,23300000,7600000, Rejected
7004,3, Graduate, Yes,1000000,2500000,6,777,2900000,500000,2000000,600000, Approved
7005,5, Graduate, Yes,6200000,20900000,16,733,300000,5300000,18100000,9700000, Approved
7006,2, Not Graduate, No,8000000,25900000,10,436,11000000,4400000,29000000,4300000, Rejected
7007,5, Not Graduate, Yes,3300000,7600000,16,651,9100000,400000,7000000,4900000, Approved
7008,3, Not Graduate, No,8400000,28000000,14,627,21600000,8800000,23600000,4300000, Approved
7009,0, Graduate, No,5000000,12400000,16,806,4700000,2200000,11400000,5000000, Approved
7010,1, Not Graduate, No,9200000,21800000,18,807,800000,12400000,31000000,12800000, Approved
7011,0, Not Graduate, No,4700000,16400000,10,408,4800000,7900000,16800000,6300000, Rejected
7012,3, Graduate, Yes,9500000,18700000,20,300,15200000,10400000,20600000,4100000, Approved
7013,5, Graduate, Yes,7000000,21100000,2,814,10400000,1800000,19800000,7000000, Rejected
7014,4, Not Graduate, No,7200000,16900000,8,391,4000000,5300000,18400000,8900000, Rejected
7015,0, Graduate, Yes,5500000,12900000,20,815,16000000,6900000,11200000,5400000, Rejected
7016,4, Not Graduate, No,5700000,22700000,12,582,16700000,1100000,21000000,5500000, Approved
7017,1, Not Graduate, No,4800000,12500000,2,622,14200000,6600000,13700000,5400000, Rejected
7018,2, Graduate, No,7900000,31800000,16,811,18100000,2000000,22200000,5100000, Approved
7019,0, Graduate, Yes,2700000,8500000,6,736,1200000,3900000,7300000,2100000, Approved
7020,0, Not Graduate, No,2700000,10300000,8,758,5200000,1300000,6400000,1600000, Approved
7021,3, Graduate, No,1500000,3300000,4,759,1900000,300000,3500000,1400000, Approved
7022,4, Graduate, No,800000,3400000,18,708,500000,800000,2000000,1100000, Approved
7023,0, Graduate, Yes,3400000,10600000,4,362,8800000,4900000,9100000,2500000, Approved
7024,4, Graduate, Yes,7000000,16600000,18,851,18100000,4300000,22800000,5200000, Rejected
7025,4, Not Graduate, No,7000000,18000000,8,326,16400000,9400000,18000000,8700000, Rejected
7026,2, Not Graduate, No,1400000,4400000,16,737,2600000,800000,5300000,1200000, Approved
7027,1, Graduate, No,1500000,4600000,12,402,800000,600000,3900000,1600000, Rejected
7028,1, Graduate, Yes,2000000,6300000,20,677,1100000,3500000,5000000,1800000, Approved
7029,0, Graduate, Yes,5300000,17900000,12,778,15000000,3900000,10100000,5500000, Approved
7030,0, Graduate, No,2800000,7600000,4,666,3500000,2500000,5500000,3100000, Approved
7031,3, Not Graduate, No,8500000,25000000,12,497,26700000,12700000,21000000,6100000, Approved
7032,0, Not Graduate, Yes,2500000,9000000,14,438,7200000,1400000,8400000,3700000, Rejected
7033,5, Not Graduate, Yes,6500000,24000000,2,525,600000,9700000,16500000,7600000, Approved
7034,4, Graduate, No,4300000,16200000,14,446,8600000,7600000,16000000,4200000, Rejected
7035,5, Graduate, No,3400000,8900000,18,675,8300000,1900000,10900000,2700000, Approved
7036,4, Graduate, No,1600000,4300000,12,586,600000,1700000,4200000,2000000, Approved
7037,4, Graduate, No,3000000,11800000,4,644,3300000,4400000,6100000,3900000, Approved
7038,1, Not Graduate, No,5600000,16200000,18,624,200000,10200000,16700000,4800000, Approved
7039,3, Graduate, No,3800000,9400000,6,471,10000000,600000,10400000,3700000, Rejected
7040,4, Not Graduate, No,1400000,3300000,8,893,1500000,0,4900000,1600000, Approved
7041,4, Graduate, Yes,5600000,18200000,12,587,3100000,700000,21200000,5000000, Approved
7042,3, Graduate, Yes,3100000,11000000,14,766,3500000,6000000,8700000,2100000, Approved
7043,1, Graduate, Yes,6800000,20200000,20,441,9500000,8000000,25100000,8600000, Rejected
7044,2, Not Graduate, No,1300000,3700000,16,530,3300000,1700000,3600000,900000, Rejected
7045,0, Not Graduate, Yes,3200000,7400000,12,783,8500000,2300000,7600000,4200000, Approved
7046,2, Not Graduate, No,4400000,13300000,18,465,9100000,900000,13700000,6100000, Rejected
7047,3, Not Graduate, Yes,1100000,3600000,12,521,3000000,400000,2300000,1200000, Rejected
7048,0, Not Graduate, No,7100000,24700000,14,682,13300000,9000000,21700000,6900000, Approved
7049,2, Not Graduate, Yes,7600000,27900000,10,760,20600000,3000000,16200000,4300000, Approved
7050,2, Not Graduate, Yes,8600000,21200000,12,322,6400000,11300000,17800000,9400000, Rejected
7051,0, Graduate, Yes,5400000,12900000,20,846,14600000,6700000,12200000,5000000, Approved
7052,5, Graduate, No,9500000,23900000,16,829,22100000,3500000,23100000,5700000, Approved
7053,3, Not Graduate, No,2800000,7600000,2,777,8700000,2900000,8700000,3300000, Approved
7054,1, Not Graduate, No,1100000,4800000,20,324,2100000,1600000,2600000,1400000, Rejected
7055,5, Graduate, No,4900000,13300000,10,844,13300000,3700000,14100000,6500000, Approved
7056,0, Not Graduate, Yes,1700000,3800000,2,462,3800000,2400000,4800000,1400000, Rejected
7057,2, Graduate, No,3300000,12100000,14,843,3500000,2500000,8800000,1900000, Approved
7058,4, Graduate, No,6000000,11600000,12,795,8800000,9000000,13100000,3100000, Approved
7059,3, Not Graduate, No,7800000,24300000,8,335,1000000,1000000,19800000,9600000, Rejected
7060,2, Not Graduate, No,700000,1000000,8,824,1400000,100000,2200000,900000, Approved
7061,5, Graduate, Yes,3400000,14900000,10,524,3000000,5300000,11800000,3300000, Rejected
7062,1, Graduate, Yes,5900000,12200000,4,709,4100000,700000,19300000,3800000, Approved
7063,2, Not Graduate, No,5200000,15300000,12,673,12400000,5200000,18100000,4100000, Approved
7064,4, Graduate, No,800000,2600000,14,756,2000000,500000,1900000,400000, Rejected
7065,1, Not Graduate, Yes,2800000,9000000,12,501,2300000,4000000,10200000,3300000, Rejected
7066,2, Graduate, Yes,1200000,4600000,20,628,3700000,1400000,4400000,500000, Approved
7067,4, Graduate, Yes,1700000,6400000,6,530,4100000,2300000,6200000,1100000, Approved
7068,2, Graduate, No,5100000,15800000,8,657,1200000,6400000,12500000,3300000, Approved
7069,5, Graduate, Yes,9100000,25500000,2,533,24400000,12000000,20500000,12000000, Rejected
7070,5, Not Graduate, Yes,4600000,13800000,2,787,3400000,7800000,16000000,2700000, Approved
7071,4, Graduate, Yes,9500000,20200000,6,664,1200000,8600000,19800000,7100000, Approved
7072,2, Not Graduate, No,2800000,6800000,6,387,7800000,900000,8600000,2100000, Rejected
7073,3, Graduate, Yes,3500000,10100000,12,627,9700000,5400000,9900000,2400000, Approved
7074,1, Graduate, Yes,9500000,23700000,2,558,28000000,0,20200000,12500000, Rejected
7075,5, Not Graduate, Yes,1700000,5500000,18,381,600000,1600000,3800000,2500000, Rejected
7076,0, Graduate, No,3500000,8900000,12,809,5100000,300000,8500000,3300000, Approved
7077,0, Not Graduate, Yes,5600000,19600000,8,521,4400000,6800000,19800000,5600000, Rejected
7078,5, Not Graduate, No,4700000,17200000,10,663,7200000,5600000,12200000,3100000, Approved
7079,0, Not Graduate, Yes,5700000,14900000,4,850,4500000,9200000,20900000,3000000, Approved
7080,3, Not Graduate, No,2000000,5900000,8,807,3000000,3100000,5200000,900000, Approved
7081,4, Graduate, No,2700000,6200000,16,683,100000,3000000,6900000,4000000, Approved
7082,4, Graduate, Yes,9200000,27300000,2,378,16400000,5900000,27200000,6000000, Approved
7083,0, Graduate, No,8700000,32800000,2,900,23900000,15600000,19400000,5300000, Approved
7084,5, Graduate, Yes,2700000,10200000,2,707,2700000,700000,11000000,1400000, Approved
7085,0, Graduate, No,3000000,9600000,16,416,5100000,4300000,8700000,2400000, Rejected
7086,0, Not Graduate, No,6700000,23700000,6,524,2900000,1400000,24000000,8500000, Approved
7087,3, Not Graduate, Yes,9000000,24400000,2,755,7700000,4200000,33700000,13700000, Approved
7088,4, Not Graduate, No,1700000,5800000,18,544,2900000,700000,5500000,1200000, Approved
7089,0, Graduate, Yes,5800000,23700000,18,866,16500000,6600000,15000000,7700000, Approved
7090,5, Not Graduate, Yes,3900000,12600000,8,316,8400000,900000,13000000,3100000, Rejected
7091,4, Graduate, Yes,6400000,18600000,10,369,15600000,8800000,19000000,6100000, Rejected
7092,2, Graduate, No,1900000,4000000,20,584,3900000,1400000,5000000,2600000, Approved
7093,0, Graduate, Yes,9200000,25500000,8,727,600000,6700000,26200000,6000000, Approved
7094,5, Not Graduate, Yes,7400000,15600000,2,787,17300000,2700000,19100000,8400000, Approved
7095,5, Not Graduate, Yes,3300000,11800000,16,638,6100000,6300000,11800000,4700000, Approved
7096,4, Graduate, No,5400000,13500000,14,829,14800000,9500000,21800000,8200000, Approved
7097,3, Graduate, Yes,5100000,17000000,8,306,11900000,7800000,15900000,4700000, Rejected
7098,5, Graduate, No,3800000,14400000,12,565,4500000,2800000,8100000,2800000, Rejected
7099,5, Not Graduate, Yes,9400000,37200000,16,545,3900000,15500000,30800000,5600000, Rejected
7100,2, Not Graduate, No,4900000,10400000,10,587,4000000,5000000,14800000,4700000, Approved
7101,3, Not Graduate, No,2300000,8600000,8,698,3300000,2400000,6500000,1700000, Approved
7102,3, Graduate, Yes,8200000,25200000,12,465,20300000,6700000,16600000,8800000, Rejected
7103,2, Not Graduate, Yes,2600000,7600000,16,309,5500000,3500000,4600000,2600000, Rejected
7104,1, Graduate, Yes,4900000,15100000,6,633,7700000,6100000,14200000,6400000, Approved
7105,0, Not Graduate, Yes,2500000,8600000,14,384,7100000,1300000,8000000,3700000, Approved
7106,5, Graduate, Yes,6800000,18300000,10,338,15700000,10900000,20600000,5800000, Rejected
7107,5, Not Graduate, No,2000000,7900000,20,705,5200000,2900000,6800000,2800000, Approved
7108,5, Graduate, Yes,2600000,8800000,18,672,1100000,0,8000000,2500000, Approved
7109,4, Graduate, No,8100000,29800000,4,438,12700000,13900000,17800000,11900000, Approved
7110,5, Graduate, No,6300000,25700000,6,755,7500000,9300000,15100000,8600000, Approved
7111,5, Not Graduate, No,9200000,21700000,14,594,3400000,7600000,35900000,10700000, Approved
7112,5, Not Graduate, Yes,9300000,25600000,2,751,8500000,9800000,28300000,6900000, Approved
7113,4, Graduate, No,900000,2400000,12,311,2800000,300000,3300000,800000, Rejected
7114,3, Graduate, Yes,8800000,31300000,8,567,13400000,12200000,21200000,6000000, Rejected
7115,3, Not Graduate, No,7500000,26800000,12,738,3100000,3100000,22500000,10500000, Approved
7116,5, Graduate, Yes,2700000,5900000,6,478,3500000,2000000,6900000,3400000, Rejected
7117,1, Graduate, No,6400000,16400000,2,729,5700000,7200000,16400000,6900000, Approved
7118,2, Not Graduate, Yes,3800000,9000000,18,366,200000,5600000,12200000,2200000, Rejected
7119,2, Graduate, No,1700000,3800000,20,554,4600000,1300000,4800000,2600000, Approved
7120,1, Not Graduate, Yes,7600000,27600000,6,420,1300000,800000,19500000,11100000, Approved
7121,1, Not Graduate, No,8100000,25600000,14,388,15300000,5800000,34200000,8600000, Rejected
7122,1, Not Graduate, Yes,9800000,33000000,18,451,14500000,18000000,20300000,5000000, Rejected
7123,1, Graduate, Yes,500000,1700000,8,813,1000000,700000,2100000,700000, Approved
7124,2, Not Graduate, No,1700000,5300000,20,796,2700000,500000,3700000,1200000, Approved
7125,5, Graduate, Yes,0,400000,18,801,200000,300000,300000,400000, Approved
7126,0, Graduate, No,800000,1700000,2,599,500000,500000,2200000,200000, Approved
7127,1, Not Graduate, No,1500000,4200000,14,820,1400000,1100000,4400000,900000, Approved
7128,1, Not Graduate, No,6600000,18500000,16,830,5600000,10500000,13700000,4300000, Approved
7129,2, Not Graduate, Yes,2200000,5700000,16,433,500000,300000,7200000,1300000, Rejected
7130,2, Not Graduate, Yes,9100000,28100000,18,787,23200000,11500000,26400000,11200000, Approved
7131,1, Not Graduate, Yes,9200000,23200000,20,538,2900000,18200000,27400000,3900000, Rejected
7132,0, Not Graduate, Yes,9100000,27700000,12,539,2400000,6600000,19500000,7000000, Rejected
7133,1, Graduate, Yes,3200000,11600000,4,707,3600000,5300000,12600000,1700000, Approved
7134,5, Graduate, No,9200000,21300000,18,610,14400000,12300000,31100000,8700000, Approved
7135,4, Not Graduate, No,6200000,19500000,2,752,16700000,8200000,20800000,7900000, Approved
7136,5, Graduate, No,1000000,3800000,18,512,400000,1800000,2400000,700000, Rejected
7137,5, Not Graduate, Yes,6900000,24300000,14,833,3200000,3100000,19300000,7400000, Approved
7138,1, Graduate, No,3100000,11300000,14,832,5100000,3500000,7400000,2400000, Approved
7139,0, Not Graduate, Yes,8400000,31200000,2,745,17200000,1500000,28600000,7500000, Approved
7140,4, Graduate, Yes,3000000,7000000,6,403,2100000,5900000,10000000,2500000, Rejected
7141,3, Graduate, No,5700000,16600000,18,797,1800000,2200000,20300000,3600000, Approved
7142,3, Not Graduate, No,4300000,11500000,6,332,4800000,3900000,9800000,3100000, Rejected
7143,4, Not Graduate, Yes,7800000,18800000,20,381,200000,12700000,23900000,10200000, Rejected
7144,1, Not Graduate, No,8700000,29000000,16,900,18300000,7700000,29800000,10800000, Approved
7145,2, Graduate, Yes,4800000,13300000,20,339,11600000,4100000,13000000,4400000, Rejected
7146,0, Not Graduate, No,3400000,12000000,16,858,3400000,2100000,10000000,2900000, Approved
7147,4, Not Graduate, No,6200000,13100000,20,539,14500000,10900000,17600000,7700000, Rejected
7148,1, Graduate, No,5100000,11500000,6,683,14400000,8000000,17900000,2700000, Approved
7149,4, Not Graduate, No,6900000,14100000,14,557,13400000,10100000,18200000,6000000, Rejected
7150,4, Not Graduate, No,7900000,29800000,18,385,14900000,3600000,23600000,6900000, Rejected
7151,2, Not Graduate, Yes,8100000,28300000,18,815,23100000,10000000,18100000,8200000, Approved
7152,3, Graduate, No,2200000,8600000,6,749,900000,3200000,4900000,1000000, Approved
7153,1, Not Graduate, No,2900000,7000000,18,613,8100000,300000,7900000,1700000, Approved
7154,4, Graduate, No,8300000,24600000,20,402,19600000,11400000,18000000,10600000, Rejected
7155,4, Not Graduate, Yes,4200000,9500000,20,869,7600000,900000,9200000,3600000, Approved
7156,5, Graduate, Yes,5300000,17400000,16,517,9400000,8800000,14700000,4400000, Rejected
7157,4, Graduate, No,8900000,19500000,14,715,13900000,12800000,34000000,8700000, Approved
7158,3, Not Graduate, No,400000,500000,6,900,400000,400000,600000,300000, Approved
7159,0, Not Graduate, Yes,8400000,23100000,14,717,18200000,17200000,23000000,11900000, Approved
7160,1, Graduate, Yes,700000,2000000,10,336,400000,1100000,2300000,700000, Rejected
7161,5, Graduate, Yes,4100000,11200000,14,384,6200000,1600000,8800000,5100000, Rejected
7162,1, Not Graduate, Yes,1300000,3300000,6,821,3700000,2000000,4300000,900000, Approved
7163,1, Not Graduate, No,7800000,32400000,14,476,14000000,9700000,18200000,7400000, Rejected
7164,2, Not Graduate, Yes,8700000,18700000,18,498,25100000,15800000,25500000,11700000, Rejected
7165,4, Not Graduate, Yes,3300000,12700000,8,650,4500000,2800000,7800000,3700000, Approved
7166,5, Not Graduate, Yes,6300000,12200000,12,668,11800000,5600000,13600000,7600000, Approved
7167,4, Graduate, No,4600000,16500000,16,795,4400000,8200000,10900000,2700000, Approved
7168,0, Graduate, No,6300000,22100000,6,767,13800000,2600000,24300000,9300000, Approved
7169,3, Graduate, Yes,4200000,14000000,6,684,6000000,3700000,11900000,5900000, Approved
7170,3, Not Graduate, No,6100000,12600000,14,672,17400000,9900000,25000000,3800000, Approved
7171,4, Graduate, No,4500000,15700000,6,851,3400000,2600000,13500000,5100000, Approved
7172,2, Not Graduate, Yes,9400000,37200000,8,900,23000000,18100000,20100000,11400000, Approved
7173,4, Not Graduate, Yes,8800000,28300000,18,376,7400000,10200000,24700000,12100000, Rejected
7174,1, Graduate, No,6500000,18000000,18,846,4200000,5600000,14900000,5300000, Approved
7175,1, Graduate, Yes,4400000,14200000,8,896,11500000,6300000,9700000,2400000, Approved
7176,4, Graduate, Yes,6300000,21900000,16,892,11000000,3300000,13000000,4200000, Approved
7177,0, Graduate, Yes,5800000,21600000,8,650,600000,3400000,21900000,5000000, Rejected
7178,4, Not Graduate, No,7600000,15400000,6,699,21100000,12400000,29000000,7800000, Approved
7179,3, Not Graduate, Yes,9300000,36000000,10,503,11300000,14000000,28300000,6800000, Rejected
7180,0, Not Graduate, Yes,800000,2600000,20,683,100000,900000,2500000,400000, Approved
7181,5, Graduate, No,6000000,18400000,6,818,3000000,10100000,15300000,8200000, Approved
7182,4, Not Graduate, No,9000000,26900000,12,882,4500000,1800000,32900000,11900000, Approved
7183,0, Graduate, No,3100000,7700000,6,666,3300000,5100000,9700000,2900000, Approved
7184,0, Not Graduate, Yes,7800000,18900000,12,329,15100000,14700000,30100000,8900000, Rejected
7185,1, Not Graduate, No,7000000,22200000,16,404,3600000,4400000,26600000,8600000, Rejected
7186,2, Not Graduate, Yes,7000000,14600000,12,340,10300000,1200000,21400000,8700000, Rejected
7187,4, Not Graduate, No,7900000,25000000,18,570,4300000,300000,24700000,9600000, Approved
7188,4, Not Graduate, No,4100000,17700000,4,545,11000000,5900000,9700000,2000000, Approved
7189,0, Graduate, No,5700000,23300000,20,818,3200000,5400000,17900000,6000000, Approved
7190,3, Graduate, No,9500000,24400000,10,803,12400000,6300000,29200000,7200000, Approved
7191,2, Graduate, No,5300000,17100000,10,323,5500000,1300000,18500000,4100000, Rejected
7192,5, Not Graduate, No,4700000,14000000,2,798,3200000,7200000,15400000,2400000, Approved
7193,0, Not Graduate, Yes,4100000,10900000,8,789,4600000,5900000,14400000,4100000, Approved
7194,1, Graduate, No,7100000,24300000,2,564,15500000,8800000,21800000,9300000, Approved
7195,0, Not Graduate, Yes,4400000,15100000,2,401,5400000,3900000,12400000,6600000, Approved
7196,3, Graduate, No,700000,1200000,2,785,1000000,500000,2200000,1000000, Approved
7197,4, Graduate, Yes,2000000,6500000,12,658,200000,700000,4600000,2000000, Approved
7198,5, Graduate, No,4300000,16300000,4,374,100000,5400000,16700000,2500000, Approved
7199,3, Graduate, Yes,5100000,16900000,2,355,14900000,3300000,14100000,6900000, Approved
7200,5, Graduate, No,3400000,7000000,12,318,1800000,400000,10700000,3800000, Rejected
7201,1, Not Graduate, Yes,1900000,6700000,10,865,1300000,100000,6400000,2500000, Approved
7202,0, Not Graduate, No,2300000,5200000,14,572,5200000,4400000,5800000,3100000, Rejected
7203,3, Graduate, No,4900000,13500000,2,574,13400000,5900000,9700000,5900000, Approved
7204,4, Graduate, Yes,4800000,11100000,2,491,9200000,4000000,17300000,3800000, Approved
7205,5, Not Graduate, Yes,6900000,22900000,14,468,11000000,6000000,20900000,4800000, Rejected
7206,0, Not Graduate, No,4700000,15600000,2,395,5300000,3800000,11900000,6200000, Approved
7207,0, Graduate, No,3800000,12000000,16,858,8300000,2200000,11000000,2400000, Approved
7208,4, Graduate, No,4600000,13300000,16,488,900000,4600000,14900000,6800000, Rejected
7209,5, Not Graduate, Yes,7500000,16300000,2,783,16800000,2700000,18700000,9700000, Approved
7210,2, Graduate, No,600000,1900000,8,845,2000000,1100000,2300000,400000, Rejected
7211,0, Graduate, No,5200000,16600000,2,393,3300000,3300000,15700000,6100000, Rejected
7212,3, Graduate, No,10100000,29300000,10,764,24500000,12400000,36300000,6200000, Rejected
7213,0, Not Graduate, No,6100000,13300000,6,377,17100000,7200000,20200000,7700000, Rejected
7214,3, Graduate, Yes,7700000,22200000,20,557,2100000,3700000,27300000,9900000, Approved
7215,4, Not Graduate, Yes,5800000,19400000,8,684,8800000,2200000,12300000,2800000, Approved
7216,5, Graduate, No,1700000,4400000,2,543,0,400000,6600000,1700000, Rejected
7217,0, Graduate, No,2900000,10300000,16,479,5700000,2000000,9700000,2000000, Rejected
7218,4, Not Graduate, No,3200000,12700000,2,768,3400000,6000000,7700000,3900000, Rejected
7219,4, Not Graduate, No,3200000,7000000,20,498,7800000,3200000,7600000,2700000, Rejected
7220,0, Not Graduate, No,6600000,13700000,20,362,6700000,5100000,25000000,7700000, Rejected
7221,5, Not Graduate, Yes,3200000,7600000,6,327,3200000,3900000,8100000,4400000, Rejected
7222,1, Graduate, No,6200000,16200000,2,699,6400000,7700000,15900000,8100000, Approved
7223,4, Graduate, Yes,6500000,26200000,18,300,13500000,1800000,18800000,9100000, Rejected
7224,3, Not Graduate, No,7300000,21900000,12,767,1700000,7500000,24000000,8900000, Approved
7225,1, Not Graduate, No,4600000,11300000,18,473,11000000,2400000,13400000,4800000, Rejected
7226,5, Graduate, No,4200000,11400000,20,312,10100000,6400000,17300000,5300000, Rejected
7227,4, Graduate, Yes,6300000,16600000,16,392,6900000,12600000,23400000,4200000, Rejected
7228,1, Graduate, Yes,1800000,6000000,12,764,4100000,400000,3800000,2600000, Approved
7229,5, Graduate, No,2400000,4900000,4,520,6100000,3600000,8800000,1800000, Approved
7230,4, Not Graduate, No,6900000,18000000,8,361,13500000,14100000,22800000,4400000, Rejected
7231,4, Graduate, No,5000000,19700000,14,763,11900000,5900000,12700000,7200000, Approved
7232,5, Graduate, No,4900000,13600000,16,879,10300000,4400000,9100000,3700000, Approved
7233,0, Graduate, No,400000,600000,16,739,100000,0,1100000,300000, Rejected
7234,3, Graduate, Yes,900000,2400000,10,484,800000,0,2900000,500000, Rejected
7235,2, Not Graduate, No,6100000,23900000,14,527,8900000,9600000,13200000,3200000, Rejected
7236,1, Graduate, Yes,2200000,4300000,20,877,200000,2300000,7500000,2400000, Approved
7237,5, Graduate, Yes,6800000,24800000,12,539,8600000,13300000,28800000,4800000, Rejected
7238,1, Not Graduate, No,6800000,24600000,20,651,5500000,12200000,13800000,7200000, Approved
7239,2, Not Graduate, No,600000,1600000,10,811,300000,700000,2100000,1000000, Approved
7240,5, Not Graduate, No,3700000,14100000,4,692,800000,1800000,15100000,4900000, Approved
7241,3, Graduate, No,9900000,38500000,10,414,6800000,5600000,34500000,11900000, Rejected
7242,3, Graduate, Yes,2800000,9500000,12,637,4200000,3500000,8500000,3500000, Approved
7243,4, Graduate, Yes,5400000,10900000,12,552,1000000,10000000,11600000,5800000, Rejected
7244,3, Not Graduate, Yes,8100000,24700000,14,411,18100000,5600000,19700000,12700000, Rejected
7245,2, Graduate, Yes,9600000,37800000,8,407,700000,800000,26900000,15500000, Rejected
7246,2, Graduate, Yes,1900000,5000000,14,627,1000000,800000,5200000,2400000, Approved
7247,0, Graduate, Yes,9400000,19800000,4,324,3100000,1500000,37400000,4200000, Rejected
7248,1, Not Graduate, Yes,3500000,11300000,10,894,3000000,2600000,9700000,4400000, Approved
7249,0, Graduate, No,600000,1900000,18,800,1200000,700000,1500000,600000, Approved
7250,4, Not Graduate, No,5300000,19600000,16,593,12800000,5600000,15800000,7400000, Approved
7251,2, Not Graduate, No,4300000,10500000,20,486,10700000,2600000,12800000,4800000, Rejected
7252,3, Not Graduate, No,8900000,35500000,10,900,16100000,5700000,26500000,10100000, Rejected
7253,2, Graduate, No,8200000,25600000,12,670,14500000,600000,25300000,6900000, Approved
7254,4, Not Graduate, No,8600000,22100000,16,594,25200000,16900000,23600000,4800000, Approved
7255,5, Graduate, Yes,3800000,10300000,18,610,8200000,1800000,10000000,2700000, Approved
7256,0, Not Graduate, No,900000,2000000,20,768,1200000,1000000,2800000,600000, Approved
7257,3, Not Graduate, Yes,5900000,16300000,4,546,1600000,3500000,13000000,5500000, Approved
7258,3, Graduate, No,5200000,13500000,2,590,11100000,2900000,18500000,5700000, Approved
7259,3, Not Graduate, Yes,3000000,7900000,16,708,5500000,6100000,10800000,3500000, Approved
7260,1, Not Graduate, Yes,4300000,13500000,16,417,12600000,1400000,12100000,4800000, Rejected
7261,3, Graduate, No,7900000,28300000,2,533,15800000,10700000,21900000,11900000, Approved
7262,2, Not Graduate, No,7800000,28400000,20,813,12800000,9700000,27000000,9600000, Approved
7263,2, Not Graduate, No,7400000,23000000,6,602,11300000,10600000,19000000,9000000, Rejected
7264,1, Graduate, No,10100000,35900000,4,807,21200000,12700000,26400000,8900000, Approved
7265,3, Not Graduate, No,8000000,26100000,12,467,23700000,14000000,20200000,5900000, Rejected
7266,3, Not Graduate, Yes,2000000,7200000,4,335,3500000,2700000,6100000,2400000, Approved
7267,2, Graduate, Yes,5100000,13100000,18,785,8300000,3600000,17700000,7500000, Approved
7268,0, Graduate, Yes,10600000,23900000,8,570,25700000,3200000,23800000,14500000, Approved
7269,3, Graduate, No,2000000,4400000,6,802,1200000,1800000,6600000,1100000, Approved
7270,3, Not Graduate, No,3200000,12900000,2,574,6200000,2800000,6700000,3700000, Approved
7271,5, Graduate, Yes,1000000,3200000,20,591,3200000,500000,3400000,500000, Approved
7272,0, Not Graduate, No,4600000,13900000,2,787,6300000,8400000,16600000,6800000, Approved
7273,0, Not Graduate, Yes,9800000,30800000,8,336,25500000,7200000,35700000,6800000, Rejected
7274,2, Not Graduate, Yes,4500000,17600000,6,799,10000000,3500000,14200000,4200000, Approved
7275,4, Graduate, Yes,3600000,11100000,12,706,4500000,6100000,7000000,2500000, Approved
7276,0, Not Graduate, Yes,3300000,7900000,12,781,7800000,2100000,8000000,4000000, Approved
7277,0, Not Graduate, No,2200000,7600000,2,329,3200000,700000,6600000,1500000, Approved
7278,0, Graduate, Yes,8200000,25300000,20,550,13600000,5500000,24800000,7400000, Approved
7279,5, Not Graduate, Yes,3900000,12300000,8,340,8800000,1100000,10500000,3800000, Rejected
7280,3, Not Graduate, Yes,6600000,14100000,2,715,10700000,13400000,20100000,4300000, Approved
7281,3, Graduate, Yes,4100000,8200000,10,547,3700000,7900000,15500000,5500000, Rejected
7282,2, Not Graduate, No,5100000,12600000,2,797,6800000,5200000,15000000,5900000, Approved
7283,2, Graduate, No,2700000,9300000,18,677,7700000,2600000,6500000,3800000, Approved
7284,3, Graduate, No,8700000,31800000,2,426,12700000,1800000,24400000,8300000, Approved
7285,0, Not Graduate, Yes,2600000,8500000,14,404,7300000,1200000,8400000,3500000, Rejected
7286,2, Not Graduate, No,4900000,14600000,12,855,2200000,7600000,11600000,4800000, Approved
7287,5, Graduate, Yes,7800000,19700000,18,733,1600000,8400000,30300000,8000000, Approved
7288,3, Graduate, Yes,8400000,30100000,20,658,14800000,3400000,27800000,11200000, Rejected
7289,4, Graduate, Yes,9300000,32900000,20,420,14100000,3200000,33900000,12500000, Rejected
7290,5, Not Graduate, Yes,7300000,14400000,14,659,12400000,5900000,29900000,4200000, Approved
7291,3, Not Graduate, Yes,2100000,7100000,6,835,2200000,3200000,6300000,3100000, Approved
7292,5, Graduate, No,1300000,2800000,6,610,1000000,1600000,4900000,1600000, Approved
7293,4, Not Graduate, No,6700000,14400000,6,528,2300000,3500000,19200000,6700000, Approved
7294,5, Graduate, No,6900000,18300000,8,779,21600000,7100000,21800000,6000000, Approved
7295,4, Not Graduate, Yes,1300000,3400000,14,846,3000000,200000,4000000,2000000, Approved
7296,2, Not Graduate, No,500000,2200000,8,679,800000,400000,2800000,1000000, Approved
7297,4, Graduate, No,4200000,11700000,20,339,11300000,6200000,17100000,5200000, Approved
7298,2, Graduate, No,9200000,20900000,14,415,4400000,4000000,29000000,13100000, Rejected
7299,1, Not Graduate, No,2300000,7300000,18,412,1900000,4100000,6300000,1900000, Rejected
7300,5, Not Graduate, Yes,6800000,21000000,18,900,7200000,0,19200000,4800000, Approved
7301,3, Not Graduate, No,8700000,25000000,8,347,4000000,700000,32900000,4800000, Rejected
7302,1, Graduate, No,1600000,5300000,4,323,4200000,2100000,4200000,1600000, Approved
7303,5, Graduate, No,4600000,10300000,16,896,11200000,7200000,11300000,7400000, Approved
7304,1, Graduate, No,2000000,6100000,20,517,1200000,1300000,4400000,1400000, Rejected
7305,3, Graduate, No,5700000,22700000,2,319,15900000,10200000,19800000,5800000, Approved
7306,3, Graduate, No,7300000,20900000,16,644,5800000,12600000,13700000,9500000, Approved
7307,0, Graduate, No,4700000,14500000,20,754,13300000,5000000,16300000,4200000, Rejected
7308,1, Not Graduate, No,3400000,8800000,16,340,5600000,5900000,8600000,3000000, Rejected
7309,3, Graduate, Yes,400000,1000000,6,688,0,500000,1400000,100000, Rejected
7310,2, Not Graduate, Yes,5300000,12300000,14,487,10400000,1400000,21400000,3100000, Rejected
7311,2, Not Graduate, Yes,6600000,20200000,6,713,9600000,11900000,13600000,8500000, Approved
7312,2, Graduate, No,1400000,3500000,4,598,3900000,1200000,4900000,1600000, Approved
7313,4, Not Graduate, Yes,1600000,3800000,2,879,1100000,400000,4700000,1900000, Approved
7314,3, Not Graduate, Yes,3700000,9200000,12,309,7100000,2700000,14400000,5300000, Rejected
7315,1, Graduate, No,5200000,12100000,12,340,15300000,6700000,12100000,5100000, Rejected
7316,2, Not Graduate, No,1800000,4600000,12,648,2900000,1200000,5200000,1000000, Approved
7317,5, Graduate, No,8400000,26900000,20,601,4100000,5500000,24300000,9800000, Approved
7318,0, Graduate, No,400000,400000,4,583,400000,100000,400000,200000, Approved
7319,5, Not Graduate, No,1900000,7000000,18,489,2600000,2100000,5900000,1800000, Rejected
7320,4, Not Graduate, No,1700000,6000000,18,546,3500000,900000,5700000,1100000, Approved
7321,2, Not Graduate, Yes,4900000,14800000,10,833,4600000,3600000,16900000,3100000, Approved
7322,0, Not Graduate, Yes,3000000,12200000,4,389,4800000,100000,7700000,3200000, Approved
7323,1, Graduate, Yes,9300000,34100000,14,566,10400000,7400000,23700000,11500000, Approved
7324,0, Graduate, Yes,3700000,8900000,6,528,3000000,3600000,11000000,5800000, Rejected
7325,3, Not Graduate, Yes,300000,700000,10,492,300000,200000,900000,300000, Rejected
7326,4, Not Graduate, Yes,8200000,28300000,10,547,23200000,14500000,26800000,11500000, Approved
7327,1, Not Graduate, No,8000000,25100000,12,881,19800000,10600000,29600000,9700000, Approved
7328,2, Not Graduate, No,7800000,20300000,12,714,1200000,10600000,21300000,6400000, Approved
7329,2, Not Graduate, No,6600000,19300000,8,773,16300000,1000000,24500000,5400000, Approved
7330,2, Graduate, Yes,8900000,32200000,14,662,10900000,15100000,20000000,5000000, Approved
7331,5, Not Graduate, Yes,1300000,4600000,10,728,2100000,2100000,5000000,2000000, Approved
7332,0, Not Graduate, No,300000,500000,20,636,500000,200000,600000,100000, Approved
7333,4, Graduate, Yes,6700000,20200000,10,343,17200000,9800000,19700000,5700000, Rejected
7334,2, Not Graduate, No,8000000,20200000,18,779,3900000,13900000,15600000,11100000, Approved
7335,3, Graduate, Yes,6300000,17500000,14,580,12100000,4000000,16100000,7200000, Rejected
7336,1, Not Graduate, Yes,3800000,11000000,14,733,3700000,2700000,12500000,4000000, Rejected
7337,4, Not Graduate, No,6900000,16400000,2,741,18300000,3900000,28400000,9100000, Approved
7338,0, Not Graduate, No,6000000,20700000,12,334,3800000,11400000,17200000,7400000, Rejected
7339,3, Graduate, Yes,1300000,3200000,20,760,2400000,900000,5100000,1500000, Rejected
7340,5, Graduate, No,7500000,21600000,20,542,5600000,9400000,22800000,5400000, Rejected
7341,5, Graduate, Yes,7200000,18400000,6,792,10000000,9100000,17700000,4800000, Approved
7342,5, Graduate, No,2200000,6900000,20,779,3700000,3900000,5800000,1200000, Approved
7343,0, Graduate, No,1100000,3400000,20,732,1900000,1500000,3500000,1500000, Approved
7344,1, Not Graduate, No,1700000,4700000,12,684,1700000,2600000,3600000,1500000, Approved
7345,1, Graduate, Yes,5600000,16000000,2,384,7400000,8500000,18900000,3800000, Approved
7346,3, Not Graduate, No,6100000,23100000,6,380,6900000,10200000,16700000,5000000, Rejected
7347,4, Graduate, Yes,4500000,9900000,16,860,12000000,6800000,17100000,3800000, Approved
7348,3, Not Graduate, No,8000000,22200000,10,708,19800000,8700000,19500000,5600000, Approved
7349,2, Not Graduate, Yes,8600000,29700000,14,529,23300000,4600000,20700000,5300000, Rejected
7350,5, Not Graduate, No,100000,800000,16,409,100000,0,600000,200000, Rejected
7351,1, Not Graduate, Yes,5600000,12500000,2,378,10200000,2200000,13300000,5000000, Rejected
7352,4, Graduate, Yes,6500000,21600000,10,367,15800000,8600000,15200000,5800000, Rejected
7353,3, Graduate, No,2200000,5400000,18,415,1300000,700000,6600000,2100000, Rejected
7354,4, Not Graduate, Yes,5800000,23000000,18,475,16100000,4300000,21800000,6800000, Rejected
7355,2, Graduate, No,8900000,28700000,6,343,19400000,18600000,21100000,8600000, Rejected
7356,0, Graduate, Yes,7000000,22700000,12,849,3300000,3500000,23400000,5600000, Approved
7357,2, Not Graduate, Yes,500000,1200000,2,499,100000,800000,1400000,200000, Approved
7358,3, Not Graduate, Yes,2400000,9900000,16,426,4900000,3200000,5900000,1400000, Rejected
7359,5, Graduate, No,5400000,20800000,12,682,15100000,10900000,20600000,5700000, Approved
7360,0, Graduate, Yes,5600000,12900000,16,374,10600000,3200000,17000000,8000000, Rejected
7361,4, Graduate, Yes,2600000,9100000,10,415,6700000,2100000,8000000,3100000, Rejected
7362,1, Graduate, Yes,3800000,8900000,12,673,5100000,4900000,12500000,3700000, Approved
7363,1, Not Graduate, Yes,4800000,16600000,14,434,3800000,5400000,13200000,3400000, Rejected
7364,3, Graduate, Yes,1000000,4400000,20,863,600000,1200000,3400000,600000, Approved
7365,0, Not Graduate, No,2900000,6700000,12,427,6800000,5000000,8000000,3700000, Rejected
7366,2, Not Graduate, No,10000000,22900000,10,796,1400000,9200000,28000000,14600000, Approved
7367,4, Not Graduate, No,1700000,6300000,18,549,2900000,800000,5600000,1100000, Approved
7368,0, Not Graduate, Yes,5400000,19700000,20,586,6900000,500000,20600000,7600000, Approved
7369,3, Graduate, Yes,1900000,4700000,12,400,1600000,1200000,5400000,1700000, Rejected
7370,2, Not Graduate, Yes,6500000,23300000,8,528,6200000,10300000,17900000,6500000, Rejected
7371,1, Not Graduate, No,3000000,6800000,12,348,1900000,2000000,8600000,2200000, Approved
7372,3, Graduate, No,8000000,20100000,10,487,18100000,2600000,31300000,9100000, Rejected
7373,3, Not Graduate, No,3500000,13500000,18,383,2900000,200000,13400000,2500000, Rejected
7374,0, Graduate, No,4400000,11000000,20,804,7000000,2400000,11400000,6100000, Approved
7375,1, Not Graduate, Yes,3600000,13000000,20,563,8300000,3900000,14400000,3100000, Rejected
7376,1, Graduate, No,7800000,18300000,10,545,3900000,5000000,30500000,7400000, Rejected
7377,1, Not Graduate, No,6800000,18400000,12,782,16700000,4200000,17900000,10000000, Approved
7378,4, Not Graduate, Yes,800000,2400000,2,490,1200000,1300000,2300000,200000, Approved
7379,0, Not Graduate, Yes,2400000,6300000,8,728,7000000,1800000,9200000,1700000, Approved
7380,2, Not Graduate, No,8800000,21600000,14,697,22000000,4900000,19400000,10600000, Approved
7381,5, Not Graduate, Yes,6300000,14000000,10,631,12900000,6000000,19400000,7900000, Approved
7382,2, Not Graduate, Yes,8300000,31100000,6,676,15900000,900000,27600000,5800000, Approved
7383,1, Not Graduate, Yes,10100000,30800000,20,542,11500000,6300000,40100000,11900000, Approved
7384,1, Graduate, No,6200000,26000000,6,491,7700000,4000000,16300000,5900000, Approved
7385,5, Graduate, Yes,3200000,10100000,10,575,3500000,3000000,8500000,2300000, Approved
7386,4, Graduate, No,1300000,4500000,4,707,2600000,2200000,3800000,1500000, Approved
7387,5, Not Graduate, Yes,7600000,19300000,16,566,15600000,6300000,23100000,6400000, Approved
7388,0, Graduate, No,9100000,31200000,8,361,25000000,8600000,18900000,5500000, Rejected
7389,3, Not Graduate, Yes,8500000,28300000,4,450,3500000,400000,18000000,5300000, Approved
7390,3, Graduate, No,5600000,20200000,16,825,6300000,3100000,14800000,3100000, Approved
7391,2, Not Graduate, Yes,6800000,23500000,8,486,6400000,9800000,16800000,5900000, Rejected
7392,1, Graduate, No,3000000,10300000,14,670,5500000,700000,9600000,3700000, Approved
7393,1, Graduate, No,1700000,6500000,10,463,900000,1100000,5700000,2300000, Rejected
7394,5, Not Graduate, No,5400000,20800000,12,673,16500000,10900000,20000000,5500000, Approved
7395,2, Not Graduate, Yes,6800000,16000000,6,352,13000000,5600000,24600000,10900000, Rejected
7396,3, Not Graduate, Yes,3000000,6200000,18,867,2300000,3500000,9800000,3900000, Approved
7397,0, Graduate, Yes,5900000,14400000,14,573,8000000,4000000,15700000,3600000, Approved
7398,1, Graduate, Yes,6000000,13200000,8,484,9400000,4000000,19800000,4200000, Rejected
7399,3, Not Graduate, No,900000,2500000,20,529,800000,400000,3400000,600000, Rejected
7400,4, Not Graduate, No,1700000,5600000,8,401,2600000,800000,3200000,2400000, Rejected
7401,4, Not Graduate, Yes,4300000,15000000,12,454,5400000,700000,10700000,2400000, Rejected
7402,0, Not Graduate, Yes,6100000,23300000,10,488,100000,11500000,14100000,8700000, Rejected
7403,4, Not Graduate, No,2600000,8700000,8,677,4600000,4700000,10500000,1600000, Rejected
7404,3, Not Graduate, No,6800000,24800000,4,497,8200000,2400000,19100000,4700000, Approved
7405,4, Not Graduate, Yes,3700000,7800000,12,362,4600000,6700000,10900000,4200000, Rejected
7406,5, Graduate, No,9200000,34600000,6,740,4400000,600000,33400000,8200000, Approved
7407,0, Not Graduate, Yes,8900000,23900000,2,389,22900000,5400000,23800000,7900000, Rejected
7408,1, Not Graduate, Yes,6200000,14000000,6,357,3600000,9600000,21800000,6100000, Rejected
7409,0, Not Graduate, No,4600000,12700000,14,577,3400000,6300000,14500000,3700000, Rejected
7410,2, Not Graduate, No,700000,1200000,10,777,1000000,200000,2300000,1000000, Approved
7411,4, Graduate, No,500000,1500000,2,498,300000,200000,1600000,100000, Rejected
7412,5, Not Graduate, No,5900000,13300000,4,482,5900000,5700000,19300000,4500000, Rejected
7413,5, Not Graduate, No,800000,1500000,4,325,1700000,800000,2400000,300000, Rejected
7414,1, Not Graduate, Yes,8200000,26600000,8,827,8000000,1500000,27300000,11100000, Approved
7415,4, Graduate, No,5800000,19400000,12,450,14500000,6800000,22500000,3300000, Rejected
7416,4, Not Graduate, No,2400000,7200000,4,552,2200000,100000,9500000,3000000, Rejected
7417,0, Not Graduate, Yes,2100000,5100000,10,373,900000,700000,5800000,1200000, Rejected
7418,5, Graduate, No,3400000,6900000,16,300,1700000,400000,10800000,3900000, Approved
7419,2, Not Graduate, No,1500000,3900000,4,790,2800000,100000,5300000,1200000, Approved
7420,5, Not Graduate, No,5600000,15500000,12,894,11000000,9600000,20300000,4800000, Approved
7421,4, Graduate, Yes,3900000,12300000,10,843,10400000,4000000,9900000,2800000, Approved
7422,3, Not Graduate, No,8600000,24500000,10,712,19700000,8600000,18800000,6300000, Approved
7423,1, Not Graduate, No,6400000,14000000,18,555,11900000,4300000,19700000,3800000, Approved
7424,1, Graduate, No,700000,2600000,4,330,300000,700000,2800000,800000, Rejected
7425,4, Not Graduate, No,5700000,13000000,2,312,9800000,2900000,11700000,7800000, Rejected
7426,2, Not Graduate, Yes,7100000,22500000,12,671,0,11600000,14500000,3600000, Approved
7427,2, Not Graduate, No,6700000,20300000,8,663,17100000,5300000,26300000,9300000, Approved
7428,2, Graduate, No,1600000,3600000,20,567,3800000,1300000,5000000,2500000, Approved
7429,1, Not Graduate, Yes,5200000,18800000,6,510,6600000,8700000,16300000,4100000, Rejected
7430,1, Not Graduate, No,4800000,14500000,4,491,11900000,8300000,17800000,3500000, Rejected
7431,5, Not Graduate, Yes,6000000,12700000,20,842,15200000,4900000,17700000,3200000, Approved
7432,5, Not Graduate, No,5500000,14300000,16,827,4200000,1700000,10900000,7300000, Approved
7433,2, Not Graduate, Yes,3600000,15100000,14,725,11000000,2800000,10600000,3800000, Approved
7434,2, Graduate, Yes,5000000,13400000,4,602,11400000,2700000,18900000,6100000, Approved
7435,0, Graduate, No,5300000,11000000,16,775,5500000,1900000,11400000,5200000, Approved
7436,1, Not Graduate, Yes,2700000,9100000,14,512,2500000,4300000,10500000,2900000, Rejected
7437,3, Graduate, No,9100000,32700000,18,515,25200000,3600000,28300000,9100000, Rejected
7438,3, Not Graduate, Yes,1000000,2500000,18,765,500000,1000000,2000000,1300000, Approved
7439,3, Not Graduate, Yes,8800000,16200000,18,377,18400000,1300000,17900000,8300000, Rejected
7440,2, Graduate, Yes,9700000,30600000,18,465,19300000,15600000,40400000,10200000, Rejected
7441,1, Not Graduate, Yes,4900000,16200000,4,379,6700000,8500000,13700000,5800000, Approved
7442,5, Graduate, Yes,6700000,19400000,6,809,9700000,10000000,17200000,5300000, Approved
7443,1, Graduate, No,8700000,28700000,6,776,21500000,11100000,20700000,7500000, Approved
7444,4, Graduate, Yes,2600000,9400000,18,462,2800000,4200000,8300000,2300000, Rejected
7445,3, Graduate, No,9100000,24100000,14,764,12800000,10300000,34800000,7100000, Approved
7446,0, Not Graduate, No,7400000,24800000,18,838,14100000,14300000,25200000,6400000, Approved
7447,0, Graduate, Yes,2400000,6600000,4,593,5200000,4000000,5700000,3300000, Approved
7448,2, Not Graduate, No,6100000,25900000,18,848,9600000,3900000,18300000,8200000, Approved
7449,2, Graduate, Yes,8500000,21100000,20,633,3900000,400000,28200000,12300000, Approved
7450,4, Not Graduate, No,7900000,17900000,14,322,15300000,9700000,22800000,9300000, Rejected
7451,3, Not Graduate, Yes,8500000,29300000,20,649,15200000,3500000,27100000,10000000, Approved
7452,5, Graduate, No,7800000,20400000,16,390,5100000,3400000,16500000,10600000, Rejected
7453,2, Graduate, Yes,300000,700000,6,884,0,200000,400000,300000, Rejected
7454,4, Graduate, No,9700000,32500000,8,898,25600000,11300000,20000000,8600000, Approved
7455,1, Graduate, Yes,3200000,10000000,16,369,2300000,3500000,7200000,3200000, Rejected
7456,0, Not Graduate, No,6900000,17700000,6,522,6100000,6600000,20100000,8100000, Rejected
7457,0, Graduate, No,4900000,17500000,2,389,3600000,3700000,15400000,6100000, Approved
7458,2, Not Graduate, Yes,6600000,29300000,8,390,22100000,5100000,16800000,5200000, Rejected
7459,3, Not Graduate, No,5500000,21000000,16,341,2500000,4800000,11300000,3900000, Rejected
7460,4, Graduate, Yes,6000000,13900000,20,497,9300000,4200000,21100000,3300000, Rejected
7461,1, Not Graduate, No,700000,1300000,6,477,1300000,0,1800000,600000, Rejected
7462,5, Graduate, No,6500000,17600000,8,757,22600000,8500000,22300000,5200000, Approved
7463,2, Graduate, No,2400000,6600000,20,521,4400000,100000,4900000,2200000, Rejected
7464,5, Not Graduate, Yes,7800000,21300000,14,702,11400000,4800000,25400000,8800000, Approved
7465,3, Graduate, Yes,5000000,20400000,18,625,12800000,4300000,13400000,4400000, Approved
7466,2, Not Graduate, No,2500000,9200000,10,755,6500000,3900000,9400000,3200000, Approved
7467,3, Not Graduate, Yes,4900000,17800000,20,818,11900000,8200000,14500000,4800000, Approved
7468,4, Graduate, No,9800000,20600000,12,339,27000000,16500000,26900000,7100000, Rejected
7469,4, Not Graduate, Yes,9200000,21400000,8,655,12400000,9100000,39200000,6300000, Approved
7470,5, Not Graduate, No,6200000,22600000,18,353,12200000,5100000,24400000,4700000, Rejected
7471,5, Not Graduate, No,5900000,16100000,6,386,1100000,7100000,21900000,5800000, Rejected
7472,4, Not Graduate, Yes,2600000,5200000,4,655,4800000,4400000,5200000,2400000, Approved
7473,4, Graduate, Yes,5100000,14300000,12,446,9700000,0,10800000,7400000, Rejected
7474,4, Graduate, No,7500000,22000000,18,663,13700000,600000,16700000,8700000, Approved
7475,3, Graduate, Yes,8400000,27100000,2,548,15300000,10500000,21500000,13300000, Approved
7476,5, Not Graduate, No,6500000,19100000,12,419,5500000,2000000,18000000,7800000, Rejected
7477,2, Not Graduate, No,1400000,4100000,20,419,4400000,1300000,5700000,1000000, Rejected
7478,4, Not Graduate, Yes,8300000,28700000,20,666,15700000,3400000,28700000,11200000, Approved
7479,2, Graduate, No,5200000,11100000,14,330,8100000,2900000,10400000,6200000, Rejected
7480,5, Not Graduate, No,7200000,17500000,4,348,5600000,8400000,23600000,5100000, Rejected
7481,4, Not Graduate, No,2700000,7000000,6,350,1000000,2400000,7300000,2800000, Rejected
7482,2, Graduate, Yes,1000000,3500000,6,769,2200000,200000,2000000,600000, Approved
7483,4, Not Graduate, Yes,8500000,19800000,16,445,10200000,10100000,27000000,5200000, Rejected
7484,5, Graduate, No,500000,1300000,14,400,1100000,300000,1800000,800000, Rejected
7485,3, Graduate, Yes,7900000,19200000,12,717,4800000,7000000,17200000,7400000, Approved
7486,1, Graduate, No,4200000,10500000,6,900,5100000,300000,12100000,3600000, Approved
7487,4, Not Graduate, No,5500000,19100000,8,667,8800000,2300000,11400000,3000000, Approved
7488,5, Not Graduate, Yes,1900000,5000000,2,453,3400000,2000000,5700000,800000, Rejected
7489,2, Not Graduate, No,9500000,26600000,16,445,18800000,3000000,32100000,11800000, Rejected
7490,2, Not Graduate, Yes,5600000,19800000,10,372,13300000,4900000,18400000,6000000, Rejected
7491,3, Graduate, No,900000,1200000,2,749,1100000,600000,2300000,700000, Approved
7492,5, Graduate, No,6500000,19500000,6,861,12500000,0,24600000,8300000, Rejected
7493,2, Not Graduate, Yes,4400000,11900000,18,512,7900000,1300000,10400000,2600000, Rejected
7494,3, Not Graduate, No,7600000,21900000,12,714,1000000,10200000,17600000,6100000, Approved
7495,2, Not Graduate, Yes,5100000,14600000,6,704,800000,600000,12900000,5400000, Approved
7496,1, Graduate, Yes,8300000,31800000,10,766,0,12400000,30700000,4600000, Approved
7497,3, Not Graduate, Yes,5100000,11900000,8,420,2100000,2600000,19400000,4700000, Rejected
7498,2, Graduate, No,6100000,18700000,16,838,6100000,9900000,14000000,4000000, Approved
7499,0, Not Graduate, No,9500000,19300000,16,619,6200000,700000,38100000,9100000, Approved
7500,5, Graduate, No,7500000,27500000,6,699,4600000,13100000,18100000,7500000, Approved
7501,0, Graduate, No,7500000,29700000,2,751,19600000,9300000,27800000,9400000, Approved
7502,4, Not Graduate, Yes,1500000,3300000,12,857,3200000,200000,4300000,2500000, Approved
7503,2, Not Graduate, Yes,7100000,17400000,20,758,9200000,5600000,24200000,4800000, Approved
7504,2, Not Graduate, Yes,6000000,11900000,16,655,5000000,5400000,24400000,5100000, Approved
7505,3, Graduate, Yes,9000000,17900000,16,513,18600000,17100000,27700000,9700000, Rejected
7506,0, Graduate, Yes,900000,3000000,18,401,2100000,1000000,3700000,900000, Rejected
7507,3, Graduate, Yes,8200000,18000000,16,831,9900000,1100000,18800000,5300000, Approved
7508,3, Not Graduate, Yes,7200000,20000000,18,744,15600000,9900000,23800000,9400000, Approved
7509,5, Graduate, Yes,7300000,16900000,2,792,17400000,2600000,19700000,9100000, Rejected
7510,2, Graduate, Yes,2800000,6200000,18,548,5300000,1800000,9600000,1800000, Rejected
7511,4, Not Graduate, No,2400000,7100000,4,530,2500000,200000,7500000,2100000, Rejected
7512,0, Graduate, No,8400000,31300000,12,542,24000000,1300000,21800000,5900000, Rejected
7513,4, Not Graduate, No,6700000,16900000,2,765,18700000,3800000,27800000,9400000, Approved
7514,1, Not Graduate, Yes,900000,2100000,6,772,3000000,1400000,2100000,1400000, Rejected
7515,3, Graduate, Yes,9300000,18600000,6,326,3200000,16100000,27000000,6200000, Rejected
7516,3, Not Graduate, No,6800000,28300000,4,400,10200000,6500000,24900000,5400000, Approved
7517,4, Graduate, No,7800000,30200000,20,611,21100000,600000,27900000,5700000, Approved
7518,3, Not Graduate, Yes,8700000,30300000,8,706,6000000,9500000,20200000,7300000, Approved
7519,3, Not Graduate, No,4600000,17200000,16,681,10900000,3400000,12800000,6000000, Approved
7520,0, Not Graduate, No,5100000,11300000,18,581,7600000,0,18100000,2500000, Approved
7521,4, Not Graduate, No,9500000,20000000,10,827,21700000,900000,34900000,4400000, Approved
7522,4, Not Graduate, Yes,7300000,20000000,18,691,4900000,8100000,23500000,10900000, Approved
7523,5, Not Graduate, No,1000000,2700000,10,617,2700000,2100000,4300000,1700000, Approved
7524,2, Not Graduate, Yes,8100000,27900000,14,567,0,8800000,26500000,7300000, Approved
7525,5, Graduate, Yes,9300000,38300000,10,366,2000000,12800000,36000000,9400000, Rejected
7526,2, Not Graduate, Yes,6200000,23800000,8,469,6200000,9700000,17200000,6600000, Rejected
7527,0, Not Graduate, Yes,5200000,10800000,20,357,3600000,600000,21200000,4800000, Rejected
7528,5, Graduate, Yes,8600000,17700000,12,640,15600000,14600000,24000000,6000000, Approved
7529,4, Graduate, No,6600000,25900000,18,306,13400000,1600000,19100000,8000000, Rejected
7530,1, Graduate, No,8100000,30800000,12,570,19700000,3600000,32600000,5900000, Rejected
7531,4, Not Graduate, Yes,5200000,18700000,14,300,5500000,5900000,13200000,3200000, Rejected
7532,0, Not Graduate, No,1700000,6200000,12,424,3000000,1100000,6600000,1000000, Rejected
7533,3, Not Graduate, Yes,3200000,13000000,16,590,3800000,5900000,12400000,4400000, Approved
7534,5, Not Graduate, Yes,6500000,20400000,12,683,19200000,11300000,27500000,6300000, Approved
7535,5, Not Graduate, No,6900000,18900000,4,455,18500000,11100000,21800000,7300000, Rejected
7536,4, Graduate, No,4300000,14500000,10,834,14000000,6700000,11400000,2200000, Approved
7537,0, Graduate, No,5900000,24200000,6,752,14400000,2600000,22800000,9100000, Approved
7538,5, Not Graduate, Yes,4600000,13300000,8,564,2500000,400000,12700000,5900000, Approved
7539,1, Not Graduate, No,9300000,27100000,16,326,1600000,2400000,23600000,11100000, Rejected
7540,5, Not Graduate, Yes,5200000,16700000,2,356,1300000,4000000,18700000,4900000, Approved
7541,2, Not Graduate, Yes,2000000,7000000,6,900,2500000,2400000,6100000,1100000, Approved
7542,1, Not Graduate, Yes,3800000,9300000,8,496,1100000,4300000,10900000,5700000, Rejected
7543,5, Graduate, Yes,6400000,18400000,10,368,15400000,10700000,20800000,6400000, Rejected
7544,5, Not Graduate, No,7400000,25800000,10,741,1400000,11700000,28000000,10800000, Rejected
7545,2, Graduate, No,1500000,5100000,16,388,0,2500000,3700000,1500000, Rejected
7546,0, Graduate, No,9500000,27500000,6,463,21100000,18800000,34700000,8300000, Rejected
7547,2, Graduate, Yes,4500000,12400000,2,351,6000000,6700000,13800000,6100000, Rejected
7548,2, Not Graduate, No,4700000,17400000,14,667,5500000,7600000,13100000,6400000, Approved
7549,5, Graduate, No,8500000,21300000,18,393,5200000,3200000,16500000,10000000, Rejected
7550,3, Graduate, Yes,8700000,35200000,16,412,22800000,8400000,27900000,6200000, Rejected
7551,1, Not Graduate, Yes,7200000,23900000,12,824,3400000,3400000,23400000,5100000, Approved
7552,5, Graduate, No,2700000,6600000,14,808,3800000,3600000,10500000,3800000, Approved
7553,5, Graduate, Yes,3200000,7800000,4,494,4800000,3000000,10800000,1800000, Rejected
7554,4, Graduate, No,400000,1700000,6,848,0,900000,2200000,700000, Rejected
7555,1, Not Graduate, Yes,1600000,4400000,20,459,300000,800000,5300000,1900000, Rejected
7556,5, Graduate, No,1600000,6000000,10,656,3900000,800000,6600000,1100000, Approved
7557,4, Not Graduate, Yes,300000,1100000,6,641,1000000,300000,1600000,300000, Approved
7558,0, Not Graduate, No,9800000,30400000,20,608,1200000,14900000,32300000,8000000, Approved
7559,5, Graduate, No,2600000,9300000,4,304,7000000,1200000,5500000,3400000, Approved
7560,0, Not Graduate, Yes,5300000,15000000,14,560,11800000,1000000,12600000,5900000, Approved
7561,1, Not Graduate, No,6600000,23100000,10,900,14500000,3400000,28100000,3500000, Approved
7562,2, Not Graduate, Yes,7200000,24200000,6,363,18400000,2800000,24300000,10200000, Rejected
7563,1, Graduate, Yes,5300000,15900000,6,534,11100000,3400000,21700000,4900000, Rejected
7564,4, Graduate, No,8900000,30100000,10,581,24200000,17700000,30800000,8700000, Approved
7565,2, Graduate, Yes,4200000,16400000,6,704,12600000,3600000,13300000,5000000, Approved
7566,2, Not Graduate, Yes,8800000,30400000,6,738,20400000,4600000,27100000,8800000, Approved
7567,3, Not Graduate, Yes,500000,1600000,2,462,300000,600000,1600000,500000, Approved
7568,4, Not Graduate, Yes,6800000,24300000,6,319,17000000,11300000,23200000,6600000, Rejected
7569,1, Not Graduate, Yes,5000000,17100000,12,521,2200000,1600000,15400000,5200000, Rejected
7570,1, Not Graduate, No,2100000,4800000,10,739,300000,2100000,5400000,1100000, Approved
7571,0, Not Graduate, No,3200000,10700000,6,436,5400000,1500000,12100000,2100000, Rejected
7572,0, Not Graduate, No,4300000,17400000,8,300,7200000,7400000,18800000,4300000, Approved
7573,5, Graduate, No,7100000,17900000,12,502,4800000,12600000,16900000,3700000, Rejected
7574,3, Graduate, Yes,8800000,22100000,2,675,3500000,14300000,17500000,5900000, Approved
7575,3, Not Graduate, No,600000,1300000,14,331,500000,500000,2300000,700000, Rejected
7576,2, Not Graduate, Yes,7500000,21200000,12,620,200000,11300000,14100000,3800000, Approved
7577,0, Not Graduate, No,7100000,23700000,14,660,14700000,9000000,19400000,7200000, Approved
7578,2, Graduate, Yes,7000000,15000000,20,500,10400000,9300000,14700000,9700000, Rejected
7579,0, Graduate, No,5500000,11600000,16,805,5000000,1900000,11900000,4800000, Approved
7580,3, Not Graduate, No,5800000,19400000,2,746,8100000,7600000,16600000,4700000, Approved
7581,1, Not Graduate, Yes,9000000,28300000,16,533,25500000,5000000,33400000,7000000, Rejected
7582,2, Graduate, No,5400000,13500000,4,863,8300000,5200000,18400000,4500000, Approved
7583,3, Not Graduate, No,3500000,13800000,4,445,5000000,2700000,12700000,4400000, Approved
7584,2, Graduate, Yes,6100000,22800000,6,555,2600000,6500000,20500000,5800000, Approved
7585,1, Graduate, No,2300000,7900000,20,897,7100000,4100000,5900000,1900000, Approved
7586,3, Not Graduate, No,6400000,21900000,10,466,16100000,6000000,19900000,5400000, Rejected
7587,4, Not Graduate, No,1400000,3500000,6,535,200000,1500000,4100000,700000, Rejected
7588,0, Not Graduate, No,4100000,9000000,18,310,11500000,6300000,9000000,3500000, Rejected
7589,2, Graduate, Yes,1900000,5000000,16,590,4600000,1100000,4200000,1400000, Approved
7590,3, Graduate, Yes,9500000,18000000,6,821,2400000,16400000,30100000,11300000, Approved
7591,5, Not Graduate, No,600000,2900000,2,543,1000000,700000,2000000,700000, Approved
7592,3, Graduate, Yes,7500000,18700000,14,300,5700000,3200000,18400000,5100000, Rejected
7593,0, Graduate, Yes,300000,1200000,14,329,0,200000,1300000,100000, Approved
7594,2, Not Graduate, No,5700000,23000000,16,838,9400000,1400000,21700000,7100000, Approved
7595,5, Graduate, Yes,3500000,8900000,4,472,4200000,3800000,10900000,3600000, Rejected
7596,3, Graduate, Yes,2000000,5100000,12,646,1600000,1700000,5200000,1800000, Approved
7597,2, Graduate, No,8000000,16400000,20,374,18300000,6000000,28600000,4100000, Rejected
7598,3, Not Graduate, No,6100000,23500000,2,300,16700000,10300000,21600000,5800000, Approved
7599,3, Graduate, Yes,1000000,2600000,20,756,500000,1000000,2200000,1300000, Approved
7600,4, Graduate, Yes,7900000,30400000,10,367,10400000,13200000,30600000,6500000, Rejected
7601,5, Not Graduate, Yes,9500000,30300000,2,422,22200000,3300000,35300000,13700000, Approved
7602,0, Graduate, Yes,6300000,23300000,18,877,15300000,5900000,16000000,7500000, Approved
7603,2, Not Graduate, Yes,7300000,14600000,20,755,13500000,9700000,27100000,4000000, Approved
7604,0, Graduate, No,6100000,12200000,12,475,7800000,10400000,15800000,6600000, Rejected
7605,5, Graduate, No,2000000,6200000,20,412,4200000,1900000,7400000,1100000, Rejected
7606,0, Graduate, Yes,2900000,10100000,8,304,1800000,4000000,10700000,3500000, Rejected
7607,2, Graduate, No,7900000,17600000,18,750,18400000,11600000,19000000,7400000, Approved
7608,4, Not Graduate, No,2600000,7000000,6,368,1100000,2300000,8500000,2700000, Rejected
7609,1, Not Graduate, Yes,9600000,39900000,12,582,10200000,9400000,35500000,6900000, Approved
7610,2, Graduate, Yes,2700000,6500000,18,560,4900000,1700000,8900000,1600000, Rejected
7611,5, Not Graduate, No,6800000,19700000,14,864,1900000,700000,16100000,7900000, Approved
7612,5, Not Graduate, Yes,7100000,23700000,14,448,9000000,6000000,21300000,5400000, Rejected
7613,4, Not Graduate, No,7700000,21200000,2,590,6200000,11300000,27000000,7500000, Approved
7614,3, Not Graduate, Yes,6300000,13000000,18,870,14800000,5100000,17300000,5100000, Approved
7615,5, Not Graduate, No,3200000,11700000,18,558,8300000,2700000,9800000,1900000, Approved
7616,2, Graduate, Yes,3300000,6200000,8,852,1400000,4400000,12600000,3000000, Approved
7617,1, Graduate, Yes,800000,2900000,10,790,1400000,1200000,2500000,400000, Approved
7618,4, Graduate, No,7100000,27900000,6,879,5700000,6600000,25700000,10500000, Approved
7619,1, Not Graduate, Yes,9400000,38000000,12,590,10100000,9100000,35400000,7100000, Approved
7620,1, Graduate, No,2500000,7400000,20,900,6200000,4500000,6600000,1900000, Rejected
7621,4, Graduate, Yes,3600000,8800000,4,463,4500000,3600000,10900000,3800000, Rejected
7622,5, Graduate, No,5200000,11400000,8,697,9100000,400000,13700000,4500000, Approved
7623,0, Not Graduate, No,4200000,11500000,4,363,7000000,7200000,9100000,4700000, Rejected
7624,2, Not Graduate, Yes,9100000,39200000,4,449,10100000,16400000,34800000,13000000, Approved
7625,3, Graduate, No,8800000,23200000,10,768,12000000,6100000,31700000,6800000, Approved
7626,0, Graduate, Yes,4200000,10100000,2,787,4100000,4800000,16100000,4400000, Approved
7627,4, Graduate, No,5300000,20500000,20,785,4800000,1400000,13500000,6100000, Approved
7628,1, Not Graduate, No,400000,1300000,4,334,800000,200000,1100000,200000, Approved
7629,3, Not Graduate, Yes,8700000,26900000,20,882,20600000,9800000,27600000,12900000, Approved
7630,5, Graduate, No,3600000,13600000,4,325,2500000,3000000,12300000,2800000, Approved
7631,1, Graduate, No,9100000,27400000,14,649,18200000,9300000,28800000,13000000, Approved
7632,2, Not Graduate, No,3500000,14300000,6,613,900000,100000,11600000,3400000, Approved
7633,3, Graduate, Yes,8000000,17500000,16,860,11300000,1000000,18100000,6500000, Approved
7634,4, Graduate, Yes,3000000,5300000,8,874,7200000,3900000,5800000,3400000, Approved
7635,2, Graduate, Yes,6600000,15600000,6,337,13300000,5400000,21800000,9200000, Rejected
7636,3, Graduate, No,3700000,11800000,20,357,4000000,5500000,12200000,2800000, Rejected
7637,5, Graduate, Yes,8000000,27700000,20,845,7800000,14100000,32000000,8400000, Approved
7638,3, Graduate, No,700000,1300000,8,440,600000,400000,1700000,700000, Rejected
7639,0, Graduate, Yes,400000,1000000,18,470,1400000,500000,1800000,600000, Rejected
7640,1, Graduate, Yes,2000000,4200000,20,881,0,2300000,7400000,2200000, Approved
7641,1, Not Graduate, Yes,300000,1200000,2,711,200000,200000,600000,300000, Approved
7642,2, Not Graduate, Yes,8100000,19300000,16,669,11000000,2300000,28100000,10300000, Approved
7643,3, Graduate, Yes,500000,2300000,8,628,1700000,400000,2300000,1100000, Approved
7644,3, Graduate, No,8400000,24800000,4,347,13300000,3900000,27900000,4400000, Rejected
7645,2, Not Graduate, Yes,6200000,22300000,8,486,5700000,9600000,17700000,6900000, Approved
7646,2, Not Graduate, No,4900000,11200000,4,567,12400000,900000,15000000,7300000, Approved
7647,2, Graduate, No,3300000,7400000,20,840,4300000,1900000,12800000,2700000, Approved
7648,4, Graduate, No,5200000,14900000,8,396,6500000,9300000,13400000,6100000, Rejected
7649,2, Not Graduate, No,6400000,15600000,2,796,7100000,6100000,17700000,5100000, Approved
7650,4, Graduate, No,7700000,28200000,2,682,700000,13300000,30100000,11200000, Approved
7651,0, Graduate, Yes,500000,900000,2,853,0,600000,1200000,500000, Approved
7652,0, Not Graduate, No,3000000,10300000,14,386,6400000,2600000,11000000,4200000, Rejected
7653,2, Graduate, No,1100000,2100000,10,375,1300000,400000,3100000,1400000, Rejected
7654,1, Not Graduate, No,6100000,19900000,20,444,3400000,7200000,22800000,7700000, Rejected
7655,0, Graduate, Yes,2600000,7200000,2,858,4100000,4000000,10300000,1400000, Approved
7656,4, Graduate, Yes,5900000,15100000,12,507,5800000,0,20900000,9400000, Rejected
7657,1, Graduate, Yes,1000000,3100000,4,900,2000000,1400000,2300000,1200000, Approved
7658,3, Not Graduate, Yes,7300000,25100000,14,856,8900000,800000,27700000,8200000, Approved
7659,2, Not Graduate, No,5400000,13600000,12,399,5000000,5600000,18900000,6700000, Rejected
7660,5, Not Graduate, No,5700000,19700000,20,381,13600000,10900000,16500000,5500000, Rejected
7661,0, Not Graduate, Yes,9500000,25000000,4,568,24200000,100000,21300000,14500000, Rejected
7662,4, Not Graduate, Yes,700000,1200000,18,790,1500000,0,1800000,300000, Approved
7663,1, Not Graduate, Yes,4700000,14800000,20,844,2200000,2600000,10500000,3700000, Approved
7664,5, Graduate, No,100000,900000,6,487,800000,100000,700000,200000, Rejected
7665,0, Not Graduate, Yes,900000,2100000,6,534,300000,1700000,2200000,900000, Rejected
7666,3, Not Graduate, Yes,9600000,35500000,16,564,17500000,18800000,22100000,10400000, Approved
7667,4, Not Graduate, No,7100000,21700000,18,704,4800000,8200000,24100000,10700000, Approved
7668,0, Graduate, No,4900000,16300000,14,493,1600000,6800000,17600000,2600000, Rejected
7669,3, Graduate, No,7600000,17800000,10,745,4400000,3500000,21700000,8700000, Approved
7670,0, Graduate, Yes,5300000,12900000,12,579,4400000,2400000,18000000,7200000, Approved
7671,2, Graduate, Yes,6200000,14900000,18,308,6000000,3900000,16900000,6400000, Rejected
7672,4, Not Graduate, No,4800000,14500000,6,688,3500000,1500000,18400000,6600000, Approved
7673,5, Not Graduate, No,5400000,14500000,16,527,7800000,4700000,15800000,3000000, Rejected
7674,4, Not Graduate, No,2600000,10800000,2,873,600000,2500000,6700000,4200000, Approved
7675,1, Graduate, Yes,4600000,15800000,8,761,9700000,2600000,11300000,4600000, Approved
7676,2, Graduate, No,6000000,13200000,4,900,8600000,5400000,18700000,4800000, Approved
7677,1, Not Graduate, Yes,5500000,20800000,2,547,3300000,5900000,21600000,6300000, Approved
7678,1, Graduate, No,2200000,7800000,6,797,4500000,3200000,5100000,3100000, Approved
7679,2, Graduate, No,5100000,15700000,12,803,3300000,7100000,16600000,4600000, Approved
7680,0, Graduate, Yes,9500000,22500000,12,369,26800000,15200000,27300000,8600000, Rejected
7681,0, Graduate, No,6700000,21500000,14,300,0,8800000,16300000,10900000, Rejected
7682,0, Graduate, No,1900000,6700000,4,810,100000,3400000,5000000,2600000, Approved
7683,1, Not Graduate, Yes,8100000,23900000,20,701,23600000,14000000,32900000,12200000, Approved
7684,4, Not Graduate, Yes,9300000,30400000,18,387,11200000,13900000,19500000,5600000, Rejected
7685,2, Graduate, No,4400000,14500000,6,405,12100000,6600000,16500000,5700000, Rejected
7686,5, Graduate, Yes,5800000,12500000,14,477,13900000,1000000,13600000,5600000, Rejected
7687,2, Not Graduate, Yes,2300000,9000000,20,566,3300000,600000,7800000,2900000, Approved
7688,4, Not Graduate, No,3800000,14700000,8,761,9100000,6300000,11600000,4500000, Approved
7689,2, Graduate, No,2000000,3900000,4,754,4900000,2700000,4700000,1600000, Approved
7690,5, Not Graduate, No,3100000,7600000,6,412,2300000,3600000,11400000,1800000, Rejected
7691,4, Not Graduate, No,2300000,6900000,2,503,2200000,100000,9100000,3000000, Rejected
7692,2, Graduate, No,4300000,9300000,2,502,10600000,8000000,10800000,2300000, Rejected
7693,2, Not Graduate, No,2000000,4700000,10,582,2900000,1300000,4900000,1000000, Approved
7694,3, Not Graduate, No,5500000,18900000,20,743,14200000,3200000,20100000,4000000, Approved
7695,1, Not Graduate, Yes,2600000,6200000,20,737,1000000,3100000,10400000,1500000, Approved
7696,0, Graduate, No,900000,3000000,18,616,1800000,1800000,3800000,600000, Approved
7697,3, Graduate, No,200000,700000,20,711,700000,400000,800000,400000, Approved
7698,0, Not Graduate, No,5000000,20000000,6,869,15400000,3900000,19900000,3900000, Approved
7699,3, Graduate, No,8300000,33600000,4,526,21900000,12100000,30500000,8200000, Approved
7700,1, Graduate, Yes,4700000,15300000,6,663,7500000,6000000,13400000,6600000, Approved
7701,3, Graduate, Yes,7100000,16000000,2,788,11300000,5400000,27200000,3900000, Approved
7702,3, Graduate, No,1900000,5600000,8,812,5200000,3900000,5800000,900000, Approved
7703,3, Graduate, No,2700000,9100000,4,708,100000,800000,9300000,2500000, Approved
7704,3, Not Graduate, No,2500000,11100000,6,501,4600000,0,11500000,3500000, Rejected
7705,4, Graduate, No,7200000,17200000,4,694,15700000,7300000,21600000,9200000, Approved
7706,2, Graduate, Yes,2800000,7900000,20,371,4800000,4500000,5900000,2100000, Rejected
7707,0, Graduate, No,3200000,11000000,8,537,3500000,4700000,11600000,1600000, Rejected
7708,5, Not Graduate, No,5500000,13800000,2,480,6200000,5700000,19300000,3600000, Rejected
7709,3, Not Graduate, No,1600000,3400000,6,623,4500000,0,6100000,800000, Approved
7710,4, Not Graduate, Yes,400000,700000,10,856,900000,600000,800000,200000, Approved
7711,5, Graduate, No,600000,1800000,18,426,1100000,600000,1300000,200000, Rejected
7712,4, Not Graduate, Yes,1600000,3200000,20,354,1500000,2400000,4400000,1000000, Rejected
7713,4, Graduate, Yes,1800000,4600000,14,467,1600000,2300000,4500000,1600000, Rejected
7714,4, Not Graduate, Yes,2200000,8500000,14,730,5700000,2700000,9100000,1200000, Approved
7715,3, Not Graduate, No,7900000,21600000,4,749,21600000,3500000,16900000,9400000, Approved
7716,2, Not Graduate, No,6900000,21100000,16,614,6000000,12200000,13100000,8800000, Approved
7717,4, Not Graduate, No,5100000,16300000,8,387,7400000,8100000,13900000,6500000, Rejected
7718,0, Not Graduate, No,100000,1000000,8,782,800000,300000,700000,0, Approved
7719,2, Not Graduate, Yes,6200000,16800000,4,516,13600000,4600000,19200000,6200000, Rejected
7720,2, Graduate, Yes,4100000,8700000,4,843,10600000,2800000,13800000,2400000, Approved
7721,5, Not Graduate, No,500000,2000000,20,814,300000,500000,2000000,700000, Approved
7722,1, Not Graduate, Yes,8100000,31100000,10,472,13700000,10500000,19300000,7700000, Rejected
7723,4, Graduate, No,9500000,32700000,14,332,5400000,8200000,28500000,5000000, Rejected
7724,2, Graduate, Yes,2600000,7700000,18,352,5700000,3300000,4800000,2800000, Rejected
7725,4, Not Graduate, Yes,3900000,8900000,8,673,9500000,4100000,8700000,5200000, Approved
7726,4, Graduate, No,4500000,13500000,14,471,1000000,4100000,13700000,6700000, Rejected
7727,4, Graduate, No,3700000,8800000,4,827,9400000,3700000,12900000,4800000, Approved
7728,0, Not Graduate, Yes,600000,2500000,16,844,600000,100000,3000000,1100000, Approved
7729,3, Not Graduate, No,5200000,17000000,18,777,9500000,5600000,12300000,4100000, Approved
7730,5, Not Graduate, Yes,7300000,15300000,14,893,14100000,5300000,26300000,4600000, Approved
7731,3, Graduate, Yes,5400000,17700000,2,595,10400000,6900000,11200000,3600000, Approved
7732,0, Not Graduate, No,5000000,15800000,10,403,4500000,7700000,17800000,5800000, Rejected
7733,1, Graduate, Yes,9200000,35400000,14,528,11000000,7200000,25100000,11600000, Approved
7734,1, Graduate, Yes,4800000,17600000,8,742,10200000,8000000,16400000,2800000, Approved
7735,1, Not Graduate, No,2400000,5800000,18,373,3500000,700000,7300000,3500000, Rejected
7736,4, Graduate, No,8100000,27500000,2,732,300000,12800000,30000000,10800000, Approved
7737,3, Graduate, Yes,4000000,13500000,18,768,10700000,7800000,13600000,5100000, Approved
7738,2, Not Graduate, No,500000,1200000,2,863,200000,100000,1000000,500000, Approved
7739,3, Graduate, No,4300000,15000000,6,420,6900000,5500000,8300000,2000000, Rejected
7740,1, Graduate, No,9600000,36300000,6,797,21700000,12700000,25700000,8800000, Rejected
7741,4, Not Graduate, Yes,2500000,5900000,20,494,5900000,1000000,9300000,3300000, Rejected
7742,2, Graduate, Yes,1000000,2500000,16,450,0,300000,3000000,1100000, Rejected
7743,4, Not Graduate, Yes,9800000,34600000,10,535,11300000,15900000,27700000,6500000, Rejected
7744,5, Not Graduate, No,8500000,17300000,12,305,18000000,12500000,22400000,10400000, Rejected
7745,1, Graduate, No,8700000,19700000,6,610,22800000,16100000,18100000,13100000, Approved
7746,5, Graduate, No,2500000,6100000,18,581,2900000,4100000,5600000,3500000, Approved
7747,2, Graduate, No,2100000,7800000,12,620,400000,1700000,5900000,2200000, Approved
7748,4, Graduate, No,5200000,18900000,10,675,6500000,4900000,13400000,4000000, Approved
7749,4, Graduate, No,5400000,11800000,12,499,1700000,2400000,19600000,5600000, Rejected
7750,0, Graduate, Yes,600000,1300000,4,848,700000,100000,1800000,100000, Approved
7751,2, Not Graduate, Yes,7000000,21700000,12,637,12200000,4400000,19900000,4700000, Approved
7752,2, Graduate, No,1800000,3700000,18,572,4000000,1600000,5000000,2500000, Approved
7753,2, Not Graduate, Yes,7100000,14200000,12,354,10100000,1000000,19800000,8300000, Rejected
7754,1, Graduate, No,4500000,11100000,14,661,10300000,2500000,16600000,5300000, Approved
7755,1, Graduate, Yes,1000000,3600000,14,735,1400000,1000000,1800000,1200000, Approved
7756,0, Graduate, Yes,7000000,20300000,16,756,7800000,5100000,17800000,5000000, Approved
7757,0, Graduate, Yes,7500000,18700000,18,713,6100000,5000000,22700000,6300000, Approved
7758,5, Not Graduate, No,6000000,23400000,4,707,17900000,5000000,15300000,4400000, Approved
7759,2, Not Graduate, Yes,7500000,27900000,18,823,12300000,3500000,18700000,8600000, Approved
7760,2, Graduate, Yes,4000000,13100000,10,540,3400000,1700000,15200000,3600000, Approved
7761,0, Not Graduate, Yes,2500000,7900000,16,463,700000,600000,5400000,2800000, Rejected
7762,5, Graduate, No,9600000,20200000,2,520,13400000,1600000,21300000,6600000, Rejected
7763,1, Graduate, No,8200000,24600000,4,725,2000000,5500000,17800000,4500000, Approved
7764,2, Not Graduate, Yes,8600000,32400000,14,513,22900000,4700000,21700000,5500000, Rejected
7765,4, Not Graduate, Yes,4200000,9400000,2,883,6600000,5400000,11500000,5500000, Approved
7766,3, Not Graduate, Yes,9200000,23800000,16,732,3700000,10200000,28700000,10200000, Rejected
7767,0, Not Graduate, Yes,2000000,7200000,2,407,5000000,1600000,4600000,2900000, Approved
7768,4, Not Graduate, No,9300000,25600000,16,636,10400000,10200000,22300000,9800000, Approved
7769,3, Not Graduate, No,1800000,3100000,8,621,4300000,100000,5700000,700000, Rejected
7770,4, Not Graduate, No,9400000,31200000,10,315,700000,0,36500000,12700000, Rejected
7771,2, Graduate, Yes,4200000,12800000,14,718,5300000,2400000,14400000,5500000, Approved
7772,4, Not Graduate, Yes,9600000,30200000,8,597,28600000,16100000,33300000,8800000, Approved
7773,4, Graduate, No,1600000,7200000,14,753,2800000,1000000,4500000,1600000, Approved
7774,4, Graduate, No,1700000,4000000,8,789,2200000,2700000,3700000,2200000, Approved
7775,2, Graduate, No,4600000,12500000,2,587,6600000,3900000,17000000,2800000, Approved
7776,3, Not Graduate, No,300000,800000,20,722,900000,200000,700000,300000, Approved
7777,3, Graduate, Yes,7000000,18000000,4,780,2400000,2100000,24800000,8700000, Approved
7778,3, Not Graduate, Yes,9600000,29000000,8,552,13900000,8700000,31000000,5100000, Rejected
7779,1, Not Graduate, No,8500000,28800000,16,300,1700000,2200000,23400000,11300000, Rejected
7780,5, Graduate, No,7000000,17200000,4,370,2200000,400000,16600000,6100000, Rejected
7781,0, Graduate, Yes,3300000,10500000,2,524,5700000,3500000,11300000,4900000, Approved
7782,4, Not Graduate, Yes,5900000,14900000,14,584,15100000,4200000,16500000,8100000, Approved
7783,0, Not Graduate, Yes,2200000,5200000,18,397,1900000,1500000,5600000,1400000, Rejected
7784,3, Graduate, Yes,2300000,7400000,14,650,5400000,400000,4900000,2900000, Approved
7785,3, Not Graduate, Yes,1400000,4200000,16,583,800000,1000000,2500000,900000, Approved
7786,3, Not Graduate, No,3400000,13900000,10,320,7800000,3700000,7800000,4400000, Rejected
7787,0, Not Graduate, No,4700000,18800000,16,568,7100000,10000000,17400000,5200000, Approved
7788,5, Not Graduate, No,7300000,19600000,8,490,6900000,6000000,24100000,9600000, Rejected
7789,1, Not Graduate, Yes,1900000,6800000,6,893,2700000,2200000,6400000,1000000, Approved
7790,1, Not Graduate, Yes,4700000,17300000,6,672,6500000,7200000,16600000,3500000, Approved
7791,4, Not Graduate, No,1400000,3000000,6,900,200000,2800000,3800000,1900000, Approved
7792,0, Graduate, No,7400000,15900000,4,498,7900000,1400000,21900000,10500000, Rejected
7793,0, Not Graduate, Yes,2600000,9500000,20,517,500000,900000,4900000,3200000, Rejected
7794,3, Not Graduate, Yes,900000,2500000,18,739,300000,1100000,2200000,1600000, Approved
7795,2, Graduate, No,7000000,22500000,12,836,13000000,1900000,26500000,6000000, Approved
7796,4, Not Graduate, No,2100000,8100000,16,900,4100000,1800000,6900000,2700000, Approved
7797,0, Graduate, Yes,2400000,8300000,12,574,3700000,1800000,4100000,1900000, Approved
7798,2, Not Graduate, No,6900000,21700000,6,670,12700000,9000000,18000000,8200000, Approved
7799,5, Not Graduate, No,9400000,28200000,8,614,26200000,4700000,28100000,13600000, Approved
7800,0, Graduate, No,9700000,34500000,14,469,3000000,2200000,24200000,9800000, Rejected
7801,2, Not Graduate, No,7400000,20600000,16,543,19000000,13800000,24200000,7000000, Rejected
7802,0, Graduate, Yes,2400000,6700000,20,788,700000,4000000,6900000,1900000, Approved
7803,4, Graduate, Yes,2300000,9000000,10,397,7200000,2100000,7500000,3100000, Rejected
7804,5, Graduate, Yes,2100000,5100000,10,443,200000,3400000,8200000,2900000, Rejected
7805,5, Not Graduate, No,9200000,22200000,4,792,21600000,10700000,25200000,13100000, Approved
7806,0, Graduate, No,9100000,27100000,12,451,17500000,6100000,33700000,5700000, Rejected
7807,2, Graduate, No,4300000,9900000,14,412,5500000,4500000,12800000,2400000, Rejected
7808,3, Not Graduate, No,4900000,16400000,12,767,4300000,1600000,18500000,3600000, Approved
7809,0, Graduate, Yes,5100000,18500000,6,405,3600000,3500000,14300000,8800000, Rejected
7810,2, Not Graduate, No,9800000,29200000,4,544,10700000,1700000,18300000,11300000, Rejected
7811,0, Not Graduate, No,300000,300000,6,468,500000,100000,800000,0, Rejected
7812,5, Not Graduate, No,7600000,28800000,2,749,16900000,12500000,15600000,7700000, Approved
7813,4, Not Graduate, Yes,7000000,13800000,8,471,12400000,9600000,26800000,9700000, Rejected
7814,5, Graduate, Yes,8500000,29700000,4,494,17000000,2900000,19200000,6300000, Approved
7815,0, Not Graduate, Yes,3800000,11800000,10,461,1100000,2700000,9400000,3400000, Rejected
7816,4, Graduate, Yes,1000000,3100000,16,327,1300000,2300000,3300000,1900000, Rejected
7817,5, Graduate, No,4000000,11300000,14,371,5900000,1800000,8500000,5300000, Rejected
7818,3, Not Graduate, Yes,8200000,18400000,6,862,16300000,16000000,26500000,10300000, Approved
7819,2, Graduate, No,2700000,10700000,16,527,8000000,1900000,5600000,2500000, Rejected
7820,5, Graduate, No,3100000,8600000,6,343,3100000,300000,7600000,2100000, Rejected
7821,1, Graduate, No,5100000,17500000,12,869,10500000,10200000,15800000,3800000, Rejected
7822,4, Not Graduate, Yes,3800000,10700000,8,822,500000,4800000,9800000,3000000, Approved
7823,2, Graduate, No,4800000,17900000,6,869,12400000,7100000,12800000,6000000, Approved
7824,1, Graduate, Yes,3800000,10200000,16,865,5100000,2900000,10400000,4000000, Approved
7825,5, Not Graduate, Yes,4700000,14100000,14,559,2500000,5700000,10500000,5900000, Approved
7826,5, Not Graduate, Yes,4400000,8900000,4,759,7900000,1100000,14300000,3000000, Approved
7827,4, Not Graduate, No,5100000,18800000,8,464,2800000,8900000,14500000,4900000, Rejected
7828,4, Not Graduate, No,7200000,18800000,16,366,6800000,12600000,19900000,4900000, Rejected
7829,4, Not Graduate, No,7800000,31400000,20,399,15400000,3700000,22000000,7500000, Rejected
7830,4, Not Graduate, Yes,300000,900000,20,760,900000,500000,1700000,500000, Approved
7831,0, Not Graduate, No,4400000,12600000,16,578,3500000,7000000,15100000,3700000, Approved
7832,1, Not Graduate, Yes,200000,500000,2,529,600000,100000,800000,200000, Approved
7833,0, Not Graduate, No,5900000,12900000,6,382,15300000,7900000,21600000,7800000, Rejected
7834,1, Graduate, No,6700000,20400000,10,423,20800000,7700000,20500000,5300000, Rejected
7835,1, Graduate, No,1000000,2000000,6,727,2100000,1100000,2100000,1100000, Approved
7836,5, Graduate, No,5800000,12300000,20,565,14100000,11300000,17500000,8100000, Rejected
7837,5, Graduate, Yes,7100000,25700000,12,511,8800000,12100000,28300000,4900000, Rejected
7838,0, Graduate, Yes,5300000,15500000,2,900,1700000,2100000,20500000,5900000, Approved
7839,4, Not Graduate, Yes,5700000,14500000,14,595,17700000,5100000,16700000,8600000, Approved
7840,3, Graduate, No,1900000,7400000,16,601,2200000,2900000,5900000,1900000, Approved
7841,1, Graduate, Yes,2700000,8500000,6,724,700000,2900000,6000000,3100000, Approved
7842,3, Graduate, No,6200000,22100000,16,447,11700000,4900000,14700000,8100000, Rejected
7843,1, Graduate, Yes,2100000,7200000,4,833,3000000,700000,5700000,2400000, Approved
7844,1, Graduate, Yes,6200000,21200000,2,315,16100000,1900000,18100000,3500000, Approved
7845,1, Not Graduate, No,3400000,12800000,4,361,5100000,6300000,12600000,1800000, Approved
7846,3, Not Graduate, No,6400000,19200000,20,408,2200000,6100000,18700000,6000000, Approved
7847,4, Graduate, Yes,5600000,14000000,14,726,8500000,9500000,16800000,7000000, Approved
7848,4, Graduate, Yes,5200000,15400000,20,648,15000000,8800000,19100000,7200000, Approved
7849,0, Graduate, Yes,6000000,20300000,20,782,4400000,3700000,12800000,7700000, Approved
7850,0, Not Graduate, Yes,4800000,11400000,16,719,13800000,900000,16900000,3900000, Approved
7851,2, Graduate, No,7200000,20500000,6,733,12400000,10800000,18000000,9200000, Approved
7852,3, Graduate, No,2500000,7800000,8,702,3300000,2400000,6200000,1800000, Approved
7853,4, Graduate, No,7100000,18500000,8,371,15300000,9200000,18600000,9600000, Rejected
7854,4, Graduate, No,1500000,5300000,18,689,100000,400000,4400000,1700000, Approved
7855,3, Not Graduate, Yes,2000000,6900000,6,844,2300000,2800000,6700000,2900000, Approved
7856,1, Graduate, No,3000000,7100000,18,492,8800000,1200000,9300000,4800000, Rejected
7857,5, Not Graduate, Yes,6700000,15500000,16,300,9400000,9300000,17900000,6800000, Rejected
7858,3, Graduate, Yes,7100000,19500000,8,691,16300000,2700000,24800000,4300000, Approved
7859,3, Graduate, Yes,8900000,25200000,10,386,25800000,7100000,26500000,13000000, Rejected
7860,0, Graduate, No,9900000,21900000,20,594,6000000,5600000,33500000,5600000, Approved
7861,4, Not Graduate, No,3200000,10200000,16,556,3200000,4500000,11800000,4400000, Rejected
7862,4, Not Graduate, No,5100000,11600000,6,323,1500000,4400000,15000000,2500000, Rejected
7863,4, Not Graduate, Yes,5700000,19400000,2,461,14900000,9900000,10400000,3200000, Approved
7864,0, Not Graduate, No,6100000,20300000,6,556,11200000,900000,23300000,10100000, Rejected
7865,2, Graduate, Yes,8600000,33400000,6,698,18100000,900000,26900000,5600000, Approved
7866,5, Not Graduate, Yes,6400000,26300000,4,862,1500000,4600000,20600000,6900000, Approved
7867,4, Not Graduate, No,2000000,3800000,20,777,1000000,600000,6400000,1600000, Approved
7868,2, Not Graduate, Yes,8100000,28800000,18,776,22800000,10200000,18300000,8700000, Approved
7869,1, Not Graduate, No,9800000,20400000,16,831,25300000,200000,34900000,5400000, Approved
7870,4, Not Graduate, No,8300000,18800000,6,373,4200000,14700000,17800000,12000000, Rejected
7871,0, Not Graduate, Yes,7100000,16200000,14,468,20500000,4300000,28600000,6000000, Rejected
7872,1, Graduate, No,1200000,3700000,20,738,3200000,1300000,2600000,1000000, Approved
7873,2, Not Graduate, Yes,9700000,33400000,12,607,26800000,3900000,30800000,11700000, Approved
7874,1, Not Graduate, Yes,8000000,29900000,14,700,13500000,4200000,29400000,9200000, Approved
7875,0, Graduate, Yes,2200000,4800000,12,411,3300000,2600000,4800000,3000000, Rejected
7876,5, Graduate, Yes,4700000,16300000,4,527,9500000,2300000,9500000,2900000, Approved
7877,5, Not Graduate, Yes,6400000,19100000,8,698,9600000,3700000,22400000,3500000, Approved
7878,2, Graduate, Yes,4300000,12800000,20,612,13000000,3500000,11800000,2500000, Approved
7879,5, Graduate, No,6400000,24500000,8,777,7500000,9700000,15500000,8800000, Approved
7880,3, Graduate, No,3200000,10300000,12,592,7700000,5400000,11500000,4600000, Approved
7881,0, Graduate, No,200000,700000,10,588,0,200000,600000,0, Rejected
7882,3, Graduate, No,4800000,17300000,8,316,6100000,9500000,13500000,6800000, Rejected
7883,3, Not Graduate, No,5200000,15700000,18,731,12900000,2200000,17000000,6700000, Approved
7884,4, Not Graduate, No,6300000,23400000,2,666,9600000,5700000,17400000,5300000, Approved
7885,4, Not Graduate, Yes,8200000,24600000,14,723,11000000,12100000,20800000,5500000, Approved
7886,2, Graduate, Yes,3300000,6600000,8,836,1400000,4600000,12500000,3400000, Approved
7887,0, Not Graduate, Yes,5700000,15900000,4,811,4700000,9500000,19400000,2900000, Approved
7888,4, Graduate, Yes,9300000,33800000,20,415,13400000,3100000,35100000,13200000, Rejected
7889,3, Graduate, No,8100000,26700000,6,607,17900000,8100000,28700000,12200000, Approved
7890,4, Graduate, No,8300000,16700000,14,339,14400000,9200000,24200000,9200000, Rejected
7891,4, Graduate, No,9000000,19900000,14,715,13600000,13200000,32600000,7900000, Approved
7892,1, Not Graduate, Yes,8800000,29400000,16,787,7600000,14300000,24100000,5900000, Approved
7893,3, Graduate, Yes,1900000,6500000,8,681,700000,2100000,5900000,1400000, Approved
7894,3, Not Graduate, Yes,6100000,21700000,18,635,17700000,7200000,18800000,5800000, Approved
7895,0, Not Graduate, Yes,1600000,5100000,4,752,300000,2100000,5600000,1000000, Approved
7896,3, Graduate, No,7300000,19600000,2,655,6000000,8100000,15000000,4100000, Approved
7897,2, Not Graduate, No,7900000,29400000,20,827,12300000,9200000,25900000,9100000, Approved
7898,5, Graduate, No,1600000,3900000,18,513,400000,1200000,5100000,1900000, Rejected
7899,5, Graduate, Yes,1700000,4300000,2,724,1500000,900000,4300000,1000000, Approved
7900,5, Graduate, Yes,7800000,27300000,10,462,18100000,1500000,17000000,4300000, Rejected
7901,2, Graduate, No,1300000,4600000,2,368,2100000,700000,4400000,1400000, Approved
7902,1, Graduate, Yes,6300000,19300000,18,798,12600000,3500000,16500000,4600000, Approved
7903,1, Not Graduate, Yes,900000,4100000,16,357,2700000,200000,2300000,700000, Rejected
7904,1, Graduate, No,9300000,29000000,10,601,17700000,11600000,35900000,13100000, Approved
7905,5, Not Graduate, No,3800000,7300000,4,740,9300000,200000,9700000,3300000, Approved
7906,0, Not Graduate, No,4900000,12700000,16,640,7000000,1800000,15900000,3900000, Approved
7907,3, Graduate, Yes,7600000,21500000,8,751,6400000,7500000,17100000,10600000, Approved
7908,2, Not Graduate, No,5900000,21600000,4,416,9700000,200000,19700000,6100000, Approved
7909,1, Not Graduate, Yes,6800000,19900000,4,432,12600000,11300000,17100000,3800000, Approved
7910,5, Graduate, No,8100000,19000000,4,388,10100000,5700000,26800000,11800000, Rejected
7911,2, Not Graduate, Yes,8600000,17100000,4,353,1100000,600000,28100000,6900000, Rejected
7912,1, Not Graduate, Yes,1900000,6700000,14,788,4500000,3400000,4200000,2000000, Approved
7913,1, Graduate, Yes,5000000,14300000,18,684,5500000,2300000,16800000,3600000, Approved
7914,5, Graduate, Yes,5400000,20700000,20,723,7900000,1800000,11100000,7600000, Approved
7915,0, Not Graduate, Yes,5300000,15200000,14,543,10600000,1200000,11500000,6500000, Approved
7916,1, Graduate, Yes,6600000,13800000,8,393,9300000,300000,16900000,7700000, Rejected
7917,1, Not Graduate, No,7000000,14600000,10,655,10500000,4100000,24700000,4200000, Approved
7918,4, Graduate, Yes,4700000,12600000,6,590,5900000,8500000,11500000,2400000, Approved
7919,5, Graduate, Yes,7400000,21700000,6,429,2900000,7600000,29300000,7200000, Rejected
7920,0, Not Graduate, No,5000000,18900000,14,595,7700000,10600000,16200000,3800000, Approved
7921,5, Not Graduate, No,8200000,25300000,2,444,3500000,8200000,21300000,6800000, Approved
7922,0, Not Graduate, No,2700000,8200000,12,853,4500000,5100000,6500000,2700000, Approved
7923,4, Not Graduate, No,6700000,22100000,12,794,500000,8800000,24400000,5800000, Approved
7924,2, Graduate, Yes,9500000,37400000,4,431,10200000,16200000,34300000,12800000, Approved
7925,2, Not Graduate, Yes,6700000,22700000,8,485,6300000,8900000,18800000,6300000, Rejected
7926,1, Not Graduate, No,9300000,30700000,18,900,17200000,8000000,28600000,10900000, Approved
7927,3, Graduate, No,3100000,8100000,8,334,4700000,5000000,9800000,1500000, Rejected
7928,0, Not Graduate, No,2600000,6100000,20,688,7300000,400000,7100000,1900000, Approved
7929,2, Not Graduate, Yes,7200000,23100000,10,663,8300000,5400000,16600000,7900000, Approved
7930,4, Graduate, Yes,3600000,8900000,4,452,3900000,3700000,12100000,3900000, Rejected
7931,4, Not Graduate, No,4000000,9300000,2,689,8800000,6000000,13900000,3100000, Approved
7932,0, Not Graduate, Yes,3200000,8100000,8,625,1700000,4600000,11600000,3400000, Approved
7933,4, Not Graduate, No,9100000,26200000,12,856,4600000,1700000,33800000,11600000, Approved
7934,0, Not Graduate, No,7000000,23100000,2,613,7700000,7300000,22200000,9800000, Approved
7935,5, Graduate, No,5000000,18900000,20,420,6400000,10300000,15800000,7300000, Rejected
7936,2, Not Graduate, Yes,1900000,5600000,4,790,1300000,2100000,6200000,2300000, Approved
7937,4, Not Graduate, No,2600000,8300000,4,339,4900000,700000,10100000,3300000, Approved
7938,5, Graduate, Yes,6600000,26000000,6,419,14800000,12500000,25100000,4000000, Rejected
7939,2, Graduate, No,2200000,6200000,2,352,1400000,2100000,4000000,1400000, Rejected
7940,2, Graduate, No,4500000,17200000,16,659,5900000,7500000,12700000,6400000, Approved
7941,4, Graduate, No,6900000,18900000,18,525,7000000,3600000,22100000,7100000, Rejected
7942,1, Graduate, No,1900000,4700000,6,880,500000,2700000,5800000,1800000, Approved
7943,1, Graduate, Yes,6300000,19500000,2,300,16100000,1700000,19000000,3300000, Approved
7944,3, Not Graduate, No,7400000,23300000,16,702,19100000,3000000,20400000,8100000, Approved
7945,3, Not Graduate, Yes,900000,2700000,8,316,1900000,1100000,1800000,300000, Rejected
7946,4, Not Graduate, No,6700000,18400000,2,731,16100000,8400000,19000000,9300000, Approved
7947,1, Graduate, Yes,4400000,10200000,2,780,4200000,4900000,17200000,5100000, Approved
7948,0, Graduate, No,2500000,9200000,2,625,4000000,2300000,10000000,2800000, Approved
7949,2, Not Graduate, Yes,6300000,20900000,14,343,7400000,200000,23500000,4900000, Rejected
7950,1, Not Graduate, Yes,7400000,26900000,18,730,1700000,13400000,22800000,7300000, Approved
7951,1, Graduate, Yes,2600000,10100000,2,545,6100000,2900000,7700000,3400000, Approved
7952,4, Graduate, No,8800000,25200000,16,630,11900000,10000000,21200000,10300000, Approved
7953,5, Not Graduate, No,9200000,31800000,10,799,17400000,4000000,29800000,13400000, Rejected
7954,0, Not Graduate, No,7400000,27100000,14,786,6100000,12000000,25000000,4500000, Approved
7955,4, Not Graduate, Yes,6400000,15100000,2,330,17300000,12100000,13300000,4700000, Rejected
7956,5, Not Graduate, No,2000000,5400000,14,315,3800000,1300000,5000000,1900000, Rejected
7957,2, Graduate, Yes,4200000,8300000,4,862,9400000,2400000,13900000,2300000, Rejected
7958,3, Graduate, Yes,6100000,22900000,4,320,18200000,11400000,20400000,7700000, Approved
7959,0, Graduate, No,2900000,7500000,10,409,7600000,2300000,6900000,3400000, Rejected
7960,4, Not Graduate, No,1100000,4200000,8,615,1500000,2000000,3100000,1100000, Approved
7961,2, Not Graduate, No,6500000,25100000,18,427,1300000,13200000,18100000,7400000, Rejected
7962,3, Graduate, No,8400000,24100000,4,317,13200000,3600000,30000000,4400000, Rejected
7963,3, Not Graduate, No,3600000,8500000,12,392,6000000,4000000,10700000,4100000, Rejected
7964,4, Not Graduate, Yes,400000,1200000,10,661,200000,400000,1400000,300000, Approved
7965,0, Graduate, Yes,7800000,20900000,6,309,16200000,11900000,27100000,8700000, Rejected
7966,0, Graduate, Yes,6600000,16800000,16,753,17100000,7400000,16100000,3300000, Approved
7967,5, Not Graduate, No,6000000,23800000,18,625,9400000,7400000,20000000,7800000, Approved
7968,0, Graduate, No,2800000,5600000,8,824,100000,1200000,6400000,1800000, Approved
7969,2, Not Graduate, No,7500000,18200000,12,474,5700000,1700000,16300000,8800000, Approved
7970,2, Not Graduate, No,7300000,23200000,12,725,8300000,4000000,15600000,9800000, Approved
7971,4, Not Graduate, Yes,9200000,30500000,6,640,23600000,6500000,36300000,6200000, Approved
7972,0, Not Graduate, Yes,1800000,5900000,16,793,1200000,0,5100000,1900000, Approved
7973,4, Graduate, No,4000000,13400000,4,808,9300000,2600000,12400000,4300000, Approved
7974,3, Not Graduate, Yes,2000000,6600000,6,821,2300000,2800000,6600000,2900000, Approved
7975,4, Not Graduate, No,400000,1300000,6,830,200000,300000,900000,500000, Approved
7976,5, Not Graduate, No,3300000,10100000,6,832,8000000,5700000,8300000,3000000, Approved
7977,5, Not Graduate, Yes,800000,2400000,4,755,600000,900000,1700000,500000, Approved
7978,0, Not Graduate, No,7500000,29400000,14,728,700000,15500000,31600000,8200000, Approved
7979,4, Graduate, Yes,8100000,26300000,4,655,1100000,2400000,25700000,7900000, Approved
7980,3, Graduate, Yes,5500000,12400000,12,400,7500000,9100000,22200000,6600000, Rejected
7981,2, Not Graduate, Yes,200000,400000,6,737,100000,0,600000,0, Approved
7982,1, Not Graduate, Yes,5200000,18000000,14,513,2300000,1500000,15800000,5200000, Rejected
7983,3, Graduate, Yes,1000000,3600000,4,775,900000,0,2100000,500000, Rejected
7984,1, Graduate, No,8000000,15400000,20,347,17500000,5500000,26800000,4200000, Rejected
7985,4, Not Graduate, No,6600000,15300000,14,647,5000000,13100000,16100000,9500000, Approved
7986,5, Graduate, No,1400000,3100000,6,745,3500000,2700000,6000000,1200000, Approved
7987,0, Not Graduate, No,9900000,22300000,16,403,1100000,19700000,21400000,9000000, Rejected
7988,4, Graduate, No,6200000,18100000,18,890,6900000,2400000,12400000,7400000, Approved
7989,0, Not Graduate, Yes,200000,1100000,6,752,200000,0,900000,400000, Approved
7990,3, Graduate, No,4400000,17000000,18,773,8800000,6900000,15700000,6900000, Approved
7991,3, Graduate, No,5700000,12400000,4,757,9600000,8000000,13000000,5400000, Approved
7992,3, Not Graduate, No,8300000,21000000,8,512,17200000,7400000,31500000,13400000, Rejected
7993,2, Not Graduate, No,4200000,17100000,4,339,12300000,6900000,9100000,5700000, Approved
7994,2, Graduate, No,4600000,15800000,18,711,6700000,8900000,14100000,5500000, Approved
7995,4, Graduate, No,4200000,16400000,4,570,11000000,5900000,9600000,2100000, Approved
7996,1, Graduate, Yes,9700000,35600000,8,402,400000,1000000,26900000,14800000, Rejected
7997,0, Graduate, No,4200000,15000000,16,649,4100000,2500000,15100000,2900000, Approved
7998,4, Graduate, Yes,1400000,4400000,2,603,1200000,500000,2900000,1400000, Approved
7999,4, Not Graduate, Yes,2400000,5000000,4,685,1600000,2800000,6900000,1200000, Approved
8000,5, Not Graduate, Yes,7600000,23300000,6,363,2200000,12500000,27600000,9700000, Approved
8001,1, Not Graduate, Yes,5600000,18500000,10,561,6700000,8700000,19900000,8200000, Rejected
8002,3, Graduate, No,8500000,23600000,10,777,11000000,6400000,32400000,7300000, Approved
8003,0, Not Graduate, No,2600000,9700000,18,883,2800000,1200000,5100000,2300000, Approved
8004,1, Not Graduate, Yes,4900000,12700000,12,526,6700000,7000000,13400000,3800000, Rejected
8005,0, Graduate, No,7500000,24400000,20,621,7400000,7600000,23300000,5900000, Approved
8006,3, Graduate, Yes,8400000,33100000,14,341,7200000,9900000,22000000,6500000, Rejected
8007,3, Not Graduate, No,7100000,21800000,4,721,11700000,4400000,24400000,5800000, Approved
8008,2, Not Graduate, No,4300000,17300000,2,558,7600000,2500000,13900000,4100000, Approved
8009,2, Not Graduate, Yes,2400000,5200000,12,748,300000,2400000,5400000,3200000, Approved
8010,3, Not Graduate, No,8700000,18300000,8,711,18100000,4500000,29000000,7800000, Approved
8011,4, Not Graduate, Yes,2400000,5000000,4,714,1300000,2900000,6600000,1300000, Approved
8012,4, Graduate, Yes,1000000,2900000,8,569,1500000,800000,3200000,800000, Approved
8013,3, Graduate, Yes,9000000,23400000,2,656,3600000,17500000,19400000,5500000, Rejected
8014,1, Not Graduate, Yes,6000000,21500000,14,854,5000000,7400000,22900000,8100000, Approved
8015,0, Not Graduate, Yes,8400000,27500000,8,539,2500000,6100000,19100000,7300000, Rejected
8016,4, Graduate, No,5600000,18800000,12,590,13400000,5900000,19700000,7500000, Approved
8017,4, Graduate, No,4600000,16800000,16,803,4800000,8400000,11400000,2700000, Approved
8018,0, Not Graduate, Yes,5500000,13600000,4,820,11400000,8300000,19500000,5900000, Approved
8019,4, Not Graduate, No,600000,900000,18,330,700000,200000,700000,200000, Rejected
8020,2, Not Graduate, No,9900000,19100000,6,300,22500000,2000000,29600000,10600000, Rejected
8021,4, Not Graduate, No,1000000,4000000,20,833,3100000,1200000,3800000,1200000, Approved
8022,0, Graduate, Yes,700000,1300000,10,597,1000000,100000,1700000,400000, Approved
8023,0, Not Graduate, Yes,3700000,7800000,14,353,11800000,400000,11500000,3500000, Rejected
8024,4, Graduate, No,2700000,6400000,18,422,2100000,4300000,8400000,1900000, Rejected
8025,5, Not Graduate, No,3100000,11700000,16,829,5200000,1900000,5900000,2900000, Approved
8026,0, Graduate, Yes,3100000,8600000,2,432,4200000,5800000,9700000,3900000, Rejected
8027,3, Not Graduate, Yes,2100000,8700000,2,893,4800000,1600000,6300000,3000000, Approved
8028,4, Graduate, No,5500000,12300000,12,809,10200000,9600000,14100000,3200000, Approved
8029,5, Not Graduate, Yes,9100000,24200000,12,646,1500000,10900000,36800000,4800000, Approved
8030,5, Graduate, Yes,7700000,22600000,2,750,4600000,6300000,16600000,5800000, Approved
8031,3, Not Graduate, No,1700000,6100000,18,620,3600000,600000,5600000,1400000, Approved
8032,0, Not Graduate, Yes,1800000,3900000,2,775,2200000,800000,3300000,1400000, Approved
8033,1, Graduate, No,5000000,13200000,2,384,4400000,5600000,10800000,3600000, Rejected
8034,0, Graduate, Yes,8400000,17400000,12,326,15500000,16600000,30100000,9300000, Rejected
8035,4, Graduate, Yes,300000,1200000,2,500,400000,100000,1100000,400000, Approved
8036,0, Not Graduate, No,7200000,26000000,6,858,13600000,11100000,23700000,7200000, Approved
8037,2, Graduate, No,6900000,20800000,8,386,3100000,12000000,21700000,8800000, Rejected
8038,0, Not Graduate, Yes,2500000,6900000,14,531,4600000,3500000,6100000,1300000, Approved
8039,0, Not Graduate, Yes,900000,3500000,10,674,1300000,600000,3500000,500000, Approved
8040,4, Graduate, No,6600000,16100000,4,595,10500000,9600000,23200000,6200000, Approved
8041,3, Not Graduate, No,3300000,13100000,2,557,6200000,2600000,6900000,3800000, Approved
8042,2, Graduate, No,7000000,21700000,12,699,10900000,14500000,23400000,4900000, Approved
8043,2, Graduate, No,7200000,25100000,12,540,13300000,6400000,24700000,6600000, Approved
8044,0, Not Graduate, Yes,3900000,11700000,4,511,6200000,400000,9900000,5300000, Rejected
8045,2, Not Graduate, No,7200000,21000000,14,607,5600000,12500000,15300000,9600000, Approved
8046,4, Graduate, Yes,600000,2600000,16,453,600000,600000,2200000,300000, Rejected
8047,0, Graduate, No,9500000,29600000,18,594,6000000,10700000,30600000,14900000, Approved
8048,4, Not Graduate, Yes,8400000,24100000,2,301,7900000,9300000,27200000,10400000, Approved
8049,4, Graduate, Yes,4800000,10900000,20,800,10400000,3800000,10500000,2400000, Approved
8050,0, Not Graduate, No,4000000,11600000,12,305,4600000,5900000,9000000,2000000, Rejected
8051,4, Graduate, Yes,9100000,25900000,10,357,23400000,6400000,28600000,11800000, Rejected
8052,4, Graduate, Yes,2500000,8400000,10,761,6900000,1200000,8200000,1500000, Approved
8053,1, Not Graduate, Yes,8600000,26200000,8,826,21400000,6300000,32200000,11700000, Rejected
8054,1, Not Graduate, Yes,1000000,2800000,16,749,1900000,1300000,3000000,1300000, Approved
8055,1, Graduate, No,7100000,21100000,10,399,19400000,7200000,21700000,4700000, Rejected
8056,5, Not Graduate, Yes,1500000,5100000,4,363,2200000,800000,3900000,1200000, Approved
8057,5, Not Graduate, No,8600000,28100000,8,514,9500000,1800000,30500000,6700000, Rejected
8058,4, Graduate, Yes,500000,2500000,16,591,900000,1300000,1400000,300000, Approved
8059,4, Not Graduate, Yes,4600000,10100000,12,685,7500000,7400000,15000000,6400000, Approved
8060,0, Not Graduate, No,5900000,13600000,20,796,6600000,11800000,17700000,4300000, Approved
8061,0, Graduate, No,7700000,31100000,4,798,20500000,13700000,28900000,6900000, Approved
8062,2, Not Graduate, No,3300000,8700000,18,643,1000000,4700000,9000000,3500000, Approved
8063,1, Graduate, No,2800000,7700000,16,677,2000000,3500000,8000000,2100000, Approved
8064,3, Not Graduate, Yes,7400000,23200000,12,874,6000000,3000000,26400000,3900000, Approved
8065,2, Graduate, No,9000000,21300000,18,816,6900000,15800000,23700000,13800000, Approved
8066,4, Not Graduate, No,10000000,27000000,6,778,16800000,7400000,29900000,11600000, Approved
8067,3, Not Graduate, Yes,9100000,24300000,8,395,12100000,15300000,19000000,5800000, Rejected
8068,0, Not Graduate, No,5800000,19800000,6,877,16400000,3700000,18200000,4100000, Approved
8069,4, Not Graduate, Yes,4600000,13900000,14,603,11800000,8300000,18300000,4500000, Approved
8070,4, Graduate, Yes,2600000,6200000,20,473,5800000,700000,9400000,3200000, Rejected
8071,4, Graduate, No,4400000,17000000,6,403,10200000,4000000,15800000,6400000, Rejected
8072,0, Not Graduate, Yes,5300000,11100000,20,363,3700000,500000,21800000,4500000, Rejected
8073,3, Not Graduate, No,4100000,12200000,6,544,5900000,2600000,12300000,4800000, Approved
8074,5, Graduate, Yes,1200000,4100000,2,552,500000,1300000,4200000,1600000, Approved
8075,0, Graduate, No,2900000,7100000,12,395,6700000,5000000,8000000,3500000, Rejected
8076,5, Graduate, Yes,2700000,10400000,6,384,5200000,3500000,7300000,3100000, Rejected
8077,3, Graduate, Yes,7200000,16300000,4,757,11400000,5700000,26100000,4000000, Approved
8078,0, Graduate, Yes,9200000,33900000,20,725,2700000,5700000,24700000,9900000, Approved
8079,3, Not Graduate, No,3100000,8400000,12,489,9300000,5000000,11900000,1900000, Rejected
8080,5, Not Graduate, No,1800000,5300000,14,339,3700000,1300000,4800000,1500000, Rejected
8081,5, Graduate, Yes,2500000,6900000,20,741,1600000,400000,8900000,2400000, Approved
8082,2, Graduate, No,3900000,11300000,6,736,1000000,3900000,11900000,2900000, Approved
8083,3, Graduate, No,8600000,28600000,16,746,400000,1800000,19100000,4600000, Rejected
8084,3, Graduate, No,9400000,19300000,14,487,4200000,16700000,27500000,6400000, Rejected
8085,0, Graduate, No,4800000,14700000,14,870,11400000,6600000,17500000,2200000, Approved
8086,3, Graduate, Yes,9900000,28600000,12,488,8400000,16400000,31000000,10200000, Rejected
8087,0, Not Graduate, Yes,2700000,6800000,20,823,700000,4100000,7200000,1800000, Approved
8088,3, Not Graduate, No,3700000,10100000,12,894,3900000,500000,14900000,2100000, Approved
8089,4, Not Graduate, Yes,2300000,8800000,2,478,1400000,3000000,4600000,2100000, Approved
8090,5, Graduate, No,7800000,21400000,20,524,5900000,8700000,24300000,5000000, Rejected
8091,5, Graduate, Yes,7600000,22400000,14,750,16300000,7800000,20000000,10800000, Approved
8092,0, Graduate, No,9200000,26700000,8,714,21500000,7200000,29300000,8300000, Approved
8093,1, Graduate, Yes,6100000,13100000,12,838,10600000,8900000,12000000,3700000, Approved
8094,4, Not Graduate, No,400000,1000000,10,827,900000,200000,900000,0, Approved
8095,3, Graduate, Yes,1300000,4400000,18,409,600000,800000,5100000,1200000, Rejected
8096,3, Not Graduate, Yes,5100000,10200000,12,847,13300000,4800000,10300000,7700000, Approved
8097,4, Not Graduate, No,500000,900000,12,484,800000,0,1200000,200000, Rejected
8098,5, Not Graduate, Yes,3000000,6400000,6,717,8200000,1600000,7900000,1500000, Approved
8099,1, Not Graduate, Yes,1400000,5000000,20,399,800000,900000,3900000,1800000, Rejected
8100,2, Not Graduate, No,2500000,6900000,8,442,8000000,700000,9200000,2200000, Rejected
8101,4, Not Graduate, No,4500000,12200000,6,442,8900000,1300000,17700000,3200000, Rejected
8102,1, Graduate, No,1400000,5400000,12,675,2900000,0,3600000,700000, Approved
8103,0, Not Graduate, Yes,3700000,9700000,12,633,10900000,2400000,9100000,2600000, Approved
8104,5, Not Graduate, Yes,1900000,7500000,12,785,3400000,3500000,4200000,1200000, Approved
8105,0, Graduate, Yes,4800000,11900000,12,499,4700000,600000,16200000,3400000, Rejected
8106,5, Graduate, No,8100000,26300000,20,769,7800000,14500000,27600000,7800000, Approved
8107,1, Not Graduate, Yes,300000,1400000,16,701,300000,200000,1100000,200000, Approved
8108,4, Not Graduate, Yes,9000000,23800000,10,461,10800000,16000000,21800000,8200000, Rejected
8109,2, Not Graduate, No,5100000,15200000,12,639,12900000,5200000,17700000,4000000, Approved
8110,0, Graduate, Yes,3600000,10500000,12,494,3000000,6800000,14200000,3300000, Rejected
8111,0, Graduate, Yes,1100000,4900000,4,825,500000,200000,3300000,600000, Rejected
8112,4, Graduate, Yes,4600000,13500000,6,545,5200000,7800000,12400000,2200000, Approved
8113,1, Graduate, No,2200000,6900000,20,533,4800000,3300000,5800000,4000000, Rejected
8114,4, Not Graduate, No,5700000,22600000,18,350,11900000,5100000,24900000,4800000, Rejected
8115,4, Graduate, Yes,5900000,18300000,12,624,17100000,3500000,22300000,3700000, Approved
8116,0, Graduate, No,9400000,35100000,14,516,9600000,5100000,23400000,13000000, Rejected
8117,1, Not Graduate, Yes,9300000,29900000,10,415,5700000,7400000,28900000,10300000, Rejected
8118,3, Not Graduate, Yes,3700000,13500000,16,655,5000000,300000,12600000,5200000, Approved
8119,1, Not Graduate, No,2000000,4400000,14,741,1200000,2000000,4500000,1100000, Approved
8120,1, Not Graduate, Yes,700000,1700000,8,885,100000,200000,1300000,600000, Approved
8121,2, Not Graduate, Yes,7200000,21100000,12,662,12600000,4900000,21800000,5000000, Approved
8122,3, Not Graduate, No,700000,2300000,16,718,700000,0,2000000,400000, Approved
8123,3, Not Graduate, Yes,7900000,27000000,2,363,14400000,1900000,26400000,11200000, Approved
8124,3, Not Graduate, Yes,6800000,16100000,20,313,20700000,7500000,16600000,5900000, Rejected
8125,3, Graduate, Yes,5500000,13600000,12,363,7800000,9600000,21800000,6400000, Rejected
8126,5, Graduate, No,4900000,12200000,10,879,12700000,3900000,13800000,5900000, Approved
8127,5, Not Graduate, No,7000000,21200000,14,871,1900000,600000,15200000,7200000, Approved
8128,1, Graduate, Yes,9300000,28000000,12,564,2100000,4500000,28900000,7000000, Approved
8129,0, Graduate, No,2100000,6300000,4,848,1000000,1500000,6500000,1200000, Approved
8130,0, Not Graduate, No,7100000,28100000,10,634,13300000,1100000,15300000,9000000, Approved
8131,0, Not Graduate, No,8300000,31100000,8,864,4800000,8800000,29500000,6300000, Approved
8132,0, Not Graduate, Yes,7600000,25200000,18,834,9100000,700000,17600000,6100000, Approved
8133,0, Not Graduate, Yes,300000,1100000,8,825,400000,100000,800000,400000, Approved
8134,1, Graduate, No,6400000,16900000,2,695,6400000,7000000,16400000,7000000, Approved
8135,0, Graduate, No,5600000,11000000,14,454,9100000,10000000,18100000,6600000, Rejected
8136,1, Graduate, Yes,6900000,26600000,16,702,3900000,10500000,19000000,8600000, Approved
8137,4, Not Graduate, No,1900000,3800000,20,798,1000000,600000,6200000,1400000, Approved
8138,0, Graduate, No,7300000,21700000,14,475,10000000,5900000,25900000,6200000, Rejected
8139,1, Not Graduate, No,8600000,21200000,8,887,15800000,5700000,27900000,6700000, Approved
8140,3, Graduate, Yes,9500000,26600000,14,643,4900000,15000000,32700000,11500000, Approved
8141,3, Graduate, No,8000000,27300000,6,599,21200000,15400000,20700000,7200000, Approved
8142,5, Graduate, No,8800000,36300000,10,854,22300000,11500000,34100000,9600000, Approved
8143,2, Graduate, Yes,6200000,23600000,10,472,7200000,2400000,11600000,7100000, Rejected
8144,5, Not Graduate, Yes,1500000,5600000,2,402,800000,1400000,2800000,1300000, Approved
8145,1, Not Graduate, Yes,6400000,18500000,10,725,11400000,8800000,19600000,4400000, Rejected
8146,0, Not Graduate, Yes,8500000,17900000,20,714,20400000,0,30500000,7000000, Approved
8147,1, Not Graduate, Yes,9700000,18800000,16,635,100000,10300000,36900000,12000000, Approved
8148,4, Not Graduate, Yes,2900000,9500000,18,822,300000,3400000,10300000,1700000, Approved
8149,1, Graduate, Yes,8400000,27900000,20,390,12000000,14900000,27700000,8400000, Rejected
8150,2, Graduate, No,4200000,9500000,2,487,11600000,8500000,10900000,2400000, Rejected
8151,2, Not Graduate, No,1300000,4400000,6,417,0,900000,2900000,1200000, Rejected
8152,2, Not Graduate, Yes,1900000,4900000,4,337,5400000,0,7600000,1500000, Rejected
8153,4, Not Graduate, Yes,4100000,9100000,2,896,6400000,5100000,10700000,5500000, Approved
8154,4, Graduate, Yes,6900000,22200000,12,614,3900000,8000000,20300000,4500000, Approved
8155,4, Graduate, Yes,4800000,10900000,4,335,10100000,100000,9100000,6600000, Rejected
8156,3, Not Graduate, No,6000000,15100000,10,492,6700000,3600000,19200000,5600000, Rejected
8157,3, Graduate, No,2300000,6800000,10,401,3000000,2700000,6500000,1400000, Rejected
8158,5, Graduate, Yes,5600000,15100000,20,813,14700000,9900000,15300000,3700000, Approved
8159,3, Graduate, Yes,6400000,20200000,12,781,1900000,2300000,14800000,3200000, Approved
8160,3, Not Graduate, No,7700000,17200000,6,428,13300000,3700000,25100000,9600000, Rejected
8161,0, Graduate, No,9400000,28900000,12,469,19800000,6800000,33300000,6300000, Rejected
8162,2, Not Graduate, No,7500000,19600000,12,459,5200000,1600000,16400000,9300000, Rejected
8163,4, Graduate, Yes,1900000,7800000,6,818,5600000,2600000,3800000,2900000, Approved
8164,3, Not Graduate, Yes,400000,300000,6,400,700000,400000,1300000,300000, Rejected
8165,4, Not Graduate, No,4400000,10500000,16,899,9400000,7900000,13300000,5300000, Approved
8166,2, Graduate, No,400000,1600000,10,348,200000,200000,1900000,900000, Rejected
8167,3, Graduate, No,900000,2400000,12,827,1500000,200000,1600000,700000, Approved
8168,1, Graduate, No,6300000,19800000,18,832,11200000,3400000,14200000,4700000, Approved
8169,5, Not Graduate, No,6800000,18800000,14,846,1900000,600000,15700000,7700000, Approved
8170,3, Not Graduate, Yes,5000000,10700000,12,831,10000000,5200000,16400000,7800000, Approved
8171,0, Not Graduate, Yes,3600000,11100000,12,694,4400000,4900000,10300000,2400000, Approved
8172,1, Graduate, No,3000000,8300000,4,413,1100000,2400000,10800000,3500000, Rejected
8173,2, Graduate, Yes,3300000,9000000,16,364,2600000,3800000,7600000,3600000, Rejected
8174,2, Not Graduate, Yes,300000,400000,8,507,300000,100000,700000,200000, Rejected
8175,0, Not Graduate, No,8900000,18600000,10,759,4700000,1700000,21800000,13600000, Approved
8176,4, Not Graduate, Yes,8300000,24800000,14,725,11000000,11700000,20500000,5300000, Approved
8177,4, Graduate, No,8200000,27700000,14,873,21700000,8100000,22000000,8400000, Approved
8178,5, Graduate, No,400000,1400000,12,444,1300000,500000,1100000,400000, Rejected
8179,3, Not Graduate, No,8900000,37800000,6,416,20700000,13600000,31900000,9100000, Rejected
8180,1, Graduate, No,4500000,16700000,12,628,10000000,7600000,10900000,3700000, Approved
8181,2, Not Graduate, Yes,4600000,16700000,4,309,11900000,7400000,10300000,6100000, Approved
8182,4, Not Graduate, Yes,9600000,29800000,20,873,24500000,18100000,19800000,8900000, Approved
8183,3, Graduate, Yes,3500000,9300000,20,722,1300000,1600000,6900000,2300000, Approved
8184,0, Graduate, Yes,6100000,14200000,16,585,8700000,4200000,16600000,4000000, Approved
8185,1, Not Graduate, Yes,3900000,10800000,14,731,3800000,2700000,14400000,4000000, Approved
8186,4, Graduate, No,3800000,10500000,8,838,6900000,2500000,14200000,4100000, Approved
8187,0, Graduate, No,4800000,15000000,4,879,3200000,8900000,13700000,4000000, Approved
8188,1, Graduate, No,7400000,19700000,20,827,5600000,2300000,21200000,8800000, Approved
8189,2, Graduate, Yes,1700000,4200000,8,637,1200000,3000000,6200000,1500000, Approved
8190,2, Graduate, No,4300000,9200000,2,497,10200000,8000000,11300000,2200000, Rejected
8191,5, Not Graduate, Yes,7200000,22100000,2,851,9900000,5100000,21200000,5300000, Approved
8192,5, Graduate, Yes,2300000,8600000,2,736,1900000,1700000,9400000,2100000, Approved
8193,3, Graduate, No,1500000,3600000,8,847,1600000,200000,5200000,1700000, Approved
8194,4, Graduate, No,300000,1200000,18,530,900000,0,900000,300000, Rejected
8195,0, Not Graduate, No,5900000,26900000,8,722,12100000,12600000,22500000,9700000, Approved
8196,2, Graduate, Yes,2200000,8000000,6,687,6000000,1600000,6600000,1600000, Approved
8197,0, Graduate, Yes,5400000,19200000,6,435,3600000,3800000,14600000,9000000, Rejected
8198,0, Not Graduate, Yes,1800000,6500000,12,719,3300000,0,6300000,1900000, Approved
8199,5, Not Graduate, No,1200000,4800000,4,344,3200000,1400000,3400000,1700000, Approved
8200,4, Graduate, Yes,7100000,25700000,6,550,4900000,0,21800000,4200000, Approved
8201,2, Graduate, Yes,5300000,18700000,10,533,6500000,4500000,18400000,3900000, Rejected
8202,1, Not Graduate, No,2700000,7900000,6,360,3800000,4400000,8700000,3500000, Rejected
8203,4, Not Graduate, Yes,500000,1300000,18,761,1400000,0,1600000,300000, Approved
8204,1, Not Graduate, Yes,3300000,11300000,2,540,6200000,3800000,11500000,5200000, Approved
8205,5, Graduate, No,6700000,19100000,8,876,12000000,0,22500000,9600000, Approved
8206,2, Graduate, Yes,5800000,19600000,8,362,2600000,1300000,14000000,4000000, Rejected
8207,4, Graduate, Yes,8500000,31900000,20,399,13700000,2900000,33200000,12500000, Rejected
8208,1, Graduate, No,3000000,6900000,14,570,600000,5000000,6600000,4000000, Approved
8209,1, Not Graduate, Yes,5600000,17700000,14,857,16500000,4600000,15800000,7700000, Approved
8210,1, Not Graduate, No,2900000,6100000,12,336,2000000,2000000,8700000,2100000, Rejected
8211,0, Graduate, Yes,9900000,20100000,20,720,19700000,14900000,23600000,12800000, Approved
8212,0, Not Graduate, Yes,9100000,34300000,4,731,16100000,16500000,23000000,10900000, Approved
8213,3, Not Graduate, No,3300000,9100000,14,445,3300000,1100000,6900000,4300000, Rejected
8214,2, Graduate, No,1100000,3600000,18,900,2300000,600000,3000000,300000, Approved
8215,3, Graduate, Yes,2900000,5700000,18,626,200000,3300000,7800000,3200000, Approved
8216,3, Not Graduate, Yes,500000,1700000,4,838,800000,700000,1400000,400000, Approved
8217,5, Graduate, No,7500000,19300000,12,357,10100000,1100000,20500000,8500000, Approved
8218,5, Not Graduate, Yes,500000,1600000,20,885,1200000,100000,2300000,800000, Approved
8219,5, Graduate, Yes,4000000,12300000,2,713,10900000,100000,15400000,4400000, Approved
8220,2, Graduate, No,3100000,7700000,12,871,4600000,4200000,8700000,1900000, Approved
8221,3, Not Graduate, Yes,8000000,28400000,2,783,25100000,4300000,19400000,10900000, Approved
8222,5, Not Graduate, No,9300000,20500000,14,434,25900000,9500000,32300000,7500000, Rejected
8223,5, Not Graduate, No,600000,1400000,4,336,1400000,800000,2500000,200000, Rejected
8224,4, Not Graduate, Yes,900000,2300000,2,491,1100000,1200000,2300000,500000, Approved
8225,0, Not Graduate, No,9000000,34200000,14,720,7900000,13800000,23000000,6800000, Approved
8226,2, Graduate, No,7300000,20300000,2,311,19300000,11400000,25000000,9500000, Approved
8227,2, Graduate, No,2500000,7400000,4,840,3200000,4200000,5900000,1400000, Approved
8228,0, Not Graduate, Yes,5900000,19300000,8,555,4000000,6300000,19900000,5700000, Rejected
8229,3, Graduate, No,9500000,34400000,8,554,21900000,14400000,29500000,11100000, Approved
8230,5, Not Graduate, No,1400000,3000000,6,746,3400000,2600000,5500000,1600000, Approved
8231,0, Graduate, Yes,2600000,8300000,8,707,3600000,4100000,7200000,3400000, Approved
8232,3, Not Graduate, Yes,9000000,19200000,12,720,24500000,7800000,29700000,13300000, Approved
8233,4, Graduate, Yes,9600000,26600000,2,423,18900000,3100000,23000000,10200000, Rejected
8234,4, Not Graduate, No,2000000,5400000,2,783,2700000,3300000,7300000,2300000, Approved
8235,5, Not Graduate, No,7900000,26900000,4,726,4400000,12700000,18800000,7300000, Rejected
8236,3, Not Graduate, No,5600000,12200000,18,365,4600000,2900000,15400000,7800000, Rejected
8237,2, Not Graduate, No,6400000,25100000,18,448,1200000,12200000,18500000,7500000, Rejected
8238,2, Graduate, No,9800000,31600000,20,523,26000000,2800000,23900000,5000000, Rejected
8239,5, Not Graduate, Yes,8000000,22000000,4,474,5700000,13900000,28500000,5200000, Rejected
8240,3, Graduate, No,7900000,16600000,20,900,11700000,10600000,29800000,5400000, Approved
8241,5, Graduate, No,5100000,20600000,12,693,16300000,9800000,20900000,5300000, Approved
8242,1, Graduate, No,8500000,24000000,8,529,12700000,17400000,17100000,6000000, Rejected
8243,5, Graduate, Yes,1500000,5200000,2,467,0,2700000,5300000,1600000, Approved
8244,0, Graduate, No,600000,1500000,2,639,400000,300000,2000000,300000, Approved
8245,0, Graduate, No,9000000,35300000,14,539,10200000,5500000,20200000,13300000, Rejected
8246,4, Not Graduate, Yes,3000000,9300000,14,768,2900000,2900000,6900000,4500000, Approved
8247,0, Graduate, No,8300000,19200000,18,620,2500000,14600000,24700000,10600000, Approved
8248,4, Not Graduate, Yes,7900000,17200000,16,501,800000,4200000,16900000,9100000, Rejected
8249,4, Graduate, Yes,7000000,21500000,10,590,12000000,2100000,14900000,6000000, Approved
8250,3, Graduate, No,5000000,20500000,6,745,1800000,2600000,12000000,7500000, Approved
8251,5, Not Graduate, Yes,600000,1500000,4,474,100000,300000,1100000,700000, Approved
8252,2, Not Graduate, Yes,3400000,12400000,4,838,4900000,1600000,14000000,5400000, Approved
8253,2, Not Graduate, Yes,4800000,16500000,12,796,2400000,5500000,14400000,6600000, Approved
8254,0, Graduate, Yes,8800000,29600000,18,638,900000,13200000,33100000,12100000, Approved
8255,5, Not Graduate, Yes,10000000,27900000,10,766,9200000,3000000,31800000,10100000, Approved
8256,4, Not Graduate, Yes,5800000,17600000,2,749,12000000,9400000,20100000,3200000, Approved
8257,5, Not Graduate, No,400000,1400000,16,527,500000,700000,1600000,200000, Approved
8258,3, Not Graduate, No,2300000,9300000,2,690,3000000,4100000,5700000,1500000, Approved
8259,0, Not Graduate, Yes,3300000,8700000,2,389,4500000,5600000,10000000,3600000, Rejected
8260,3, Graduate, Yes,7800000,16000000,8,413,12200000,15800000,23700000,6500000, Rejected
8261,0, Not Graduate, Yes,4600000,16900000,8,760,6600000,6700000,14700000,6400000, Approved
8262,0, Graduate, No,2900000,9500000,6,649,1300000,1500000,7900000,4000000, Approved
8263,0, Graduate, Yes,500000,1800000,12,374,1300000,1100000,2100000,400000, Rejected
8264,5, Not Graduate, Yes,8500000,23100000,16,567,21800000,2700000,23300000,8000000, Rejected
8265,1, Not Graduate, Yes,8600000,27200000,10,716,24200000,8600000,16200000,9500000, Approved
8266,0, Graduate, No,900000,2000000,18,555,1300000,1100000,1800000,300000, Approved
8267,2, Graduate, Yes,6900000,26300000,4,761,8400000,3500000,21200000,5500000, Approved
8268,5, Not Graduate, No,5800000,22300000,12,615,16300000,1100000,21200000,5700000, Approved
8269,1, Not Graduate, Yes,5300000,15200000,20,520,10800000,3000000,16800000,4700000, Rejected
8270,3, Graduate, Yes,4100000,14100000,16,762,4700000,6800000,14300000,3100000, Approved
8271,0, Graduate, Yes,300000,800000,2,881,0,400000,1400000,300000, Approved
8272,4, Not Graduate, No,8600000,21500000,6,626,4100000,200000,26000000,6500000, Approved
8273,2, Not Graduate, No,2600000,7000000,20,537,800000,1300000,5100000,2300000, Rejected
8274,1, Graduate, Yes,5000000,14700000,4,609,6400000,3400000,18300000,2700000, Approved
8275,2, Not Graduate, No,7200000,16500000,20,681,10500000,9000000,24100000,7200000, Approved
8276,4, Graduate, No,4500000,11800000,6,412,10600000,100000,13500000,7100000, Rejected
8277,5, Graduate, Yes,4000000,8700000,8,338,5100000,6700000,9400000,5300000, Rejected
8278,3, Not Graduate, No,800000,3000000,14,554,1100000,1300000,2600000,400000, Approved
8279,1, Not Graduate, Yes,4300000,15700000,18,396,800000,5300000,12800000,5400000, Rejected
8280,5, Not Graduate, Yes,3500000,9000000,18,691,8900000,3700000,10200000,3100000, Approved
8281,4, Graduate, Yes,7800000,26500000,12,470,20400000,7600000,16700000,7600000, Rejected
8282,2, Graduate, No,7300000,19800000,20,402,16500000,3600000,23700000,5400000, Rejected
8283,5, Graduate, No,7800000,26200000,4,765,12000000,2500000,25000000,10700000, Approved
8284,0, Not Graduate, No,9800000,22100000,20,615,30800000,9000000,22400000,4900000, Approved
8285,3, Not Graduate, No,2800000,9600000,12,563,7800000,3200000,7400000,1600000, Approved
8286,4, Graduate, No,9400000,32000000,6,900,17500000,4100000,21700000,10400000, Rejected
8287,3, Graduate, Yes,8300000,21500000,18,739,23300000,13800000,25100000,7500000, Approved
8288,2, Graduate, No,6800000,14900000,6,344,13800000,5500000,22900000,10200000, Rejected
8289,3, Not Graduate, Yes,5200000,14300000,4,367,11800000,9400000,15500000,5400000, Rejected
8290,3, Graduate, Yes,6500000,22600000,6,485,17600000,12400000,20800000,7300000, Approved
8291,3, Graduate, Yes,8100000,27200000,10,900,5300000,9400000,17000000,9600000, Approved
8292,1, Graduate, No,2600000,8400000,16,680,2000000,3500000,8000000,2100000, Approved
8293,4, Graduate, Yes,3900000,10600000,4,452,100000,7000000,15000000,2400000, Rejected
8294,1, Not Graduate, Yes,7800000,22400000,14,488,11900000,9400000,17300000,4300000, Approved
8295,0, Graduate, Yes,900000,2000000,6,759,400000,100000,1800000,400000, Approved
8296,3, Graduate, No,5300000,16600000,14,446,11200000,2700000,11600000,7000000, Approved
8297,3, Not Graduate, No,8100000,25900000,12,609,20800000,8700000,23800000,4800000, Approved
8298,1, Graduate, Yes,5200000,19800000,10,412,10700000,5900000,11400000,4500000, Approved
8299,3, Graduate, Yes,4800000,13300000,8,653,12000000,300000,9300000,7400000, Approved
8300,0, Graduate, No,9100000,30500000,10,442,25400000,2100000,33200000,5100000, Rejected
8301,5, Not Graduate, No,300000,500000,8,368,200000,400000,1300000,100000, Rejected
8302,2, Graduate, No,2600000,10300000,2,777,1200000,4100000,6100000,3900000, Approved
8303,3, Not Graduate, Yes,8600000,26600000,12,670,15500000,14900000,26500000,10800000, Approved
8304,1, Graduate, Yes,2000000,4300000,4,614,4700000,2800000,7600000,900000, Approved
8305,1, Graduate, No,7000000,21200000,20,570,18500000,6600000,15700000,5300000, Approved
8306,3, Not Graduate, No,4300000,16100000,12,534,3900000,900000,8600000,5300000, Rejected
8307,3, Graduate, No,3200000,6300000,18,900,2400000,3500000,10100000,4200000, Approved
8308,2, Not Graduate, Yes,0,800000,8,728,300000,0,600000,100000, Approved
8309,3, Not Graduate, No,7200000,18700000,12,844,16900000,9200000,14400000,4900000, Approved
8310,1, Graduate, No,6700000,25000000,4,492,7700000,4100000,16400000,6600000, Approved
8311,3, Not Graduate, No,3200000,9500000,12,806,6000000,5600000,10900000,4500000, Rejected
8312,3, Graduate, Yes,8400000,34800000,16,854,19400000,10400000,20000000,11300000, Approved
8313,3, Not Graduate, Yes,8700000,29000000,20,658,15000000,3500000,28400000,11200000, Approved
8314,1, Graduate, No,2100000,4900000,8,506,3600000,0,5800000,2900000, Rejected
8315,4, Not Graduate, Yes,5800000,21700000,16,419,15400000,4200000,22100000,7400000, Rejected
8316,5, Not Graduate, Yes,9800000,28300000,8,819,2300000,15800000,35300000,9700000, Approved
8317,1, Not Graduate, Yes,3400000,8500000,10,668,9600000,3700000,8900000,1900000, Approved
8318,4, Not Graduate, No,700000,1200000,14,353,300000,400000,2300000,700000, Rejected
8319,4, Graduate, Yes,8100000,28400000,2,705,600000,11400000,32500000,10000000, Approved
8320,0, Not Graduate, No,8600000,31400000,8,331,25700000,9900000,19000000,5600000, Rejected
8321,3, Graduate, No,3400000,13500000,4,818,7500000,5200000,12400000,3500000, Approved
8322,2, Not Graduate, Yes,5000000,12800000,6,531,8400000,9400000,12500000,5400000, Approved
8323,3, Not Graduate, No,6100000,22000000,6,379,6200000,11400000,17400000,5200000, Rejected
8324,0, Not Graduate, Yes,7000000,25000000,10,674,13900000,3100000,27700000,6300000, Rejected
8325,0, Graduate, Yes,3600000,12200000,2,347,0,7100000,12200000,3200000, Approved
8326,5, Not Graduate, Yes,6700000,18700000,12,437,5800000,1900000,18300000,7600000, Rejected
8327,4, Graduate, Yes,1400000,3000000,6,694,3900000,100000,4700000,1800000, Approved
8328,4, Not Graduate, No,5300000,16900000,20,788,8400000,5000000,11800000,3700000, Approved
8329,1, Graduate, Yes,8600000,16000000,2,329,21200000,6000000,25700000,4300000, Rejected
8330,3, Graduate, No,7600000,15300000,2,669,13900000,1100000,27200000,5400000, Approved
8331,0, Not Graduate, Yes,9500000,33700000,12,715,25500000,10000000,34900000,8200000, Approved
8332,0, Graduate, No,4300000,15100000,16,300,3200000,5200000,16200000,3100000, Rejected
8333,5, Graduate, No,4000000,12500000,6,519,0,1400000,17300000,3800000, Rejected
8334,3, Graduate, No,4100000,15000000,6,692,6200000,3900000,10600000,5700000, Approved
8335,1, Graduate, Yes,9000000,22600000,10,400,0,15500000,32000000,4800000, Rejected
8336,3, Graduate, No,6600000,20900000,4,455,3700000,3000000,23700000,7900000, Approved
8337,5, Graduate, Yes,7800000,16700000,16,513,800000,4300000,17200000,9200000, Rejected
8338,0, Not Graduate, No,4700000,17500000,8,300,7500000,8200000,17800000,4200000, Rejected
8339,0, Graduate, Yes,3900000,11800000,18,607,4000000,5200000,12300000,5200000, Approved
8340,0, Graduate, Yes,500000,1200000,20,483,1400000,400000,1900000,600000, Rejected
8341,4, Not Graduate, Yes,3400000,10800000,8,482,500000,4700000,7000000,2700000, Rejected
8342,3, Graduate, No,5400000,16900000,8,370,100000,8500000,14900000,6200000, Rejected
8343,5, Not Graduate, No,7300000,18500000,4,798,4800000,9500000,19200000,5100000, Rejected
8344,1, Not Graduate, Yes,5500000,21700000,8,787,1800000,700000,19000000,3800000, Approved
8345,5, Not Graduate, Yes,2500000,4700000,18,623,1500000,3700000,6300000,2900000, Approved
8346,3, Not Graduate, Yes,5600000,17900000,10,432,2800000,1400000,13100000,6100000, Rejected
8347,1, Not Graduate, Yes,6400000,18400000,10,718,11800000,9400000,18200000,4500000, Approved
8348,2, Graduate, No,3800000,9800000,16,406,8300000,400000,9300000,2400000, Rejected
8349,0, Not Graduate, Yes,2100000,8000000,20,787,0,3400000,7400000,2000000, Approved
8350,1, Graduate, Yes,9900000,34000000,2,810,10000000,900000,30300000,8900000, Approved
8351,0, Not Graduate, Yes,200000,700000,20,679,400000,0,400000,200000, Approved
8352,4, Not Graduate, Yes,3700000,8500000,2,900,8300000,6000000,13000000,2000000, Approved
8353,4, Graduate, No,4400000,16700000,16,799,4500000,7900000,11100000,2800000, Approved
8354,3, Not Graduate, Yes,1200000,3000000,16,366,1400000,200000,3100000,1500000, Rejected
8355,5, Graduate, Yes,8600000,28800000,6,752,13300000,5800000,19200000,7800000, Approved
8356,2, Graduate, No,5900000,13400000,4,878,8600000,5500000,17800000,4300000, Approved
8357,4, Not Graduate, No,1100000,2600000,2,588,600000,900000,3100000,1000000, Approved
8358,2, Graduate, No,7700000,18000000,20,531,2400000,9500000,27600000,10900000, Rejected
8359,0, Graduate, Yes,500000,1400000,4,845,700000,0,1800000,300000, Approved
8360,4, Graduate, No,6100000,22900000,2,888,2900000,2000000,13800000,6100000, Approved
8361,2, Graduate, No,4800000,13400000,2,543,13500000,5400000,9700000,4900000, Approved
8362,2, Not Graduate, No,2900000,7300000,2,799,8400000,3100000,9000000,3500000, Approved
8363,1, Graduate, No,2400000,7700000,6,364,3800000,4200000,8800000,3500000, Rejected
8364,0, Graduate, No,1800000,5900000,18,344,2800000,700000,6800000,1000000, Rejected
8365,2, Graduate, Yes,4000000,9100000,14,822,6400000,2300000,9300000,2500000, Approved
8366,1, Graduate, Yes,4300000,11300000,4,722,4700000,2900000,15800000,4000000, Approved
8367,4, Not Graduate, No,5700000,14200000,2,336,6700000,8000000,18800000,6500000, Rejected
8368,5, Not Graduate, Yes,1200000,5000000,10,747,2200000,2300000,4800000,1800000, Approved
8369,5, Not Graduate, Yes,6500000,26200000,10,682,4700000,7700000,20700000,9000000, Approved
8370,5, Not Graduate, Yes,9500000,35000000,14,307,3600000,12500000,38500000,13500000, Rejected
8371,4, Not Graduate, Yes,600000,1000000,20,747,1000000,500000,1500000,500000, Approved
8372,3, Not Graduate, No,7800000,27100000,18,597,19100000,13900000,24700000,5400000, Approved
8373,5, Not Graduate, No,500000,2700000,2,562,1000000,500000,1900000,1000000, Approved
8374,1, Graduate, No,5800000,19800000,12,647,10300000,11000000,16800000,4500000, Approved
8375,2, Not Graduate, Yes,3500000,11500000,14,462,1400000,7000000,13100000,2800000, Rejected
8376,4, Graduate, Yes,6800000,12700000,4,399,10400000,2200000,20700000,3700000, Rejected
8377,3, Graduate, No,7400000,15700000,20,900,12800000,10900000,27500000,5300000, Approved
8378,5, Not Graduate, Yes,3300000,7700000,16,616,8400000,300000,7400000,4800000, Approved
8379,4, Not Graduate, Yes,3700000,8000000,12,384,4800000,6600000,11000000,4700000, Rejected
8380,2, Graduate, Yes,8200000,31800000,10,387,13300000,1500000,21800000,7000000, Rejected
8381,5, Graduate, Yes,7200000,19700000,16,821,6200000,7800000,19800000,5700000, Approved
8382,4, Not Graduate, No,8500000,20400000,10,875,24400000,6700000,22100000,9500000, Rejected
8383,3, Graduate, Yes,4500000,12700000,14,627,7300000,1000000,11900000,7100000, Approved
8384,1, Not Graduate, Yes,9300000,32600000,2,487,8300000,10100000,24600000,5300000, Approved
8385,0, Graduate, Yes,6800000,23600000,10,738,14500000,10200000,23900000,5600000, Approved
8386,5, Not Graduate, No,400000,1500000,6,413,100000,700000,2000000,500000, Rejected
8387,3, Not Graduate, Yes,4000000,8200000,4,693,11300000,6400000,15500000,3700000, Approved
8388,3, Not Graduate, No,300000,1100000,16,511,400000,500000,800000,300000, Rejected
8389,3, Not Graduate, Yes,5300000,19400000,6,521,9400000,2900000,16700000,4300000, Rejected
8390,5, Not Graduate, No,6700000,17900000,8,336,17900000,9000000,17600000,8500000, Rejected
8391,3, Graduate, No,7500000,16100000,20,897,14000000,11100000,29500000,5800000, Approved
8392,1, Graduate, No,600000,1400000,10,568,900000,200000,1500000,500000, Approved
8393,2, Graduate, Yes,8000000,17500000,14,316,13800000,2600000,28900000,8700000, Rejected
8394,4, Graduate, No,5600000,21500000,14,862,5000000,8500000,15400000,3300000, Approved
8395,4, Graduate, Yes,8500000,18700000,10,627,15900000,3600000,21200000,12000000, Approved
8396,5, Not Graduate, Yes,9300000,27300000,6,824,2300000,15700000,32600000,9100000, Approved
8397,2, Not Graduate, Yes,6100000,12100000,16,664,4700000,5600000,22500000,4900000, Approved
8398,1, Graduate, No,8000000,26200000,20,664,14800000,2800000,18100000,8500000, Approved
8399,5, Graduate, Yes,5400000,20800000,20,728,7400000,1800000,11600000,7500000, Approved
8400,4, Graduate, Yes,2200000,7300000,18,879,2800000,1300000,8200000,3100000, Approved
8401,3, Not Graduate, Yes,7800000,17500000,6,823,14600000,15300000,24900000,10100000, Approved
8402,3, Graduate, Yes,10100000,29100000,12,512,8200000,16200000,30600000,11200000, Rejected
8403,4, Graduate, No,5400000,21700000,12,861,5300000,8600000,14800000,3200000, Approved
8404,0, Graduate, No,5500000,21500000,4,453,7500000,2700000,15200000,5500000, Rejected
8405,1, Not Graduate, No,5400000,13900000,4,420,6500000,7900000,11000000,5300000, Rejected
8406,4, Graduate, No,5900000,14600000,16,702,15100000,8000000,13500000,6300000, Approved
8407,3, Not Graduate, No,8000000,27300000,4,692,5400000,600000,25000000,8700000, Approved
8408,0, Graduate, Yes,9500000,18900000,12,498,22500000,500000,39500000,11600000, Rejected
8409,0, Graduate, Yes,7400000,16700000,16,521,21500000,4800000,24900000,10400000, Rejected
8410,0, Not Graduate, No,7900000,23800000,20,324,6300000,5200000,25600000,6000000, Rejected
8411,2, Not Graduate, No,1900000,5400000,12,656,5000000,1400000,4400000,3000000, Approved
8412,5, Graduate, No,3300000,12100000,6,490,7300000,6000000,6400000,2100000, Rejected
8413,3, Not Graduate, Yes,9000000,32400000,4,657,5600000,9700000,20400000,8000000, Approved
8414,5, Graduate, No,2700000,9400000,12,578,5500000,2300000,7300000,2700000, Approved
8415,0, Not Graduate, No,7900000,24700000,12,813,1200000,10400000,30000000,5100000, Approved
8416,0, Graduate, No,4100000,16600000,10,888,6600000,5400000,12000000,3800000, Approved
8417,5, Not Graduate, No,9500000,19900000,14,447,25700000,10700000,31400000,8300000, Rejected
8418,5, Graduate, No,1300000,3000000,12,644,500000,1700000,3900000,1800000, Approved
8419,3, Not Graduate, Yes,2000000,5800000,14,687,5600000,2800000,3700000,2600000, Approved
8420,4, Graduate, No,7500000,18900000,8,866,9600000,9200000,27700000,7800000, Approved
8421,0, Graduate, Yes,9600000,33400000,12,728,7100000,12900000,30800000,4500000, Approved
8422,5, Graduate, No,9200000,35400000,8,758,4200000,500000,33700000,9200000, Approved
8423,1, Graduate, Yes,5900000,23400000,14,625,2000000,10200000,20300000,6800000, Approved
8424,2, Graduate, No,600000,1500000,12,499,100000,1000000,2300000,500000, Rejected
8425,4, Graduate, No,800000,2400000,6,470,800000,500000,2500000,1100000, Rejected
8426,1, Not Graduate, No,700000,1700000,6,641,1400000,600000,1500000,500000, Approved
8427,1, Graduate, Yes,6500000,16700000,4,887,0,12900000,26700000,4300000, Approved
8428,1, Not Graduate, No,4300000,15800000,20,376,6900000,6400000,10000000,5500000, Rejected
8429,4, Not Graduate, Yes,5200000,16300000,14,366,8600000,2300000,9700000,4300000, Rejected
8430,1, Graduate, Yes,8600000,29200000,8,845,24100000,5700000,21600000,7500000, Approved
8431,3, Not Graduate, Yes,4300000,13900000,20,723,1300000,8900000,16800000,5800000, Approved
8432,0, Not Graduate, Yes,6700000,15400000,12,595,6100000,8100000,19300000,4100000, Approved
8433,3, Not Graduate, No,5800000,20700000,18,805,1400000,10600000,16700000,5700000, Approved
8434,5, Graduate, No,5500000,20000000,4,788,9900000,5900000,13300000,7300000, Approved
8435,2, Graduate, No,1400000,3100000,4,779,2100000,400000,3600000,1300000, Approved
8436,4, Not Graduate, Yes,8400000,25200000,14,373,11200000,15100000,27900000,8200000, Rejected
8437,4, Graduate, No,7900000,28300000,12,704,11800000,10700000,25100000,6800000, Approved
8438,3, Graduate, Yes,3300000,7300000,2,530,3500000,4600000,11800000,4500000, Rejected
8439,5, Not Graduate, Yes,7500000,26100000,4,612,11800000,14700000,27900000,5300000, Approved
8440,5, Graduate, No,400000,300000,6,736,300000,400000,300000,0, Approved
8441,3, Not Graduate, No,7700000,16600000,4,643,11500000,12800000,23700000,9100000, Approved
8442,2, Graduate, No,6200000,17500000,12,737,2200000,4400000,15100000,7600000, Approved
8443,0, Not Graduate, No,4900000,13800000,16,671,6400000,1700000,16100000,3900000, Approved
8444,0, Graduate, Yes,8800000,32900000,10,868,16600000,5800000,19500000,9600000, Approved
8445,0, Graduate, No,1200000,2800000,2,643,2700000,1100000,5400000,1100000, Approved
8446,3, Graduate, Yes,4000000,12600000,12,425,6700000,1900000,15100000,3200000, Rejected
8447,0, Graduate, Yes,800000,2000000,6,756,200000,100000,1400000,500000, Approved
8448,0, Not Graduate, Yes,3000000,7500000,8,330,8100000,5500000,9900000,3300000, Rejected
8449,1, Not Graduate, Yes,200000,500000,6,758,300000,0,700000,0, Approved
8450,1, Graduate, No,4700000,16600000,12,637,11000000,7800000,10700000,3500000, Approved
8451,4, Graduate, No,700000,1700000,18,755,400000,1200000,2200000,500000, Approved
8452,3, Graduate, Yes,7800000,20200000,20,342,22900000,15700000,29500000,5500000, Rejected
8453,0, Graduate, No,8700000,29100000,12,760,600000,14800000,30100000,9000000, Approved
8454,5, Graduate, Yes,4700000,16600000,10,794,3500000,3900000,12200000,2800000, Approved
8455,2, Graduate, No,2600000,6000000,8,854,3500000,5200000,10000000,3700000, Approved
8456,3, Graduate, Yes,1100000,3400000,16,836,700000,1600000,3200000,700000, Approved
8457,5, Graduate, No,600000,1500000,16,348,2200000,1300000,1800000,900000, Rejected
8458,4, Graduate, Yes,1200000,2900000,4,703,200000,600000,3700000,1000000, Approved
8459,0, Graduate, No,5000000,16900000,14,471,1700000,6600000,19000000,2600000, Rejected
8460,4, Graduate, Yes,1200000,3200000,20,634,3200000,700000,3400000,400000, Rejected
8461,2, Graduate, No,4300000,11200000,8,368,10700000,2800000,13700000,3200000, Rejected
8462,5, Not Graduate, Yes,1700000,5400000,16,823,1700000,1200000,4200000,900000, Approved
8463,2, Not Graduate, No,2200000,9000000,18,735,3800000,3000000,7600000,1400000, Approved
8464,0, Graduate, No,5500000,17200000,8,381,4200000,7300000,15100000,2900000, Rejected
8465,4, Not Graduate, No,6400000,20400000,20,337,3700000,8900000,16300000,7500000, Rejected
8466,1, Not Graduate, Yes,8900000,31700000,18,679,5500000,5600000,19500000,8900000, Approved
8467,4, Graduate, No,4800000,12600000,14,465,900000,4500000,13900000,6000000, Rejected
8468,2, Graduate, No,7800000,27500000,4,361,5200000,2300000,20700000,3900000, Approved
8469,0, Graduate, Yes,3200000,7000000,10,495,3800000,1100000,12100000,4100000, Rejected
8470,1, Graduate, No,1700000,4400000,14,659,1900000,2600000,3600000,1400000, Approved
8471,5, Graduate, Yes,7600000,16400000,2,642,1200000,14700000,16500000,3900000, Approved
8472,1, Not Graduate, Yes,3100000,5900000,20,853,1800000,6500000,6700000,3600000, Approved
8473,1, Graduate, Yes,5100000,14900000,10,428,5600000,7700000,13900000,3200000, Rejected
8474,1, Graduate, Yes,1100000,2700000,16,334,2100000,300000,2400000,800000, Rejected
8475,1, Not Graduate, No,1600000,5900000,6,839,700000,2600000,4800000,1300000, Approved
8476,2, Not Graduate, Yes,600000,1800000,2,484,1600000,200000,1300000,600000, Rejected
8477,2, Not Graduate, Yes,9900000,37700000,10,735,5800000,14800000,22700000,5400000, Approved
8478,0, Not Graduate, Yes,7300000,15600000,2,358,2800000,2600000,21200000,5800000, Rejected
8479,3, Graduate, Yes,4700000,15600000,10,321,10800000,8600000,16100000,4500000, Rejected
8480,3, Not Graduate, Yes,5800000,16600000,10,454,13000000,6100000,15500000,8800000, Rejected
8481,2, Graduate, No,700000,2000000,16,420,800000,500000,2300000,400000, Rejected
8482,4, Graduate, No,4200000,11900000,20,325,10900000,5800000,16700000,5200000, Rejected
8483,0, Not Graduate, No,5500000,13000000,6,351,7500000,8000000,20200000,8600000, Rejected
8484,5, Graduate, Yes,7300000,24400000,8,473,1400000,7000000,22600000,10400000, Rejected
8485,2, Not Graduate, Yes,3400000,11800000,14,464,1100000,6400000,11600000,3100000, Rejected
8486,2, Graduate, No,7800000,28500000,12,823,19800000,16100000,16200000,8100000, Approved
8487,4, Not Graduate, Yes,9000000,18800000,8,802,24100000,1000000,36500000,4700000, Approved
8488,2, Graduate, No,9500000,31000000,12,640,16600000,16500000,22800000,12400000, Approved
8489,2, Not Graduate, Yes,5700000,20100000,10,386,13700000,5000000,18600000,6100000, Rejected
8490,3, Not Graduate, No,7000000,27800000,4,411,10700000,6600000,23300000,5700000, Approved
8491,5, Not Graduate, Yes,3400000,7800000,16,637,8300000,600000,7400000,5100000, Approved
8492,1, Graduate, No,1200000,3300000,20,690,3200000,1500000,2400000,900000, Approved
8493,2, Not Graduate, Yes,5700000,15900000,2,415,13900000,4700000,18700000,5500000, Rejected
8494,5, Graduate, Yes,300000,200000,18,831,400000,300000,600000,500000, Approved
8495,1, Not Graduate, Yes,400000,1100000,10,864,800000,0,1700000,300000, Approved
8496,3, Not Graduate, Yes,8500000,31000000,20,642,15100000,3200000,30400000,10100000, Approved
8497,3, Graduate, No,500000,2000000,12,900,800000,500000,1800000,400000, Approved
8498,0, Not Graduate, No,1300000,4100000,16,702,3900000,1800000,4600000,800000, Approved
8499,3, Not Graduate, Yes,8400000,24400000,18,745,9200000,1100000,29300000,10200000, Approved
8500,3, Not Graduate, No,1900000,7300000,18,593,2200000,3300000,5900000,2000000, Approved
8501,0, Graduate, No,1500000,4400000,12,788,4600000,2100000,3500000,1100000, Approved
8502,3, Not Graduate, No,1800000,7300000,16,608,2200000,2800000,5900000,1900000, Approved
8503,1, Not Graduate, Yes,6200000,22700000,12,679,2000000,10600000,20400000,6500000, Approved
8504,2, Graduate, Yes,5500000,12300000,14,845,0,6900000,15600000,6100000, Approved
8505,3, Not Graduate, Yes,8000000,26200000,6,307,9000000,600000,18700000,10100000, Rejected
8506,4, Graduate, No,800000,2400000,12,844,1700000,200000,1500000,700000, Approved
8507,2, Graduate, No,4900000,11000000,14,328,7500000,2800000,10800000,5800000, Rejected
8508,2, Not Graduate, No,7500000,18000000,20,515,13900000,600000,18100000,4300000, Rejected
8509,3, Not Graduate, Yes,3100000,8400000,18,418,3000000,3700000,11100000,3200000, Rejected
8510,4, Graduate, No,600000,1800000,18,752,400000,1200000,2200000,600000, Approved
8511,3, Not Graduate, Yes,5900000,13700000,12,735,10900000,4400000,14900000,8500000, Approved
8512,3, Not Graduate, No,7200000,15200000,20,300,4900000,3600000,20600000,4800000, Rejected
8513,0, Not Graduate, Yes,8000000,19800000,12,343,15600000,15100000,31900000,9300000, Rejected
8514,0, Not Graduate, Yes,1400000,4300000,12,793,3500000,1600000,5600000,1500000, Approved
8515,3, Graduate, No,8600000,28000000,8,524,17800000,13000000,28300000,5800000, Rejected
8516,3, Not Graduate, Yes,7300000,14100000,2,763,9800000,12800000,20500000,4200000, Approved
8517,5, Graduate, Yes,8500000,26100000,10,322,11200000,2900000,26200000,9700000, Rejected
8518,4, Not Graduate, No,9100000,20100000,10,828,25300000,1000000,35800000,5000000, Approved
8519,4, Graduate, No,9700000,26300000,2,816,23700000,11200000,29700000,10300000, Approved
8520,0, Not Graduate, Yes,7900000,23800000,18,754,18700000,17400000,21700000,7300000, Rejected
8521,3, Graduate, Yes,2700000,7500000,18,844,7000000,200000,9100000,3500000, Approved
8522,3, Graduate, Yes,4300000,14400000,16,837,1200000,9500000,15700000,3300000, Approved
8523,1, Graduate, No,6900000,14100000,12,726,4600000,600000,28900000,7700000, Approved
8524,0, Graduate, No,8100000,31100000,2,703,19400000,8800000,27000000,9700000, Approved
8525,5, Not Graduate, No,3800000,7600000,6,690,8300000,100000,9800000,3100000, Approved
8526,4, Graduate, Yes,2800000,9600000,2,720,2900000,600000,11000000,1500000, Approved
8527,0, Not Graduate, No,7300000,23400000,10,314,5700000,8500000,28400000,7600000, Rejected
8528,5, Not Graduate, No,3400000,8800000,14,572,2600000,2500000,8600000,1800000, Approved
8529,4, Graduate, Yes,2400000,7600000,8,540,1600000,3600000,4500000,2900000, Rejected
8530,2, Not Graduate, No,7800000,21000000,14,680,8600000,3800000,15500000,10000000, Approved
8531,5, Not Graduate, Yes,2200000,6700000,6,388,4700000,1300000,9000000,1300000, Rejected
8532,2, Graduate, No,1200000,3600000,16,554,3000000,1700000,3600000,800000, Rejected
8533,1, Graduate, Yes,200000,900000,14,597,400000,0,700000,0, Approved
8534,1, Graduate, No,9000000,22600000,18,624,8600000,15300000,27800000,11400000, Approved
8535,0, Not Graduate, Yes,9600000,23700000,14,801,10100000,14900000,21500000,10500000, Approved
8536,1, Not Graduate, No,4000000,10000000,8,353,0,5000000,15100000,1800000, Rejected
8537,1, Graduate, Yes,4000000,12100000,12,361,9100000,2500000,15300000,4700000, Rejected
8538,5, Not Graduate, Yes,5400000,18200000,8,786,2400000,6500000,13900000,5800000, Approved
8539,5, Not Graduate, No,3000000,10100000,18,511,7900000,3000000,6600000,2800000, Rejected
8540,4, Graduate, Yes,9700000,26100000,4,546,10400000,12500000,29400000,13300000, Rejected
8541,0, Not Graduate, No,5300000,19600000,6,884,15100000,3900000,18800000,3800000, Approved
8542,1, Not Graduate, Yes,8100000,22300000,20,700,23700000,12700000,33000000,12800000, Approved
8543,3, Not Graduate, No,4900000,17900000,10,405,200000,7600000,15600000,6400000, Rejected
8544,1, Graduate, No,7600000,18600000,20,402,19700000,10300000,17400000,3800000, Rejected
8545,2, Graduate, No,5800000,13300000,4,867,8200000,5200000,18800000,4400000, Approved
8546,3, Graduate, No,8700000,30900000,2,445,12200000,1800000,25400000,8700000, Approved
8547,1, Graduate, Yes,6600000,14200000,12,347,3600000,1900000,13700000,8000000, Rejected
8548,2, Graduate, Yes,500000,700000,10,773,600000,300000,1000000,400000, Rejected
8549,3, Graduate, Yes,8200000,23600000,2,657,3700000,17900000,17100000,6300000, Approved
8550,0, Not Graduate, No,1000000,2400000,14,736,1700000,800000,2100000,300000, Approved
8551,5, Not Graduate, No,10200000,37600000,20,473,9900000,19300000,40100000,13100000, Rejected
8552,1, Graduate, Yes,600000,2100000,12,316,600000,1000000,2400000,600000, Rejected
8553,0, Not Graduate, Yes,7000000,27900000,2,440,9300000,11000000,28000000,7000000, Approved
8554,0, Graduate, Yes,9100000,18700000,20,722,21600000,14800000,23400000,12300000, Approved
8555,0, Not Graduate, No,9400000,36800000,6,582,11000000,12900000,30800000,6400000, Rejected
8556,1, Graduate, No,7500000,17000000,12,591,11500000,11600000,28900000,7400000, Approved
8557,3, Not Graduate, Yes,2200000,7100000,4,312,3200000,2600000,6200000,2200000, Approved
8558,2, Graduate, Yes,5900000,22000000,8,626,16800000,10700000,22400000,7100000, Approved
8559,0, Not Graduate, Yes,3100000,11500000,4,401,4800000,200000,8500000,3100000, Approved
8560,1, Graduate, Yes,5700000,11500000,4,400,16000000,900000,16300000,7800000, Rejected
8561,4, Graduate, No,8500000,25600000,18,793,22400000,9300000,19300000,8600000, Approved
8562,5, Graduate, No,6300000,13700000,6,463,3100000,11600000,20100000,6900000, Rejected
8563,3, Graduate, No,8100000,17300000,8,867,4700000,8400000,17600000,10700000, Approved
8564,1, Graduate, No,2500000,6200000,12,685,6900000,500000,6400000,3800000, Rejected
8565,4, Graduate, Yes,6300000,21300000,10,377,16800000,7800000,15600000,5800000, Rejected
8566,3, Graduate, Yes,7900000,19700000,4,763,18700000,9800000,20100000,7900000, Approved
8567,1, Not Graduate, Yes,500000,1900000,10,861,200000,500000,1800000,200000, Approved
8568,3, Not Graduate, No,7500000,25200000,10,758,3600000,2900000,23100000,10600000, Approved
8569,3, Graduate, No,200000,600000,16,803,200000,300000,500000,0, Approved
8570,2, Not Graduate, Yes,1900000,6900000,2,574,1000000,1600000,7800000,1000000, Approved
8571,4, Graduate, Yes,7700000,26900000,14,460,16700000,7600000,16900000,7800000, Rejected
8572,2, Not Graduate, No,4100000,11000000,18,420,2000000,1400000,8900000,5000000, Rejected
8573,2, Graduate, Yes,3100000,6200000,8,830,1500000,4700000,12600000,3200000, Approved
8574,4, Graduate, Yes,8600000,35700000,16,847,17600000,10600000,21100000,10500000, Approved
8575,5, Not Graduate, Yes,1600000,4500000,10,490,700000,2300000,5100000,1300000, Rejected
8576,0, Graduate, Yes,2300000,8400000,6,671,5600000,3300000,5400000,2300000, Approved
8577,0, Graduate, No,200000,500000,16,811,100000,0,1000000,400000, Approved
8578,0, Not Graduate, No,2300000,8700000,4,558,900000,1000000,4300000,2800000, Approved
8579,2, Graduate, No,3300000,7400000,12,900,5200000,4000000,8500000,2100000, Approved
8580,0, Not Graduate, No,2700000,9600000,18,861,2600000,1300000,5100000,2500000, Approved
8581,0, Not Graduate, No,9000000,27400000,4,607,0,7600000,25100000,12400000, Approved
8582,3, Not Graduate, No,4700000,17200000,18,808,9600000,5300000,11900000,3800000, Approved
8583,4, Graduate, No,4300000,11500000,20,314,10100000,5600000,17000000,5000000, Rejected
8584,4, Graduate, No,1700000,4400000,18,581,1600000,2300000,6100000,1600000, Approved
8585,5, Not Graduate, No,6900000,19300000,4,452,15100000,3100000,26300000,5100000, Rejected
8586,1, Graduate, No,9200000,26100000,10,750,11700000,8700000,21500000,10000000, Approved
8587,3, Not Graduate, Yes,6000000,13100000,12,325,1700000,3400000,21000000,3400000, Rejected
8588,4, Not Graduate, Yes,2700000,10300000,16,662,6400000,3800000,5400000,4300000, Approved
8589,3, Not Graduate, Yes,3000000,8700000,14,441,3200000,4200000,9500000,3800000, Rejected
8590,5, Not Graduate, Yes,3500000,8900000,20,611,4400000,6800000,7300000,4100000, Approved
8591,4, Graduate, No,1500000,5100000,8,673,3200000,2200000,3900000,1500000, Approved
8592,2, Graduate, Yes,8700000,29100000,8,882,23400000,5800000,21700000,7700000, Approved
8593,4, Not Graduate, No,7100000,26000000,20,627,19800000,12300000,26500000,10400000, Approved
8594,3, Graduate, Yes,6700000,17600000,2,496,4200000,10200000,23300000,9800000, Rejected
8595,3, Not Graduate, No,4400000,8800000,6,516,7100000,7000000,16100000,2700000, Rejected
8596,3, Not Graduate, No,8800000,22800000,14,691,22600000,5000000,18400000,11000000, Approved
8597,5, Not Graduate, Yes,7700000,28800000,4,634,10600000,8800000,28100000,4600000, Approved
8598,0, Graduate, No,5000000,18400000,16,539,8100000,9800000,16800000,5500000, Rejected
8599,5, Not Graduate, Yes,2100000,6400000,2,380,5100000,2200000,5300000,2800000, Approved
8600,5, Graduate, Yes,1500000,5200000,2,459,0,2500000,5100000,1700000, Approved
8601,1, Graduate, No,10300000,22800000,18,406,1000000,16600000,21700000,9400000, Rejected
8602,5, Graduate, No,4700000,14200000,16,900,9600000,4400000,8500000,3600000, Approved
8603,4, Graduate, Yes,9400000,24600000,18,787,17300000,3100000,25400000,6100000, Approved
8604,1, Graduate, No,8500000,28800000,12,519,18500000,3800000,33500000,6000000, Rejected
8605,0, Graduate, No,5000000,13300000,2,490,11700000,7500000,20700000,6100000, Rejected
8606,2, Not Graduate, Yes,7800000,27700000,8,390,22000000,5100000,17900000,5200000, Rejected
8607,3, Graduate, Yes,3900000,7700000,10,553,3700000,7800000,15800000,6000000, Rejected
8608,5, Not Graduate, No,6000000,16600000,12,880,9700000,10700000,20200000,4900000, Approved
8609,0, Not Graduate, Yes,9000000,20800000,12,513,21500000,800000,38100000,11100000, Rejected
8610,3, Not Graduate, No,1600000,5300000,6,726,3000000,800000,5900000,1500000, Approved
8611,5, Graduate, No,1200000,2500000,6,584,1000000,1600000,4800000,1600000, Approved
8612,2, Graduate, Yes,7800000,23300000,6,530,12000000,2500000,19500000,9400000, Rejected
8613,1, Graduate, No,9900000,27300000,8,330,7800000,2600000,27800000,12500000, Rejected
8614,1, Not Graduate, No,4700000,15200000,18,568,7900000,5900000,13200000,6900000, Approved
8615,5, Not Graduate, No,3100000,8700000,20,879,2500000,1000000,10600000,2700000, Approved
8616,5, Graduate, No,9300000,23900000,4,657,12700000,5700000,17500000,12200000, Approved
8617,2, Graduate, Yes,7600000,17200000,16,582,17400000,12900000,21000000,10700000, Approved
8618,5, Graduate, Yes,5600000,13600000,8,841,6800000,8400000,18600000,3900000, Approved
8619,3, Not Graduate, No,4000000,10200000,10,509,10800000,200000,12400000,2000000, Rejected
8620,2, Graduate, Yes,7300000,19000000,14,898,18800000,14300000,20500000,8300000, Approved
8621,3, Graduate, Yes,8700000,18800000,10,339,6500000,100000,34100000,10400000, Rejected
8622,1, Graduate, Yes,2100000,5500000,18,353,2300000,2300000,4800000,2000000, Rejected
8623,5, Graduate, Yes,2400000,5900000,4,346,5600000,2500000,8000000,2300000, Rejected
8624,5, Graduate, Yes,6300000,15800000,2,754,13200000,4900000,15200000,6200000, Approved
8625,5, Not Graduate, No,5200000,14400000,4,429,8000000,4900000,11500000,7200000, Rejected
8626,1, Graduate, Yes,1600000,5300000,4,690,1300000,1400000,4800000,1500000, Rejected
8627,1, Not Graduate, Yes,5200000,16800000,12,521,2400000,1500000,17600000,5400000, Rejected
8628,4, Graduate, No,5300000,21600000,12,531,4500000,1600000,15400000,7500000, Approved
8629,4, Not Graduate, Yes,300000,1000000,12,448,500000,400000,600000,300000, Rejected
8630,3, Graduate, No,3000000,11000000,16,877,3700000,4700000,6100000,4400000, Approved
8631,5, Not Graduate, Yes,8800000,22700000,16,577,20300000,2400000,21000000,8300000, Rejected
8632,0, Not Graduate, Yes,5200000,12700000,18,770,3600000,1000000,14600000,3300000, Approved
8633,4, Graduate, Yes,6400000,14300000,10,365,3800000,12500000,18000000,5900000, Rejected
8634,1, Not Graduate, No,2200000,4900000,14,686,2600000,700000,5600000,1900000, Approved
8635,2, Graduate, Yes,6600000,18400000,8,611,13300000,12700000,20700000,5300000, Approved
8636,0, Graduate, Yes,800000,2800000,12,605,500000,600000,4000000,800000, Rejected
8637,3, Not Graduate, No,3100000,10300000,4,804,2700000,900000,9200000,2500000, Approved
8638,4, Not Graduate, Yes,1300000,4400000,8,540,3700000,2100000,5000000,1500000, Rejected
8639,2, Not Graduate, Yes,5500000,14500000,14,539,13000000,10300000,17600000,7300000, Rejected
8640,3, Not Graduate, No,8700000,28000000,18,639,9300000,7800000,32600000,6700000, Approved
8641,5, Not Graduate, No,5600000,13000000,20,522,13400000,2000000,16400000,5500000, Approved
8642,1, Not Graduate, No,2800000,7000000,18,574,8600000,600000,7200000,1500000, Approved
8643,4, Not Graduate, No,3900000,9300000,8,548,11500000,100000,12700000,1900000, Rejected
8644,4, Not Graduate, No,1200000,4100000,8,630,1700000,1900000,3200000,1200000, Approved
8645,5, Not Graduate, No,5500000,17900000,4,558,12600000,4000000,17500000,4800000, Approved
8646,1, Graduate, Yes,3900000,8600000,8,340,12100000,1000000,14700000,4000000, Rejected
8647,0, Graduate, No,5200000,14500000,2,732,0,7500000,12400000,5100000, Approved
8648,3, Not Graduate, Yes,8900000,22900000,6,305,0,17700000,35800000,8800000, Rejected
8649,3, Graduate, Yes,3900000,8700000,8,501,3600000,7000000,15800000,6300000, Rejected
8650,1, Graduate, No,2100000,6200000,20,535,1200000,1300000,4300000,1200000, Rejected
8651,4, Not Graduate, Yes,3700000,7600000,12,358,4600000,6600000,10800000,4500000, Rejected
8652,3, Not Graduate, Yes,8500000,26000000,6,353,9000000,600000,19700000,9300000, Rejected
8653,2, Not Graduate, Yes,7900000,29300000,14,625,1800000,1800000,17700000,12100000, Approved
8654,4, Not Graduate, No,600000,1800000,8,900,1800000,1000000,1200000,300000, Approved
8655,2, Graduate, No,4500000,11200000,10,371,10400000,2800000,15200000,2900000, Rejected
8656,0, Not Graduate, Yes,7000000,21800000,20,308,12300000,4100000,22500000,6800000, Rejected
8657,2, Not Graduate, Yes,4700000,18500000,2,537,7700000,2400000,12400000,4200000, Approved
8658,1, Not Graduate, No,7200000,13900000,10,857,4500000,14000000,27900000,8900000, Approved
8659,1, Not Graduate, Yes,4300000,14700000,16,409,11400000,1500000,12300000,4100000, Rejected
8660,1, Graduate, No,1600000,3400000,2,488,500000,1400000,4400000,2300000, Rejected
8661,0, Not Graduate, Yes,9700000,32500000,12,725,22700000,9300000,40900000,7800000, Approved
8662,2, Graduate, No,4200000,15100000,2,891,4300000,7000000,13100000,4400000, Approved
8663,3, Not Graduate, Yes,2700000,5400000,8,856,3300000,4900000,10700000,4000000, Rejected
8664,1, Graduate, Yes,7500000,29200000,14,322,10700000,4300000,29000000,8500000, Rejected
8665,4, Graduate, No,5200000,15300000,14,441,11700000,2400000,14400000,7300000, Rejected
8666,4, Not Graduate, Yes,1400000,5300000,14,300,4200000,1100000,3200000,1300000, Rejected
8667,3, Graduate, Yes,4400000,16000000,8,337,10500000,5500000,15200000,5600000, Rejected
8668,4, Graduate, Yes,4100000,12300000,2,563,11000000,7300000,11800000,2200000, Approved
8669,4, Graduate, No,1900000,3800000,12,667,1900000,2900000,4700000,2200000, Approved
8670,2, Graduate, No,5800000,22600000,8,337,12800000,2300000,11600000,6300000, Rejected
8671,2, Not Graduate, Yes,2200000,9300000,20,605,3500000,500000,7900000,3200000, Approved
8672,4, Graduate, Yes,2200000,7700000,20,585,600000,2200000,4700000,2600000, Approved
8673,2, Graduate, No,6400000,24500000,12,683,14500000,5500000,26100000,5200000, Approved
8674,4, Not Graduate, Yes,1200000,2800000,4,562,2900000,900000,4100000,1700000, Approved
8675,2, Graduate, No,1500000,5800000,14,527,1400000,1100000,4400000,1100000, Rejected
8676,5, Not Graduate, Yes,8600000,21400000,2,775,3700000,3700000,20600000,5600000, Approved
8677,1, Not Graduate, Yes,2200000,5700000,16,654,6000000,100000,4900000,1200000, Approved
8678,4, Graduate, No,1200000,3300000,2,561,2300000,500000,4700000,1100000, Approved
8679,2, Not Graduate, Yes,8600000,17600000,20,875,1800000,3500000,23800000,7200000, Approved
8680,5, Graduate, No,4600000,10300000,8,751,3800000,4300000,17400000,2900000, Approved
8681,1, Not Graduate, No,3600000,11100000,4,511,8600000,6400000,14000000,2800000, Approved
8682,2, Graduate, No,9500000,26000000,20,829,20300000,2300000,23000000,5900000, Approved
8683,3, Graduate, Yes,7800000,21800000,16,710,0,700000,16300000,5100000, Approved
8684,1, Graduate, No,1200000,5100000,14,723,3100000,0,3900000,600000, Approved
8685,5, Not Graduate, No,2100000,6900000,20,760,3700000,3700000,5600000,1300000, Approved
8686,2, Not Graduate, Yes,3800000,9300000,14,867,6100000,2400000,8800000,2400000, Rejected
8687,4, Not Graduate, Yes,8600000,20700000,16,432,10300000,10900000,29300000,4600000, Rejected
8688,2, Not Graduate, Yes,8100000,27700000,18,774,23900000,10600000,17700000,8300000, Approved
8689,3, Graduate, No,2300000,7600000,14,440,4500000,3300000,7500000,1800000, Rejected
8690,4, Graduate, No,2500000,5400000,12,548,2200000,2900000,7600000,1800000, Rejected
8691,5, Graduate, Yes,9100000,28800000,6,739,14700000,5400000,20800000,8000000, Approved
8692,1, Graduate, No,7000000,25000000,20,599,5500000,13000000,13400000,7200000, Approved
8693,3, Not Graduate, Yes,7100000,16800000,18,646,3500000,900000,15100000,4500000, Approved
8694,0, Graduate, Yes,2000000,5000000,12,300,4300000,2600000,5100000,2300000, Rejected
8695,5, Graduate, No,4300000,14600000,6,755,6600000,5800000,15600000,6900000, Approved
8696,1, Graduate, Yes,8000000,29000000,14,678,14800000,4300000,30700000,9400000, Approved
8697,3, Graduate, Yes,5000000,14600000,8,664,10300000,7100000,21100000,3300000, Approved
8698,0, Graduate, Yes,1000000,2300000,20,773,1000000,900000,2800000,700000, Approved
8699,1, Graduate, Yes,1000000,3800000,16,368,2600000,300000,2100000,700000, Rejected
8700,2, Graduate, Yes,1000000,3000000,4,876,1900000,1400000,2300000,1300000, Approved
8701,3, Graduate, Yes,8900000,19600000,20,304,14900000,9800000,21800000,5000000, Rejected
8702,0, Graduate, Yes,5900000,14100000,16,579,8900000,4300000,16600000,3900000, Approved
8703,4, Not Graduate, No,6100000,21000000,4,651,10200000,7300000,23600000,4000000, Approved
8704,3, Graduate, Yes,9600000,32600000,4,722,2600000,2000000,34600000,6900000, Approved
8705,0, Not Graduate, No,8500000,18100000,16,793,13800000,10300000,21800000,11000000, Approved
8706,4, Not Graduate, No,100000,700000,10,419,300000,200000,300000,100000, Rejected
8707,2, Graduate, Yes,4700000,12400000,8,510,3100000,3800000,18000000,2400000, Approved
8708,4, Not Graduate, No,500000,1200000,4,797,200000,300000,700000,400000, Approved
8709,3, Not Graduate, Yes,8800000,27200000,10,779,5600000,5000000,31500000,10400000, Approved
8710,0, Graduate, No,4100000,11200000,20,846,6500000,2400000,11500000,5700000, Approved
8711,4, Graduate, Yes,2000000,6900000,6,556,3600000,2300000,6400000,1300000, Approved
8712,3, Not Graduate, No,2400000,7900000,16,473,2200000,3300000,5800000,3400000, Rejected
8713,0, Graduate, Yes,9200000,29600000,12,307,12700000,1400000,35700000,8600000, Rejected
8714,0, Not Graduate, No,8100000,20000000,14,752,4500000,11300000,18100000,11700000, Approved
8715,4, Not Graduate, No,6400000,24400000,2,666,10700000,5800000,17300000,6800000, Approved
8716,3, Not Graduate, No,6300000,14300000,6,518,2100000,3800000,18800000,5800000, Rejected
8717,5, Graduate, Yes,2700000,11100000,6,361,4600000,3500000,7700000,2900000, Rejected
8718,1, Graduate, No,2200000,5400000,20,404,1800000,2400000,8400000,3000000, Rejected
8719,5, Graduate, No,2900000,10200000,12,787,3700000,4400000,10700000,2500000, Approved
8720,1, Not Graduate, Yes,3500000,13100000,20,546,8900000,3500000,12700000,2900000, Rejected
8721,1, Not Graduate, No,8700000,33400000,14,723,19500000,6100000,16600000,12600000, Approved
8722,5, Not Graduate, No,8000000,19100000,6,806,5500000,2500000,26200000,7600000, Approved
8723,1, Not Graduate, Yes,3600000,9300000,12,673,9800000,2500000,8600000,2500000, Approved
8724,4, Not Graduate, Yes,9400000,28700000,16,593,4800000,17200000,28100000,12200000, Approved
8725,2, Graduate, No,5400000,15300000,8,328,10900000,5000000,20900000,7500000, Rejected
8726,3, Graduate, Yes,800000,2400000,10,470,900000,100000,2900000,500000, Rejected
8727,2, Graduate, Yes,500000,2400000,10,344,2000000,1400000,1900000,900000, Rejected
8728,3, Not Graduate, Yes,800000,1600000,2,541,1700000,1000000,1700000,600000, Approved
8729,5, Graduate, Yes,1700000,4800000,12,537,900000,2200000,4800000,1200000, Rejected
8730,0, Graduate, No,6800000,27200000,4,389,16900000,7200000,20900000,9800000, Approved
8731,2, Graduate, Yes,2200000,7900000,6,650,3200000,1600000,8300000,2400000, Approved
8732,5, Graduate, No,5600000,11300000,4,868,10100000,6100000,20500000,7900000, Approved
8733,1, Not Graduate, Yes,700000,2800000,20,654,200000,1200000,2600000,600000, Approved
8734,3, Not Graduate, No,3300000,10800000,4,809,2700000,900000,9000000,2800000, Approved
8735,3, Not Graduate, Yes,3200000,11500000,6,702,9100000,5800000,7900000,1400000, Approved
8736,3, Graduate, Yes,7800000,18700000,20,739,7400000,15400000,29600000,10300000, Approved
8737,1, Graduate, No,7100000,20900000,14,390,3500000,11800000,20900000,4600000, Rejected
8738,1, Graduate, No,2700000,9800000,2,584,6400000,2800000,7600000,3300000, Approved
8739,5, Graduate, No,5100000,18300000,14,573,14500000,8100000,14100000,3600000, Rejected
8740,1, Not Graduate, No,7200000,22300000,16,389,4000000,4100000,26700000,7800000, Rejected
8741,0, Graduate, No,6800000,15300000,12,746,9400000,12600000,22200000,3300000, Approved
8742,2, Not Graduate, No,2500000,10000000,4,638,700000,1000000,7600000,2100000, Approved
8743,3, Graduate, No,2100000,4000000,6,814,1300000,1800000,7000000,1200000, Approved
8744,3, Not Graduate, Yes,2400000,5200000,12,769,300000,2600000,5000000,3100000, Approved
8745,4, Graduate, No,5400000,15800000,18,476,13900000,2600000,16300000,6400000, Rejected
8746,4, Not Graduate, Yes,7000000,29100000,14,511,6300000,10600000,26500000,4400000, Rejected
8747,3, Not Graduate, No,9000000,26100000,14,617,5300000,0,31400000,5600000, Approved
8748,1, Graduate, Yes,4000000,12200000,12,350,10600000,2500000,16000000,4800000, Rejected
8749,5, Not Graduate, Yes,9700000,29300000,10,430,21700000,3400000,34500000,9700000, Rejected
8750,2, Not Graduate, No,6900000,26900000,6,733,17500000,10600000,19700000,7700000, Approved
8751,2, Not Graduate, Yes,8200000,25400000,18,634,6000000,6100000,26400000,4300000, Approved
8752,3, Graduate, No,1800000,5700000,12,436,500000,700000,5500000,900000, Rejected
8753,2, Graduate, No,9300000,28800000,6,373,22000000,16000000,21100000,9100000, Rejected
8754,2, Not Graduate, No,1200000,4600000,10,584,200000,1000000,2600000,1500000, Approved
8755,3, Not Graduate, No,7000000,19900000,12,827,19800000,9600000,13000000,4500000, Approved
8756,1, Graduate, No,900000,3000000,18,636,1800000,1800000,3600000,700000, Approved
8757,3, Graduate, No,1000000,2200000,8,736,3100000,2000000,2700000,700000, Approved
8758,5, Graduate, Yes,5600000,15000000,18,691,10000000,7900000,13000000,7100000, Approved
8759,0, Not Graduate, No,7600000,29100000,12,791,6100000,10900000,24500000,4900000, Approved
8760,4, Not Graduate, Yes,2800000,9700000,10,644,4900000,3900000,8900000,3500000, Approved
8761,5, Graduate, No,4400000,12600000,18,706,1100000,400000,14000000,6200000, Approved
8762,5, Not Graduate, Yes,7700000,18200000,14,483,800000,4700000,16400000,9600000, Rejected
8763,2, Not Graduate, Yes,8100000,19100000,12,462,5600000,1500000,16200000,9500000, Rejected
8764,0, Not Graduate, Yes,4900000,12200000,14,723,15000000,800000,18800000,3900000, Approved
8765,0, Not Graduate, No,2400000,5200000,14,582,6100000,4200000,5400000,3200000, Approved
8766,0, Graduate, Yes,7300000,26700000,10,656,15300000,2800000,28500000,6300000, Approved
8767,0, Graduate, Yes,3600000,12400000,14,670,2700000,500000,11100000,5000000, Approved
8768,3, Not Graduate, Yes,5700000,11800000,12,775,3300000,1900000,19400000,8000000, Approved
8769,4, Graduate, Yes,300000,1200000,4,408,700000,100000,1200000,400000, Approved
8770,2, Not Graduate, Yes,1100000,2100000,4,890,1900000,1200000,2000000,900000, Approved
8771,4, Graduate, No,9100000,34900000,14,315,6100000,8500000,32500000,4600000, Rejected
8772,4, Not Graduate, Yes,7900000,33400000,10,633,15100000,14200000,26300000,5000000, Approved
8773,3, Not Graduate, No,500000,600000,6,889,200000,300000,700000,500000, Approved
8774,3, Not Graduate, No,7300000,24700000,8,339,1000000,800000,15700000,9100000, Rejected
8775,0, Graduate, Yes,2200000,7100000,20,547,4100000,2100000,7100000,1700000, Rejected
8776,5, Not Graduate, Yes,1000000,3800000,2,878,1200000,400000,3300000,700000, Approved
8777,3, Not Graduate, Yes,3000000,6300000,18,843,2400000,3500000,11100000,4300000, Approved
8778,4, Graduate, Yes,9400000,24000000,14,375,22600000,6800000,25400000,7300000, Rejected
8779,1, Not Graduate, No,4100000,12200000,8,758,8300000,800000,15300000,5400000, Approved
8780,4, Graduate, Yes,2600000,10000000,8,361,6400000,2000000,7400000,3000000, Rejected
8781,0, Not Graduate, Yes,2300000,6100000,16,739,3000000,2100000,7500000,1300000, Approved
8782,0, Graduate, Yes,7800000,20900000,4,409,16300000,10600000,24700000,7600000, Approved
8783,0, Not Graduate, Yes,8600000,27200000,10,487,2400000,6100000,20300000,6600000, Rejected
8784,5, Not Graduate, Yes,8600000,28700000,6,375,24700000,8700000,28800000,4900000, Rejected
8785,3, Not Graduate, No,6300000,23800000,10,760,13000000,1100000,19100000,9000000, Approved
8786,1, Graduate, No,4600000,17500000,12,666,10200000,8600000,10800000,3300000, Approved
8787,2, Not Graduate, Yes,4500000,13200000,20,729,1100000,9600000,16400000,4900000, Approved
8788,5, Graduate, No,900000,2200000,6,517,900000,500000,2700000,1000000, Rejected
8789,4, Graduate, Yes,5600000,14500000,4,367,13100000,4600000,11100000,3500000, Rejected
8790,4, Not Graduate, No,4800000,17000000,14,420,11000000,2800000,13200000,6900000, Rejected
8791,1, Graduate, Yes,9500000,30300000,20,475,20300000,14900000,39600000,10200000, Approved
8792,4, Graduate, Yes,3700000,7500000,20,881,5000000,6600000,14200000,3400000, Approved
8793,4, Graduate, Yes,6100000,19100000,14,461,13300000,7200000,19200000,3000000, Rejected
8794,5, Graduate, No,200000,900000,4,489,700000,200000,700000,400000, Rejected
8795,3, Graduate, No,4000000,10200000,6,816,10900000,2000000,12800000,2800000, Approved
8796,0, Graduate, Yes,3200000,8800000,16,379,2300000,3700000,6800000,3500000, Rejected
8797,1, Not Graduate, No,1900000,7200000,4,820,3800000,2500000,5800000,1300000, Approved
8798,0, Graduate, No,3100000,6900000,10,785,7000000,600000,12100000,2900000, Approved
8799,3, Graduate, Yes,4500000,10600000,12,851,11500000,5100000,9700000,3400000, Rejected
8800,0, Not Graduate, Yes,400000,1100000,2,468,100000,200000,1200000,400000, Approved
8801,5, Not Graduate, No,9600000,29700000,4,520,5000000,12300000,24400000,8900000, Rejected
8802,5, Not Graduate, Yes,6300000,15900000,12,816,13600000,5000000,14600000,5200000, Approved
8803,5, Not Graduate, No,7600000,25500000,6,759,4200000,13600000,18800000,7200000, Approved
8804,4, Graduate, Yes,400000,1600000,20,330,100000,0,1800000,600000, Rejected
8805,5, Graduate, No,4500000,8800000,12,895,3300000,2500000,12000000,5300000, Approved
8806,3, Not Graduate, No,7200000,21700000,4,684,10100000,4000000,25800000,5400000, Approved
8807,4, Not Graduate, No,6000000,21700000,4,668,10600000,7100000,23200000,4000000, Approved
8808,3, Graduate, Yes,9000000,33400000,14,316,8200000,10300000,21500000,6300000, Rejected
8809,3, Not Graduate, Yes,9400000,33100000,10,854,24900000,12400000,33600000,8500000, Approved
8810,4, Not Graduate, No,4000000,10500000,20,552,4100000,3300000,10500000,4900000, Rejected
8811,2, Not Graduate, No,4200000,9000000,6,541,7200000,7100000,16500000,2900000, Rejected
8812,3, Graduate, Yes,8600000,22800000,12,857,25700000,11600000,34200000,10500000, Approved
8813,0, Graduate, No,6500000,14100000,10,439,5100000,12600000,23700000,3500000, Rejected
8814,5, Not Graduate, No,6100000,19300000,12,794,15900000,11400000,15900000,5400000, Rejected
8815,4, Graduate, No,3200000,11200000,6,666,3600000,4700000,6400000,4000000, Approved
8816,0, Not Graduate, Yes,2400000,6200000,8,684,6700000,1800000,9100000,1300000, Approved
8817,5, Not Graduate, Yes,8500000,22500000,2,814,3700000,3700000,22000000,5200000, Approved
8818,3, Graduate, Yes,4000000,15200000,20,541,9100000,1000000,9100000,3600000, Rejected
8819,3, Graduate, No,4800000,17600000,10,451,11000000,5100000,18800000,5100000, Rejected
8820,2, Not Graduate, No,8400000,22100000,4,491,23300000,400000,25000000,4800000, Rejected
8821,3, Graduate, No,9200000,35300000,18,640,3200000,13100000,30700000,12000000, Approved
8822,2, Graduate, No,1500000,3500000,4,564,4100000,1300000,4700000,1800000, Approved
8823,1, Graduate, Yes,5300000,12500000,20,595,4100000,200000,12200000,7300000, Approved
8824,1, Graduate, Yes,4200000,9800000,16,444,7300000,4100000,14000000,3800000, Rejected
8825,3, Not Graduate, No,6900000,20800000,12,721,12000000,10500000,18700000,11900000, Approved
8826,0, Not Graduate, No,7600000,28800000,12,471,4400000,7700000,29600000,6900000, Approved
8827,0, Not Graduate, No,2200000,5600000,2,764,1200000,2300000,7200000,2900000, Approved
8828,5, Not Graduate, Yes,10000000,22700000,10,401,11600000,17600000,22200000,8200000, Rejected
8829,4, Graduate, Yes,9400000,23700000,14,451,9800000,1100000,22600000,12900000, Rejected
8830,4, Graduate, No,2400000,5600000,8,597,3500000,1500000,10300000,2900000, Approved
8831,1, Not Graduate, Yes,5200000,19800000,8,753,1900000,800000,18600000,3800000, Approved
8832,5, Graduate, Yes,600000,1500000,12,500,1500000,100000,1900000,700000, Rejected
8833,4, Not Graduate, No,2300000,7200000,20,585,0,3800000,8200000,1900000, Approved
8834,1, Graduate, Yes,8100000,31600000,10,730,26000000,8700000,26200000,10100000, Approved
8835,0, Not Graduate, No,6800000,17600000,8,584,3700000,3900000,14100000,3200000, Approved
8836,1, Not Graduate, Yes,7200000,27500000,8,603,11700000,4600000,16800000,6400000, Approved
8837,2, Not Graduate, Yes,200000,800000,8,536,300000,100000,800000,300000, Approved
8838,3, Graduate, Yes,6100000,19400000,12,802,2000000,2500000,15500000,3200000, Approved
8839,0, Not Graduate, Yes,7300000,18800000,18,432,11900000,11500000,23100000,6100000, Rejected
8840,1, Graduate, Yes,300000,400000,10,870,800000,100000,700000,200000, Approved
8841,3, Graduate, Yes,8800000,23000000,20,650,5700000,9200000,23000000,8700000, Approved
8842,3, Not Graduate, Yes,5500000,15100000,4,359,11100000,10100000,15100000,5400000, Rejected
8843,5, Not Graduate, Yes,9000000,36300000,10,731,9100000,17700000,33600000,11800000, Approved
8844,4, Graduate, No,4400000,10200000,10,492,11000000,2900000,12000000,2800000, Rejected
8845,5, Graduate, Yes,1700000,4800000,14,453,1700000,2400000,4700000,1700000, Rejected
8846,5, Not Graduate, No,1400000,4900000,12,750,1600000,800000,4500000,700000, Approved
8847,3, Graduate, No,5500000,20200000,4,859,4200000,7200000,18500000,7800000, Approved
8848,4, Graduate, Yes,10400000,27900000,8,759,23400000,12500000,35300000,5900000, Approved
8849,4, Not Graduate, No,300000,1000000,10,824,700000,400000,1000000,200000, Approved
8850,4, Not Graduate, No,3800000,14300000,8,717,3800000,4800000,8100000,5500000, Approved
8851,5, Not Graduate, No,5000000,11700000,16,588,6600000,800000,14100000,5400000, Approved
8852,1, Graduate, Yes,6400000,15100000,12,355,3700000,2000000,14500000,7200000, Rejected
8853,0, Graduate, Yes,7600000,29200000,14,788,6300000,11300000,23900000,4700000, Approved
8854,0, Graduate, Yes,2700000,8000000,10,433,8300000,2700000,6900000,3700000, Rejected
8855,2, Graduate, No,3300000,8700000,18,576,4900000,1300000,12600000,1500000, Rejected
8856,2, Not Graduate, No,8700000,29900000,12,570,17700000,5300000,25800000,9200000, Approved
8857,0, Graduate, No,2900000,9600000,16,413,5800000,4000000,8500000,2200000, Rejected
8858,2, Graduate, No,4800000,16200000,2,762,8700000,1600000,16200000,5700000, Approved
8859,2, Not Graduate, Yes,9600000,38400000,4,444,9800000,17600000,33100000,13300000, Approved
8860,1, Not Graduate, Yes,5000000,17500000,12,484,2100000,1500000,17200000,4800000, Rejected
8861,2, Not Graduate, No,9500000,31700000,12,786,2300000,17500000,22000000,7200000, Approved
8862,5, Not Graduate, No,7200000,19200000,4,425,18100000,11900000,21200000,7600000, Rejected
8863,3, Not Graduate, Yes,6900000,23900000,18,665,17000000,5500000,21400000,5800000, Approved
8864,4, Not Graduate, Yes,5400000,12200000,2,586,10400000,900000,20400000,7500000, Approved
8865,3, Not Graduate, Yes,4000000,14800000,6,691,2200000,7100000,8500000,4600000, Approved
8866,0, Graduate, Yes,6800000,15000000,16,619,3400000,7000000,24000000,8700000, Approved
8867,1, Not Graduate, No,4000000,11300000,6,367,13200000,3000000,9700000,5900000, Rejected
8868,4, Not Graduate, No,6700000,25100000,16,387,5200000,4900000,15900000,6800000, Rejected
8869,1, Not Graduate, No,10400000,19600000,20,821,13100000,8600000,39900000,11200000, Approved
8870,2, Not Graduate, Yes,6700000,22700000,18,526,14600000,5800000,19600000,6100000, Rejected
8871,3, Not Graduate, No,2700000,7800000,12,430,6900000,1900000,6800000,2200000, Approved
8872,3, Graduate, No,9200000,34400000,18,666,3000000,13900000,31400000,13000000, Rejected
8873,1, Not Graduate, Yes,3600000,9800000,4,389,1600000,5700000,7700000,4700000, Rejected
8874,5, Graduate, No,900000,3000000,4,855,2800000,1100000,1900000,1000000, Approved
8875,0, Not Graduate, Yes,4600000,10400000,20,531,8200000,4100000,11600000,7100000, Rejected
8876,5, Graduate, No,6900000,18000000,12,532,5100000,11600000,17900000,3700000, Rejected
8877,1, Not Graduate, No,8700000,24400000,18,393,22900000,8900000,23600000,10500000, Rejected
8878,1, Not Graduate, No,6600000,15100000,14,805,11300000,3200000,19500000,6500000, Approved
8879,2, Not Graduate, Yes,7000000,24600000,10,702,8900000,5100000,14900000,7500000, Approved
8880,0, Graduate, Yes,8100000,20800000,16,773,12700000,7700000,16800000,8800000, Approved
8881,5, Graduate, Yes,4400000,17200000,20,850,3900000,5100000,13500000,2200000, Approved
8882,0, Graduate, Yes,1100000,4100000,4,783,2900000,2300000,2600000,1600000, Approved
8883,2, Graduate, No,4400000,14600000,2,900,3900000,7200000,13800000,4300000, Approved
8884,0, Graduate, No,9200000,23200000,12,314,14300000,18500000,30700000,11500000, Approved
8885,1, Graduate, No,7500000,18000000,20,413,18500000,8500000,18400000,4400000, Rejected
8886,5, Not Graduate, Yes,8000000,28900000,4,658,11400000,8700000,29800000,4700000, Approved
8887,2, Graduate, Yes,9900000,35800000,20,638,13900000,13700000,39300000,6800000, Approved
8888,2, Not Graduate, Yes,2000000,5600000,10,678,4600000,1300000,3800000,2700000, Approved
8889,0, Not Graduate, Yes,700000,2500000,2,633,300000,1400000,1900000,600000, Approved
8890,2, Graduate, No,600000,1200000,12,495,0,1300000,2200000,700000, Rejected
8891,4, Graduate, No,3300000,8600000,18,790,400000,0,9200000,4500000, Approved
8892,2, Not Graduate, No,2100000,4500000,18,604,2600000,500000,5300000,1800000, Approved
8893,3, Not Graduate, Yes,3300000,12200000,2,732,2800000,4200000,12600000,4300000, Approved
8894,1, Graduate, Yes,6100000,19000000,6,900,13100000,6200000,17700000,7900000, Approved
8895,0, Not Graduate, Yes,9700000,27500000,18,581,6500000,10000000,28800000,14500000, Approved
8896,4, Not Graduate, No,200000,700000,10,682,300000,200000,500000,400000, Approved
8897,3, Not Graduate, Yes,1400000,5300000,6,353,200000,200000,5500000,1000000, Approved
8898,4, Graduate, Yes,6600000,12900000,12,768,4800000,3800000,25300000,9500000, Approved
8899,2, Not Graduate, Yes,4000000,7700000,10,418,9900000,7200000,14200000,2100000, Rejected
8900,3, Graduate, No,1600000,5300000,18,668,300000,400000,4500000,1700000, Approved
8901,3, Graduate, Yes,3000000,8800000,4,674,2800000,5600000,11000000,3900000, Approved
8902,3, Graduate, No,2700000,6100000,10,778,7000000,2300000,6600000,2600000, Approved
8903,2, Graduate, No,2700000,9400000,16,612,8300000,2700000,6200000,3700000, Approved
8904,0, Not Graduate, Yes,9100000,20200000,12,402,24300000,16200000,32500000,7100000, Rejected
8905,4, Graduate, Yes,5100000,14000000,14,485,9900000,0,10700000,6900000, Rejected
8906,0, Graduate, Yes,5300000,14400000,2,886,1800000,2100000,20800000,6000000, Approved
8907,2, Not Graduate, Yes,9700000,33300000,2,301,4500000,18500000,24900000,8900000, Rejected
8908,0, Graduate, No,4000000,8700000,6,677,3400000,6200000,10100000,4700000, Approved
8909,0, Graduate, Yes,900000,3800000,8,558,2400000,900000,2100000,1500000, Rejected
8910,0, Graduate, Yes,6500000,15600000,16,645,3400000,6300000,22700000,8000000, Approved
8911,4, Graduate, No,3800000,11700000,10,887,10300000,4000000,10200000,3000000, Approved
8912,4, Graduate, Yes,7900000,26300000,14,384,10700000,14300000,29400000,7900000, Rejected
8913,1, Not Graduate, Yes,3100000,10900000,2,555,6400000,4100000,11100000,4900000, Approved
8914,1, Graduate, Yes,7600000,21500000,20,649,13200000,10300000,29300000,7900000, Approved
8915,0, Not Graduate, Yes,1800000,3800000,2,487,4000000,2400000,4400000,1300000, Rejected
8916,1, Not Graduate, Yes,4000000,15700000,14,427,10600000,2800000,14500000,3400000, Rejected
8917,4, Not Graduate, Yes,9700000,34900000,10,508,10300000,14600000,25200000,6600000, Rejected
8918,2, Graduate, No,4600000,16900000,18,731,7400000,8900000,13200000,5600000, Approved
8919,0, Graduate, No,1500000,2500000,2,666,3600000,700000,5100000,1400000, Approved
8920,0, Graduate, No,5100000,15400000,2,900,1700000,2100000,21100000,5800000, Approved
8921,1, Not Graduate, No,7400000,23900000,6,573,8700000,1400000,22700000,5900000, Approved
8922,0, Graduate, No,7000000,14800000,18,708,9800000,11100000,20400000,6300000, Approved
8923,1, Graduate, No,7000000,19500000,10,420,20600000,7600000,21900000,5000000, Rejected
8924,3, Graduate, No,8900000,18100000,6,679,5800000,2100000,18200000,8800000, Approved
8925,3, Graduate, No,200000,800000,18,764,300000,300000,600000,200000, Approved
8926,3, Graduate, Yes,7700000,14700000,6,364,11800000,14000000,22500000,6300000, Rejected
8927,5, Graduate, Yes,9800000,40200000,10,366,1800000,14000000,39600000,9700000, Rejected
8928,3, Not Graduate, Yes,3500000,13100000,16,575,10500000,4100000,9800000,2100000, Approved
8929,0, Graduate, Yes,900000,2200000,16,572,0,900000,2000000,600000, Approved
8930,1, Graduate, No,9300000,34100000,12,676,8700000,1800000,33100000,9400000, Approved
8931,0, Not Graduate, Yes,9600000,23900000,14,427,4500000,16900000,20900000,10500000, Rejected
8932,5, Not Graduate, Yes,2100000,6500000,8,810,2400000,2700000,7400000,2700000, Approved
8933,3, Not Graduate, No,5700000,13300000,6,886,15200000,10200000,12600000,6300000, Approved
8934,2, Graduate, No,4600000,14500000,4,810,7000000,2300000,13100000,6300000, Approved
8935,0, Not Graduate, No,8100000,24600000,18,853,14800000,15300000,27000000,6500000, Approved
8936,4, Graduate, No,3300000,8100000,2,582,6300000,1800000,9800000,2700000, Approved
8937,0, Graduate, No,7000000,26800000,14,489,15200000,8900000,16300000,7300000, Rejected
8938,0, Graduate, No,1500000,5600000,18,598,1900000,2300000,4200000,1800000, Approved
8939,4, Not Graduate, Yes,3000000,6600000,20,897,2200000,3500000,10400000,4000000, Approved
8940,0, Not Graduate, Yes,5000000,16600000,16,332,13500000,100000,17900000,2900000, Rejected
8941,2, Graduate, No,5500000,12000000,4,610,13900000,2800000,11700000,5100000, Approved
8942,0, Not Graduate, Yes,10000000,35800000,4,501,800000,14200000,26500000,12500000, Approved
8943,2, Not Graduate, No,5800000,20900000,14,524,7400000,6000000,13200000,8300000, Rejected
8944,0, Not Graduate, No,3500000,11400000,16,822,4200000,2200000,9800000,2400000, Approved
8945,0, Not Graduate, Yes,9000000,23000000,10,600,12600000,3400000,27500000,6200000, Approved
8946,1, Not Graduate, Yes,1000000,3900000,18,374,2600000,400000,2000000,500000, Rejected
8947,2, Graduate, No,5100000,11100000,14,341,7400000,2800000,10900000,6300000, Rejected
8948,1, Graduate, Yes,4300000,10300000,4,829,4600000,4500000,15100000,4700000, Approved
8949,1, Not Graduate, Yes,4700000,15600000,16,381,3900000,5500000,14300000,3300000, Rejected
8950,0, Graduate, No,6500000,14700000,6,465,5200000,12600000,23800000,4100000, Rejected
8951,3, Graduate, Yes,6400000,16600000,18,640,7000000,2500000,25300000,5000000, Approved
8952,4, Graduate, No,9700000,35800000,18,473,10000000,12300000,24700000,11900000, Approved
8953,5, Not Graduate, Yes,8900000,40000000,2,661,2900000,1200000,32800000,9000000, Approved
8954,0, Graduate, Yes,7500000,23400000,4,467,17200000,10700000,24700000,7100000, Approved
8955,2, Graduate, No,2300000,9200000,18,327,1800000,800000,5400000,1500000, Rejected
8956,5, Graduate, No,2200000,5200000,20,667,5400000,1400000,4700000,1300000, Approved
8957,0, Graduate, Yes,4800000,12100000,12,526,4500000,700000,16100000,3600000, Rejected
8958,4, Not Graduate, No,4200000,13600000,12,775,11400000,4600000,11000000,3600000, Approved
8959,5, Graduate, Yes,4400000,8400000,4,584,6100000,900000,8900000,2300000, Approved
8960,1, Graduate, No,5100000,14400000,12,884,8900000,7900000,17800000,5400000, Approved
8961,3, Not Graduate, Yes,800000,2500000,20,535,800000,200000,3300000,900000, Rejected
8962,0, Graduate, No,1800000,5800000,18,332,2800000,600000,6900000,900000, Rejected
8963,0, Not Graduate, Yes,9000000,35900000,2,712,17200000,16500000,23000000,10000000, Approved
8964,1, Graduate, Yes,7600000,23300000,8,573,3400000,2200000,22300000,6600000, Approved
8965,1, Not Graduate, Yes,2300000,5800000,14,651,6600000,100000,5000000,1100000, Approved
8966,0, Not Graduate, No,9700000,19300000,16,617,6400000,800000,39200000,8300000, Approved
8967,3, Not Graduate, Yes,1900000,4100000,16,596,1700000,4000000,5500000,1300000, Approved
8968,1, Not Graduate, Yes,2300000,6100000,8,562,3400000,1800000,6900000,3100000, Approved
8969,4, Not Graduate, No,1700000,4100000,8,810,2300000,2700000,3600000,1800000, Approved
8970,3, Graduate, No,7800000,23700000,12,466,7300000,6600000,28900000,9300000, Rejected
8971,4, Graduate, Yes,5900000,21500000,16,867,11500000,3600000,12600000,4100000, Approved
8972,5, Graduate, No,4100000,11000000,14,389,6000000,1600000,8600000,5300000, Rejected
8973,0, Not Graduate, No,8500000,31400000,4,849,2900000,400000,32300000,7900000, Approved
8974,5, Graduate, Yes,9200000,20200000,14,845,8000000,6400000,31300000,10100000, Approved
8975,3, Not Graduate, Yes,900000,3000000,14,574,1200000,1400000,2700000,500000, Approved
8976,1, Not Graduate, Yes,1300000,5300000,20,443,900000,800000,4000000,1700000, Rejected
8977,0, Graduate, Yes,4100000,9200000,4,679,3200000,6600000,9700000,4900000, Approved
8978,5, Graduate, Yes,1500000,3400000,16,378,100000,2600000,3500000,1100000, Rejected
8979,1, Not Graduate, Yes,600000,1600000,4,656,1500000,100000,1400000,700000, Approved
8980,0, Graduate, Yes,5400000,18800000,2,878,500000,700000,18100000,6300000, Approved
8981,4, Graduate, No,4800000,13200000,2,666,200000,5100000,14800000,7000000, Approved
8982,5, Graduate, No,1800000,6500000,16,428,4000000,2100000,7300000,1100000, Rejected
8983,3, Graduate, No,1400000,3500000,16,379,2700000,2000000,2800000,1500000, Rejected
8984,2, Graduate, Yes,1000000,4800000,20,613,3800000,1500000,4500000,600000, Approved
8985,2, Graduate, Yes,9100000,19500000,16,414,2900000,14700000,36400000,10600000, Rejected
8986,5, Not Graduate, Yes,8500000,27300000,10,582,23000000,14300000,30300000,10900000, Approved
8987,3, Not Graduate, No,2100000,5500000,4,534,600000,600000,6600000,2900000, Approved
8988,2, Graduate, Yes,6600000,21500000,14,327,8200000,0,22600000,4700000, Rejected
8989,2, Not Graduate, No,9500000,32100000,16,877,4400000,18300000,30200000,13100000, Approved
8990,4, Graduate, No,4800000,12100000,6,451,7900000,1200000,18700000,3300000, Rejected
8991,0, Not Graduate, Yes,4900000,11500000,16,727,14600000,800000,18700000,4100000, Approved
8992,3, Not Graduate, Yes,8000000,30100000,10,573,18600000,7400000,17100000,12000000, Approved
8993,5, Graduate, No,3300000,13500000,20,519,700000,4500000,8600000,4000000, Rejected
8994,2, Graduate, Yes,7000000,20900000,8,535,5800000,9100000,26900000,9700000, Rejected
8995,5, Not Graduate, Yes,3600000,9600000,18,648,9600000,4000000,10600000,3200000, Approved
8996,1, Graduate, Yes,5200000,14400000,4,646,7200000,3400000,18000000,2700000, Approved
8997,5, Graduate, No,1400000,3400000,6,699,2000000,300000,4700000,1600000, Approved
8998,1, Graduate, No,1800000,6400000,6,542,2700000,3300000,5100000,1100000, Approved
8999,4, Graduate, No,4700000,15900000,4,859,3600000,2400000,13700000,4500000, Approved
9000,1, Not Graduate, Yes,8400000,20200000,6,545,19100000,6700000,23700000,4700000, Rejected
9001,1, Not Graduate, No,8600000,32400000,16,711,4400000,1000000,20800000,5100000, Approved
9002,3, Graduate, No,4900000,10200000,14,450,8400000,300000,16300000,3700000, Rejected
9003,4, Graduate, Yes,900000,4900000,6,739,2000000,200000,4500000,1300000, Approved
9004,1, Graduate, Yes,6500000,16900000,2,370,9300000,7100000,24500000,7800000, Rejected
9005,2, Not Graduate, No,6500000,23000000,4,300,13300000,7100000,22800000,9000000, Approved
9006,0, Graduate, No,3100000,10600000,8,484,3800000,4600000,12200000,1800000, Rejected
9007,3, Not Graduate, No,8400000,19800000,14,626,14300000,13900000,27000000,6400000, Approved
9008,3, Not Graduate, No,8100000,29700000,12,608,900000,1100000,31900000,11400000, Approved
9009,4, Not Graduate, Yes,6300000,17000000,14,786,16400000,1400000,17200000,4000000, Approved
9010,0, Graduate, No,2500000,5000000,14,655,500000,1300000,6000000,3100000, Approved
9011,3, Not Graduate, No,2900000,6500000,16,848,9300000,800000,10900000,3000000, Approved
9012,4, Not Graduate, Yes,9700000,25300000,4,535,10100000,11600000,30900000,12000000, Rejected
9013,3, Not Graduate, No,400000,1000000,6,431,800000,200000,600000,300000, Rejected
9014,4, Graduate, No,4400000,15800000,16,816,4900000,8000000,11200000,2800000, Approved
9015,1, Not Graduate, Yes,7200000,19400000,12,661,12600000,7400000,26300000,7200000, Approved
9016,0, Graduate, No,6700000,14800000,12,736,9100000,12700000,19800000,3200000, Approved
9017,4, Not Graduate, No,9900000,19300000,14,412,24700000,10800000,33700000,8200000, Rejected
9018,4, Not Graduate, Yes,8100000,27300000,12,568,11700000,9200000,18600000,8400000, Rejected
9019,1, Graduate, No,1300000,2100000,6,686,2100000,1100000,2100000,1100000, Approved
9020,5, Graduate, No,5100000,21200000,16,832,10800000,7400000,22600000,3900000, Approved
9021,4, Graduate, No,5700000,21500000,18,445,500000,4400000,12800000,6400000, Rejected
9022,3, Not Graduate, No,600000,2500000,12,834,1600000,1100000,2200000,900000, Approved
9023,4, Graduate, No,3500000,13600000,4,825,9700000,2200000,12600000,4100000, Approved
9024,0, Not Graduate, No,600000,1400000,14,650,1900000,600000,2300000,1000000, Approved
9025,0, Graduate, No,6800000,27600000,4,431,16400000,7800000,19500000,9800000, Approved
9026,2, Graduate, Yes,1600000,5900000,6,451,3000000,200000,5500000,1400000, Rejected
9027,0, Not Graduate, No,4900000,15600000,6,734,7200000,6500000,15100000,5800000, Approved
9028,4, Graduate, Yes,2300000,7600000,8,483,4200000,400000,4800000,1300000, Rejected
9029,4, Graduate, No,5400000,14500000,16,674,13900000,8300000,12600000,5900000, Approved
9030,3, Graduate, No,5900000,15600000,14,600,1200000,9000000,20500000,9400000, Approved
9031,3, Not Graduate, No,5300000,17000000,10,370,2800000,1400000,13200000,6500000, Rejected
9032,2, Not Graduate, No,1700000,3800000,20,569,3900000,1500000,4800000,2700000, Approved
9033,2, Not Graduate, Yes,600000,1800000,8,535,1400000,900000,1900000,900000, Rejected
9034,3, Not Graduate, No,8200000,19600000,14,748,12500000,13900000,30900000,8100000, Approved
9035,3, Graduate, Yes,9600000,27700000,12,709,16600000,6400000,22000000,9600000, Approved
9036,3, Graduate, Yes,1500000,6100000,18,402,800000,1900000,3900000,1300000, Rejected
9037,1, Not Graduate, Yes,5300000,18400000,10,519,6300000,8800000,19800000,8400000, Rejected
9038,4, Not Graduate, No,4500000,9900000,12,627,9600000,400000,15600000,6600000, Approved
9039,3, Graduate, No,1300000,3300000,2,655,300000,2100000,3300000,1900000, Approved
9040,4, Graduate, No,500000,1700000,18,861,1400000,900000,1600000,200000, Rejected
9041,2, Graduate, No,5500000,11800000,4,609,14500000,2900000,11300000,5200000, Approved
9042,2, Graduate, No,500000,2100000,16,438,1000000,400000,2400000,300000, Rejected
9043,5, Not Graduate, Yes,7600000,24500000,16,859,4100000,6700000,20700000,9100000, Approved
9044,4, Not Graduate, No,3800000,9600000,10,538,10500000,200000,11900000,1900000, Rejected
9045,3, Graduate, No,4700000,10000000,10,516,5400000,7400000,12400000,4800000, Rejected
9046,2, Not Graduate, Yes,400000,600000,8,526,500000,0,800000,300000, Approved
9047,2, Not Graduate, Yes,9200000,31500000,18,669,5200000,5700000,22700000,8100000, Approved
9048,2, Not Graduate, No,2600000,7900000,6,488,6400000,3900000,5300000,1900000, Approved
9049,0, Not Graduate, No,8900000,35700000,6,893,500000,15500000,21000000,9300000, Approved
9050,4, Graduate, No,2600000,8400000,2,802,500000,3800000,10700000,2500000, Approved
9051,4, Not Graduate, Yes,6400000,17000000,2,751,13600000,9400000,20900000,3700000, Rejected
9052,5, Graduate, No,5300000,12500000,8,735,1700000,400000,11500000,5400000, Approved
9053,0, Graduate, No,400000,800000,2,843,0,700000,1200000,300000, Approved
9054,4, Graduate, No,4800000,11200000,2,491,9200000,4100000,16800000,3100000, Rejected
9055,4, Not Graduate, Yes,7400000,23300000,16,900,3800000,4600000,15800000,6500000, Approved
9056,5, Not Graduate, Yes,9900000,32400000,6,337,5300000,18300000,26200000,7800000, Rejected
9057,4, Not Graduate, No,6500000,24200000,2,480,7300000,2500000,22400000,4200000, Approved
9058,0, Not Graduate, No,6300000,20800000,10,350,3500000,10700000,16700000,7800000, Rejected
9059,2, Graduate, Yes,1600000,5000000,4,793,1800000,2300000,5600000,700000, Approved
9060,3, Graduate, Yes,7200000,17800000,2,676,7400000,10900000,25100000,6400000, Approved
9061,3, Graduate, No,5600000,21100000,4,873,4600000,7600000,19000000,7300000, Approved
9062,3, Graduate, No,8900000,22000000,10,462,18700000,2400000,30600000,8400000, Rejected
9063,4, Graduate, Yes,6100000,17700000,18,672,1400000,5500000,12800000,4500000, Approved
9064,2, Not Graduate, Yes,6100000,17600000,6,665,8400000,8500000,12600000,5400000, Approved
9065,5, Not Graduate, No,3100000,7300000,12,572,10400000,5600000,11300000,3700000, Approved
9066,2, Graduate, No,6500000,14600000,10,828,13700000,4500000,12600000,8900000, Approved
9067,3, Not Graduate, No,5500000,10200000,12,821,13700000,5300000,11000000,7800000, Approved
9068,5, Graduate, Yes,4200000,16900000,2,634,10600000,7500000,12200000,6600000, Approved
9069,3, Graduate, Yes,5900000,16500000,8,460,7200000,10900000,19300000,3200000, Rejected
9070,1, Graduate, Yes,2100000,6500000,16,900,2500000,1900000,4600000,2200000, Approved
9071,4, Graduate, No,3100000,11600000,6,653,3100000,4800000,6500000,3900000, Approved
9072,0, Not Graduate, Yes,4700000,17000000,18,806,3500000,1500000,17800000,2700000, Approved
9073,2, Graduate, Yes,4900000,15400000,10,328,1900000,6700000,11300000,3000000, Rejected
9074,2, Graduate, No,3100000,10200000,12,492,4400000,1500000,10300000,4900000, Rejected
9075,2, Graduate, Yes,4400000,15900000,14,652,9700000,7300000,17400000,4800000, Approved
9076,2, Not Graduate, No,7900000,33100000,16,405,20200000,12000000,24200000,10400000, Rejected
9077,1, Graduate, Yes,1700000,6200000,14,746,4700000,200000,3800000,2600000, Approved
9078,3, Graduate, No,6300000,21000000,12,646,7200000,11000000,19400000,4700000, Approved
9079,2, Not Graduate, No,5500000,20600000,12,891,9200000,9500000,12300000,3200000, Approved
9080,4, Not Graduate, No,4200000,17100000,6,369,10600000,3600000,14400000,6300000, Rejected
9081,2, Not Graduate, Yes,8000000,26000000,6,583,5100000,15400000,26300000,6200000, Approved
9082,2, Graduate, No,7600000,28800000,10,796,19400000,14900000,15200000,7500000, Approved
9083,1, Not Graduate, Yes,8100000,27600000,4,525,22600000,1900000,18600000,4000000, Approved
9084,2, Not Graduate, No,8100000,24700000,6,300,300000,4200000,30200000,10700000, Rejected
9085,3, Not Graduate, No,8800000,27900000,4,397,21700000,16100000,20400000,9300000, Rejected
9086,2, Not Graduate, Yes,2600000,5600000,8,851,3700000,4900000,10700000,4100000, Approved
9087,1, Not Graduate, Yes,900000,2800000,16,747,2100000,1500000,3000000,1100000, Approved
9088,2, Graduate, Yes,3000000,6800000,4,825,4900000,4900000,6100000,2200000, Approved
9089,5, Graduate, No,4300000,10000000,4,721,300000,100000,13300000,1900000, Approved
9090,5, Graduate, No,1300000,3500000,6,688,2000000,300000,4600000,1600000, Approved
9091,5, Graduate, No,1200000,2900000,4,350,1800000,100000,2800000,600000, Approved
9092,3, Graduate, Yes,7900000,24500000,4,312,21600000,6500000,24000000,6000000, Approved
9093,3, Not Graduate, Yes,8300000,28900000,2,826,25900000,4300000,18700000,11300000, Approved
9094,3, Graduate, No,8800000,21200000,10,673,19300000,6800000,35800000,10800000, Approved
9095,3, Graduate, No,8600000,21200000,6,463,3600000,12400000,28600000,11000000, Rejected
9096,3, Not Graduate, No,6900000,19300000,18,817,2600000,7900000,14600000,5600000, Approved
9097,0, Not Graduate, No,9700000,38200000,8,647,10300000,12300000,31200000,7100000, Approved
9098,4, Not Graduate, Yes,2100000,8000000,14,731,5900000,2700000,7900000,1500000, Approved
9099,1, Graduate, Yes,8100000,28800000,18,776,1200000,5100000,28900000,8100000, Approved
9100,3, Not Graduate, No,5600000,20000000,12,635,800000,8400000,19200000,8500000, Approved
9101,5, Not Graduate, Yes,1700000,4100000,12,348,2700000,1900000,4100000,1300000, Rejected
9102,4, Not Graduate, Yes,8900000,25000000,16,409,20100000,100000,26500000,5000000, Rejected
9103,4, Not Graduate, No,2900000,10700000,2,837,500000,2300000,6600000,4300000, Approved
9104,0, Graduate, Yes,4600000,10000000,20,427,9900000,2000000,9700000,5600000, Rejected
9105,0, Not Graduate, No,9100000,29300000,2,612,0,7300000,25100000,13200000, Approved
9106,1, Graduate, Yes,9600000,35200000,12,553,10400000,7500000,26200000,11300000, Approved
9107,2, Not Graduate, Yes,9900000,33800000,4,306,4800000,18800000,25800000,9000000, Approved
9108,0, Not Graduate, Yes,1300000,2700000,14,889,3000000,100000,3500000,1500000, Approved
9109,5, Graduate, No,4000000,9400000,4,728,400000,0,13000000,2000000, Approved
9110,2, Graduate, Yes,4200000,16000000,2,328,7000000,600000,12900000,3100000, Approved
9111,0, Graduate, Yes,6500000,21700000,12,713,15800000,10800000,23300000,5100000, Approved
9112,5, Not Graduate, No,3900000,8000000,2,566,3600000,7300000,9200000,4700000, Approved
9113,2, Not Graduate, No,7900000,18500000,20,510,14400000,300000,18300000,4500000, Rejected
9114,1, Graduate, Yes,5200000,19700000,12,779,5300000,1600000,20700000,5900000, Approved
9115,1, Not Graduate, Yes,2100000,4800000,10,729,0,1900000,5500000,900000, Approved
9116,4, Not Graduate, Yes,3400000,12500000,8,300,7600000,300000,12600000,2500000, Rejected
9117,1, Not Graduate, Yes,2200000,6100000,8,579,3400000,1700000,7100000,2900000, Approved
9118,0, Graduate, No,5100000,16600000,2,429,3200000,3400000,15800000,5800000, Approved
9119,0, Graduate, Yes,5600000,17600000,8,342,600000,0,17400000,4700000, Rejected
9120,3, Not Graduate, No,6900000,21300000,16,570,2300000,10800000,21700000,3400000, Approved
9121,2, Graduate, Yes,8700000,20900000,20,652,4400000,700000,30500000,13700000, Approved
9122,3, Not Graduate, Yes,8600000,27300000,2,698,6700000,10300000,23700000,5500000, Approved
9123,5, Not Graduate, No,6000000,21700000,10,416,1600000,11100000,22100000,6400000, Rejected
9124,3, Not Graduate, No,3400000,8000000,12,389,6000000,4200000,10500000,3900000, Rejected
9125,3, Graduate, No,1800000,4300000,4,865,2400000,0,6600000,800000, Approved
9126,0, Graduate, Yes,8200000,19100000,16,470,17400000,9200000,19200000,7800000, Rejected
9127,1, Not Graduate, Yes,1600000,4300000,6,342,2300000,700000,4200000,2500000, Rejected
9128,0, Not Graduate, Yes,7500000,20100000,12,622,12400000,8800000,23800000,7500000, Approved
9129,3, Not Graduate, Yes,6000000,13600000,10,321,1800000,3300000,22900000,3700000, Rejected
9130,0, Not Graduate, No,9500000,23200000,18,416,900000,16900000,23800000,9300000, Rejected
9131,4, Graduate, No,9800000,30400000,2,886,19100000,4300000,22500000,10400000, Approved
9132,1, Graduate, No,2900000,6900000,10,786,6900000,800000,11600000,2900000, Approved
9133,0, Graduate, Yes,7400000,17100000,16,407,14700000,13600000,30900000,9700000, Rejected
9134,3, Graduate, No,500000,2100000,14,900,700000,500000,2000000,400000, Approved
9135,3, Graduate, No,9300000,20000000,14,488,4000000,16400000,28900000,6400000, Rejected
9136,4, Graduate, No,1800000,5000000,8,718,2500000,700000,5000000,1900000, Approved
9137,0, Graduate, No,3100000,11200000,16,490,5800000,2100000,10100000,2200000, Rejected
9138,2, Graduate, No,6500000,26400000,18,601,3800000,3000000,17300000,5700000, Approved
9139,4, Not Graduate, Yes,7000000,23600000,10,695,19600000,6300000,21700000,6500000, Approved
9140,0, Not Graduate, Yes,2000000,6400000,16,750,3200000,2000000,7500000,1300000, Approved
9141,4, Not Graduate, Yes,6800000,24500000,10,708,18700000,6600000,22100000,6500000, Approved
9142,1, Graduate, Yes,3200000,10700000,12,697,300000,600000,8300000,3900000, Approved
9143,0, Not Graduate, No,7500000,26100000,6,900,13200000,11300000,23100000,6900000, Approved
9144,5, Graduate, Yes,6600000,20100000,8,367,16500000,11500000,18800000,6000000, Rejected
9145,5, Not Graduate, No,6500000,13600000,2,859,12100000,8600000,15100000,5600000, Approved
9146,4, Not Graduate, No,7900000,30200000,20,595,22300000,700000,24900000,6500000, Approved
9147,3, Not Graduate, No,400000,1200000,16,488,200000,500000,900000,400000, Rejected
9148,2, Not Graduate, Yes,200000,700000,18,630,700000,200000,600000,100000, Approved
9149,3, Not Graduate, No,5700000,12900000,20,340,4500000,3100000,16600000,7500000, Rejected
9150,0, Not Graduate, Yes,4600000,11000000,14,484,13800000,2100000,15300000,5700000, Rejected
9151,3, Not Graduate, No,7400000,28500000,12,353,8600000,11100000,22800000,7400000, Rejected
9152,2, Graduate, No,700000,3200000,8,351,300000,1000000,2200000,900000, Rejected
9153,0, Not Graduate, No,2200000,6800000,6,684,0,1300000,4100000,1400000, Approved
9154,4, Not Graduate, No,1000000,2500000,4,599,1900000,1400000,4100000,600000, Approved
9155,3, Not Graduate, No,1600000,5400000,16,734,2200000,700000,4500000,1000000, Approved
9156,0, Not Graduate, Yes,7800000,23600000,14,851,2900000,3200000,26000000,5200000, Approved
9157,0, Not Graduate, No,5700000,19800000,14,673,8700000,10000000,17400000,7000000, Approved
9158,0, Not Graduate, Yes,4500000,11800000,16,571,3300000,6400000,15400000,3700000, Rejected
9159,0, Graduate, Yes,8900000,33800000,12,882,15800000,5500000,21200000,9000000, Approved
9160,2, Graduate, Yes,8600000,29200000,18,816,12400000,3600000,18800000,9500000, Approved
9161,1, Graduate, No,5100000,18900000,14,370,13100000,5600000,13000000,4500000, Rejected
9162,0, Not Graduate, No,4400000,14500000,12,420,9500000,300000,15800000,4000000, Rejected
9163,0, Not Graduate, Yes,1900000,5000000,18,368,1800000,1500000,4700000,1400000, Rejected
9164,3, Graduate, No,8600000,31400000,10,452,13500000,9600000,22900000,11600000, Rejected
9165,4, Not Graduate, Yes,6900000,25700000,6,472,12800000,700000,18900000,8500000, Rejected
9166,3, Not Graduate, Yes,7000000,17000000,6,381,20700000,11500000,19400000,5300000, Rejected
9167,2, Graduate, Yes,8500000,33800000,6,770,22300000,500000,18900000,6600000, Approved
9168,0, Graduate, Yes,2800000,11500000,16,483,5700000,2000000,9700000,2100000, Rejected
9169,3, Graduate, Yes,900000,3600000,4,771,600000,0,2000000,600000, Rejected
9170,2, Not Graduate, No,4100000,9100000,8,889,3900000,3600000,10300000,5000000, Approved
9171,4, Graduate, Yes,8500000,19900000,6,324,24000000,7100000,29900000,9100000, Rejected
9172,3, Graduate, No,1800000,4100000,12,842,4900000,1100000,5300000,2100000, Approved
9173,1, Not Graduate, No,7000000,25000000,8,732,12200000,12500000,23000000,9600000, Approved
9174,2, Not Graduate, Yes,7800000,16400000,18,335,17200000,2800000,26700000,8500000, Rejected
9175,0, Not Graduate, No,2900000,7000000,10,312,5600000,300000,7500000,1500000, Rejected
9176,3, Not Graduate, No,8400000,29700000,14,763,10700000,8000000,19800000,7500000, Approved
9177,0, Not Graduate, Yes,6000000,22600000,10,448,200000,12100000,13700000,8600000, Rejected
9178,2, Not Graduate, No,8100000,16600000,14,348,20000000,7100000,18400000,7000000, Rejected
9179,4, Graduate, No,7700000,19000000,16,838,16700000,12700000,23600000,6900000, Approved
9180,3, Not Graduate, Yes,200000,700000,10,503,300000,300000,1100000,300000, Rejected
9181,1, Graduate, No,400000,1800000,8,428,1100000,0,1600000,400000, Rejected
9182,2, Graduate, No,6300000,24300000,18,612,3600000,3300000,15200000,5900000, Approved
9183,0, Graduate, No,2900000,7500000,6,665,3300000,4700000,10300000,3000000, Approved
9184,1, Graduate, No,6500000,21100000,20,642,9500000,7700000,13700000,5500000, Rejected
9185,4, Graduate, Yes,400000,500000,2,327,600000,0,1100000,400000, Rejected
9186,1, Graduate, No,8600000,24800000,10,644,11600000,15200000,21700000,5800000, Approved
9187,1, Not Graduate, Yes,1200000,4500000,14,662,3000000,2200000,3800000,1700000, Approved
9188,2, Graduate, No,4500000,14200000,2,884,3900000,7400000,13400000,4000000, Approved
9189,2, Not Graduate, Yes,2100000,6900000,2,570,800000,1500000,8000000,1000000, Approved
9190,4, Graduate, Yes,6100000,25800000,18,336,13900000,1600000,20300000,7800000, Rejected
9191,2, Graduate, No,6700000,18600000,10,697,11900000,5900000,22100000,5300000, Approved
9192,1, Not Graduate, Yes,1700000,5600000,10,408,5400000,1600000,5800000,1500000, Rejected
9193,1, Not Graduate, Yes,1500000,4700000,14,568,2200000,200000,5800000,1300000, Rejected
9194,1, Not Graduate, No,2800000,6500000,18,810,4000000,4800000,7200000,3500000, Approved
9195,4, Graduate, Yes,6700000,20800000,18,459,9200000,6200000,25000000,6100000, Rejected
9196,4, Graduate, No,1100000,2200000,16,554,200000,0,2100000,1100000, Rejected
9197,5, Graduate, No,2500000,11400000,16,507,900000,2900000,9400000,2400000, Rejected
9198,0, Not Graduate, No,8500000,31900000,14,768,7200000,14800000,22000000,7400000, Approved
9199,1, Graduate, Yes,3100000,10700000,4,894,1500000,2300000,7100000,3700000, Approved
9200,5, Graduate, No,7400000,27000000,12,534,8700000,12300000,29900000,4600000, Rejected
9201,5, Not Graduate, No,7300000,24400000,14,418,10400000,5900000,21700000,4900000, Rejected
9202,4, Graduate, No,2100000,4500000,8,353,2200000,2600000,7600000,2100000, Rejected
9203,1, Not Graduate, Yes,1100000,3300000,14,718,1300000,900000,1800000,1200000, Approved
9204,4, Not Graduate, No,8100000,20200000,10,571,11400000,6600000,25800000,10400000, Rejected
9205,4, Graduate, No,2400000,5600000,16,505,6200000,3700000,5400000,2100000, Rejected
9206,3, Not Graduate, No,5100000,16600000,10,412,2700000,1300000,12600000,6200000, Rejected
9207,0, Graduate, No,7200000,27600000,16,624,10100000,3700000,16400000,8100000, Approved
9208,5, Not Graduate, Yes,6400000,24000000,2,472,500000,10000000,16800000,7600000, Approved
9209,0, Not Graduate, Yes,900000,2400000,2,622,300000,1200000,2000000,500000, Rejected
9210,2, Graduate, Yes,3700000,14700000,16,358,2700000,200000,8300000,2700000, Rejected
9211,4, Not Graduate, No,2600000,8000000,4,339,5400000,900000,9500000,3500000, Approved
9212,5, Graduate, No,7600000,23400000,16,343,15700000,1300000,17600000,10300000, Rejected
9213,0, Graduate, No,4200000,11200000,20,822,7200000,2300000,12500000,6100000, Approved
9214,2, Not Graduate, No,4800000,12900000,8,300,11100000,7800000,18200000,3500000, Rejected
9215,3, Graduate, No,4300000,10600000,8,515,12100000,3100000,13900000,4600000, Rejected
9216,2, Not Graduate, Yes,1200000,2900000,12,324,400000,1600000,3600000,700000, Rejected
9217,0, Graduate, No,4700000,15600000,20,740,12800000,5100000,14200000,3700000, Approved
9218,5, Graduate, No,3500000,11900000,4,300,2500000,3100000,12800000,2700000, Approved
9219,2, Not Graduate, No,6600000,19100000,8,799,17600000,700000,23200000,6200000, Approved
9220,0, Not Graduate, No,3700000,13100000,14,816,1300000,1100000,12300000,3800000, Approved
9221,3, Graduate, No,100000,800000,18,833,400000,200000,800000,200000, Approved
9222,2, Not Graduate, No,5900000,18800000,18,534,10700000,1000000,13100000,7200000, Rejected
9223,4, Graduate, No,9300000,32100000,10,565,25100000,17200000,28500000,9400000, Approved
9224,5, Not Graduate, No,1300000,4900000,4,338,3100000,1600000,3300000,1700000, Approved
9225,5, Not Graduate, No,3000000,10800000,12,664,5700000,1800000,7300000,1700000, Approved
9226,1, Not Graduate, Yes,8900000,33600000,16,842,6100000,16600000,22800000,5500000, Approved
9227,0, Graduate, Yes,6100000,22400000,20,861,13400000,6900000,14100000,4000000, Approved
9228,1, Not Graduate, Yes,8100000,18300000,10,369,10800000,4500000,23900000,6900000, Rejected
9229,2, Not Graduate, No,1600000,3100000,4,736,400000,1200000,5300000,800000, Rejected
9230,4, Not Graduate, Yes,4400000,11100000,6,529,10300000,7800000,11300000,5300000, Approved
9231,0, Graduate, Yes,1300000,4900000,4,815,500000,100000,3400000,600000, Rejected
9232,2, Not Graduate, No,6800000,16900000,6,779,1300000,500000,28000000,6500000, Approved
9233,2, Graduate, Yes,6100000,22600000,8,694,15800000,11300000,22200000,7100000, Approved
9234,4, Graduate, Yes,1800000,5100000,16,566,5200000,900000,4200000,1200000, Approved
9235,2, Graduate, Yes,7000000,15600000,20,485,10000000,7900000,13700000,9400000, Rejected
9236,0, Graduate, Yes,3700000,9800000,14,665,5300000,2000000,9700000,5400000, Approved
9237,1, Not Graduate, No,9500000,23700000,20,371,25700000,9500000,25700000,10400000, Rejected
9238,5, Graduate, Yes,6600000,18100000,4,335,8200000,500000,21100000,7500000, Rejected
9239,4, Graduate, Yes,5900000,20800000,12,430,3300000,9000000,22600000,5700000, Rejected
9240,0, Graduate, No,6800000,15400000,8,386,2600000,7800000,22400000,8400000, Approved
9241,1, Graduate, Yes,8500000,30600000,18,371,12300000,10800000,23800000,9700000, Rejected
9242,5, Graduate, Yes,300000,800000,6,467,700000,400000,700000,500000, Rejected
9243,0, Graduate, Yes,1800000,5900000,12,643,2600000,2400000,4600000,2400000, Rejected
9244,0, Not Graduate, No,5300000,16600000,10,594,5500000,7600000,13300000,8100000, Rejected
9245,3, Graduate, No,8300000,27900000,12,626,18500000,9900000,24200000,4700000, Approved
9246,4, Graduate, No,3700000,11500000,12,766,3600000,5700000,7500000,2400000, Approved
9247,1, Graduate, Yes,1800000,5700000,14,784,1000000,2500000,5200000,1000000, Rejected
9248,5, Not Graduate, Yes,6000000,12900000,6,858,5700000,9100000,14600000,7900000, Approved
9249,2, Not Graduate, Yes,3400000,9900000,6,749,7400000,3500000,9900000,2800000, Approved
9250,5, Graduate, Yes,7800000,21800000,18,742,1600000,8600000,32400000,7200000, Approved
9251,5, Graduate, No,8100000,27100000,12,789,12400000,14400000,32100000,12400000, Approved
9252,0, Graduate, No,4800000,14200000,2,730,0,6800000,13100000,4500000, Approved
9253,4, Not Graduate, Yes,4800000,15500000,12,639,10900000,7600000,14400000,2800000, Approved
9254,3, Graduate, Yes,6800000,25400000,20,562,13600000,8200000,27100000,4700000, Approved
9255,2, Not Graduate, No,4600000,17200000,2,795,0,6400000,13700000,6400000, Approved
9256,1, Not Graduate, No,3000000,8700000,12,445,3500000,400000,7200000,3600000, Rejected
9257,0, Not Graduate, Yes,2600000,8900000,14,367,7000000,1400000,8200000,3800000, Rejected
9258,3, Not Graduate, No,7700000,17800000,6,420,13200000,3500000,24100000,10300000, Rejected
9259,3, Not Graduate, Yes,1500000,5300000,6,356,0,100000,5800000,900000, Rejected
9260,5, Graduate, Yes,9500000,22100000,16,340,24900000,14400000,26500000,13100000, Rejected
9261,3, Graduate, Yes,8300000,33700000,14,313,7600000,10500000,21500000,5600000, Approved
9262,3, Not Graduate, Yes,6300000,17800000,20,424,10500000,3000000,22100000,5900000, Rejected
9263,3, Graduate, Yes,3200000,8600000,2,414,4000000,1800000,7100000,4800000, Rejected
9264,0, Graduate, Yes,8300000,18400000,16,485,15300000,8900000,19100000,7600000, Rejected
9265,3, Graduate, No,3300000,6900000,20,706,1400000,3600000,9500000,3200000, Approved
9266,0, Not Graduate, No,2300000,8100000,14,703,5200000,2800000,6000000,2700000, Approved
9267,3, Not Graduate, No,6900000,29100000,4,435,9800000,6300000,24800000,5600000, Approved
9268,0, Not Graduate, Yes,3700000,9500000,14,515,2600000,6800000,9000000,4800000, Rejected
9269,1, Graduate, Yes,2200000,7300000,20,506,4200000,2100000,6500000,1700000, Rejected
9270,3, Not Graduate, Yes,5900000,20900000,4,783,4600000,9000000,17600000,7100000, Approved
9271,2, Graduate, Yes,3300000,7100000,8,839,1200000,4800000,12800000,3500000, Approved
9272,2, Not Graduate, No,5900000,13400000,16,661,4900000,5100000,23400000,4700000, Approved
9273,4, Not Graduate, Yes,500000,900000,18,348,600000,200000,800000,300000, Rejected
9274,3, Not Graduate, No,7500000,20100000,10,612,11100000,15100000,27100000,5000000, Approved
9275,1, Graduate, No,2200000,4000000,12,388,2300000,2100000,7800000,2300000, Rejected
9276,1, Graduate, No,1400000,3300000,2,509,600000,1300000,4600000,2200000, Rejected
9277,5, Not Graduate, Yes,8700000,29100000,8,499,9600000,1700000,29700000,6800000, Rejected
9278,5, Not Graduate, No,6600000,13100000,4,866,12500000,8100000,15500000,5500000, Approved
9279,1, Graduate, No,7200000,15500000,12,384,12900000,12100000,20600000,3300000, Rejected
9280,3, Graduate, Yes,2900000,7000000,8,449,7500000,2500000,7800000,3900000, Rejected
9281,2, Graduate, Yes,7700000,22800000,18,746,20700000,13000000,27200000,7000000, Approved
9282,0, Graduate, No,8000000,23400000,4,351,11200000,16000000,24500000,9800000, Rejected
9283,5, Graduate, Yes,7300000,17400000,2,649,1000000,14600000,16100000,3600000, Approved
9284,1, Graduate, Yes,6700000,24900000,4,476,20000000,1200000,24200000,9900000, Approved
9285,2, Graduate, Yes,7200000,26000000,4,784,8800000,3700000,20800000,5800000, Approved
9286,0, Not Graduate, No,4500000,10600000,20,508,8600000,3800000,12800000,7000000, Rejected
9287,3, Not Graduate, Yes,3200000,6100000,18,900,2200000,3400000,10700000,4200000, Approved
9288,3, Graduate, No,9200000,18100000,16,514,18600000,18900000,31000000,9900000, Rejected
9289,4, Graduate, Yes,8900000,23700000,12,789,18800000,3700000,25200000,4500000, Approved
9290,4, Graduate, Yes,8100000,21800000,14,478,2400000,5400000,24700000,7700000, Rejected
9291,5, Not Graduate, No,3900000,13800000,4,722,700000,1900000,14200000,5200000, Approved
9292,0, Not Graduate, Yes,400000,1300000,2,531,800000,600000,900000,400000, Approved
9293,3, Not Graduate, Yes,1000000,3000000,16,349,1300000,0,3000000,1800000, Rejected
9294,4, Not Graduate, Yes,5900000,19400000,10,816,11700000,8300000,21800000,7800000, Approved
9295,3, Not Graduate, No,4100000,9100000,2,677,8700000,5400000,14400000,2900000, Approved
9296,0, Not Graduate, No,400000,900000,20,432,0,400000,600000,100000, Rejected
9297,0, Graduate, No,1500000,5300000,6,869,4400000,1900000,5300000,1900000, Approved
9298,3, Graduate, No,6300000,23600000,12,544,20100000,12000000,12200000,7600000, Approved
9299,1, Not Graduate, No,900000,3300000,18,546,2400000,500000,3100000,1200000, Approved
9300,2, Graduate, No,4000000,13900000,10,363,12300000,1000000,8300000,3800000, Rejected
9301,2, Graduate, Yes,6400000,24600000,6,638,2600000,6600000,21100000,6300000, Approved
9302,1, Not Graduate, No,6700000,20200000,4,428,12000000,11600000,17800000,4000000, Approved
9303,4, Graduate, Yes,4900000,12100000,6,781,11000000,9200000,17900000,5400000, Approved
9304,5, Graduate, Yes,6500000,22500000,6,414,13800000,9800000,14800000,5300000, Rejected
9305,3, Graduate, No,6300000,14800000,12,562,1200000,9000000,21700000,9100000, Approved
9306,3, Not Graduate, No,6300000,23500000,2,300,15000000,10400000,21200000,6300000, Approved
9307,4, Not Graduate, Yes,700000,2000000,8,408,1700000,700000,1800000,700000, Rejected
9308,1, Not Graduate, Yes,8900000,22800000,4,765,8300000,11200000,17200000,7500000, Approved
9309,2, Not Graduate, No,9800000,24700000,12,305,19300000,5300000,25500000,8700000, Rejected
9310,3, Not Graduate, No,1200000,3600000,16,658,2500000,2400000,3100000,1800000, Approved
9311,4, Not Graduate, Yes,9400000,36000000,6,364,900000,300000,23300000,8200000, Rejected
9312,0, Not Graduate, No,4700000,14200000,2,772,5500000,8700000,18200000,6600000, Approved
9313,4, Not Graduate, No,1600000,4100000,18,575,1600000,2500000,6300000,1900000, Approved
9314,4, Not Graduate, Yes,9200000,26300000,8,682,1000000,300000,27100000,5700000, Approved
9315,2, Not Graduate, No,4400000,11500000,20,701,11700000,4200000,14600000,3200000, Approved
9316,4, Not Graduate, Yes,8700000,33500000,4,698,1200000,10800000,36300000,11500000, Approved
9317,3, Not Graduate, No,4200000,7900000,2,845,12800000,0,16500000,3600000, Approved
9318,1, Not Graduate, Yes,6500000,17200000,2,743,14800000,3900000,24400000,3200000, Approved
9319,2, Graduate, No,600000,2200000,14,419,900000,400000,2400000,100000, Rejected
9320,5, Not Graduate, No,4800000,16700000,4,599,5900000,7900000,12100000,6800000, Approved
9321,0, Not Graduate, No,4000000,8300000,18,300,11200000,6600000,8500000,3300000, Rejected
9322,2, Graduate, Yes,8700000,27400000,18,652,4600000,5200000,32600000,7100000, Rejected
9323,3, Graduate, Yes,3700000,9800000,20,702,1400000,1500000,7700000,2600000, Approved
9324,1, Graduate, No,4700000,15400000,4,451,13600000,4800000,15500000,3700000, Approved
9325,4, Graduate, Yes,1600000,4600000,14,467,1800000,2300000,5000000,1700000, Rejected
9326,4, Graduate, No,9400000,27600000,2,822,23400000,13200000,31700000,11500000, Approved
9327,0, Graduate, Yes,6900000,25700000,20,485,10700000,2500000,15800000,8600000, Rejected
9328,5, Graduate, No,2300000,5200000,4,512,5900000,4100000,9600000,2100000, Rejected
9329,4, Graduate, Yes,2600000,9900000,18,493,2900000,4300000,8700000,2500000, Rejected
9330,4, Not Graduate, Yes,6800000,14400000,8,391,11100000,9200000,17800000,7600000, Rejected
9331,3, Not Graduate, No,9100000,27600000,10,772,5500000,5200000,32100000,9100000, Approved
9332,5, Not Graduate, Yes,4800000,15700000,8,541,12800000,5000000,15600000,6500000, Rejected
9333,1, Not Graduate, Yes,9700000,23900000,4,652,15100000,9400000,25200000,7500000, Approved
9334,3, Graduate, Yes,6400000,16100000,18,626,7000000,3100000,26200000,5600000, Approved
9335,1, Not Graduate, No,6800000,19500000,14,595,17700000,5100000,16200000,3800000, Rejected
9336,5, Graduate, No,3300000,11400000,6,516,7200000,5700000,6700000,2300000, Rejected
9337,0, Not Graduate, No,9800000,30000000,20,632,1300000,15600000,30100000,8600000, Approved
9338,5, Not Graduate, Yes,5100000,10500000,6,828,11700000,8900000,18800000,3500000, Approved
9339,5, Not Graduate, Yes,8200000,17200000,16,474,800000,4100000,16000000,9400000, Rejected
9340,1, Graduate, Yes,5500000,15000000,4,650,7000000,3400000,17300000,2600000, Approved
9341,5, Not Graduate, Yes,6400000,21700000,12,804,500000,9400000,24500000,5600000, Approved
9342,3, Not Graduate, Yes,6600000,16800000,18,666,3700000,900000,15900000,4700000, Approved
9343,2, Graduate, No,3100000,7700000,12,900,4500000,4300000,8600000,2100000, Approved
9344,0, Graduate, Yes,700000,2300000,20,781,1100000,600000,2900000,400000, Approved
9345,1, Not Graduate, No,500000,1400000,6,466,1100000,200000,1800000,400000, Rejected
9346,0, Graduate, No,6000000,17900000,6,377,4500000,7200000,14900000,2700000, Rejected
9347,0, Not Graduate, No,3200000,10000000,14,377,6800000,2600000,10900000,4300000, Rejected
9348,2, Not Graduate, No,5600000,20000000,10,342,8900000,9600000,16900000,6300000, Rejected
9349,5, Graduate, No,4700000,12400000,10,827,13700000,3600000,14400000,6400000, Approved
9350,2, Not Graduate, No,3200000,8700000,18,623,800000,5300000,8700000,3700000, Approved
9351,3, Graduate, Yes,9600000,28600000,2,701,19300000,9300000,28700000,9400000, Approved
9352,1, Graduate, No,8900000,34800000,16,678,5200000,10400000,17400000,8500000, Approved
9353,0, Graduate, No,6300000,20200000,6,900,13700000,5700000,16900000,7300000, Approved
9354,3, Not Graduate, Yes,8600000,29900000,10,868,21600000,12000000,31100000,8000000, Approved
9355,3, Graduate, Yes,2500000,4800000,12,900,7400000,300000,7600000,3100000, Approved
9356,3, Not Graduate, Yes,4300000,9600000,2,401,600000,9000000,8100000,4100000, Rejected
9357,0, Graduate, Yes,8300000,20400000,14,375,3900000,100000,26800000,5000000, Rejected
9358,0, Not Graduate, Yes,9500000,28500000,8,349,22600000,6300000,35600000,5900000, Rejected
9359,5, Not Graduate, Yes,3000000,7700000,12,690,3300000,2700000,11000000,3800000, Rejected
9360,1, Graduate, Yes,8600000,32000000,14,522,10600000,7100000,27600000,12000000, Approved
9361,0, Not Graduate, No,5600000,20100000,14,700,9400000,11100000,18000000,6900000, Approved
9362,5, Graduate, No,6700000,21300000,10,576,600000,11900000,27700000,3400000, Approved
9363,2, Not Graduate, Yes,7200000,14800000,20,775,14100000,9500000,26600000,3900000, Approved
9364,0, Graduate, Yes,200000,600000,8,856,400000,0,500000,0, Approved
9365,5, Graduate, Yes,2000000,4800000,4,468,3300000,2100000,5700000,800000, Rejected
9366,1, Graduate, No,2100000,5200000,6,838,600000,3100000,6000000,1500000, Approved
9367,3, Graduate, No,7500000,29000000,10,394,19600000,8200000,24100000,7100000, Rejected
9368,1, Graduate, No,9300000,30800000,12,895,18800000,12600000,32800000,7700000, Approved
9369,4, Graduate, No,3400000,8400000,2,565,5800000,2000000,10100000,2500000, Approved
9370,3, Not Graduate, Yes,9600000,25500000,12,384,9800000,15100000,27200000,9900000, Rejected
9371,1, Graduate, Yes,9300000,34000000,20,849,23900000,17800000,22000000,12100000, Approved
9372,0, Graduate, No,5100000,18700000,12,772,14300000,4300000,10300000,6900000, Approved
9373,4, Graduate, No,4600000,12500000,6,386,10500000,300000,14600000,7100000, Rejected
9374,0, Graduate, Yes,7600000,24000000,2,625,16700000,5700000,25000000,4000000, Approved
9375,5, Not Graduate, No,3200000,7600000,12,559,9200000,5300000,11100000,3500000, Rejected
9376,5, Graduate, No,7800000,30000000,12,805,12400000,13100000,29300000,12400000, Approved
9377,2, Graduate, No,2400000,6700000,20,541,4400000,0,4100000,2100000, Rejected
9378,1, Not Graduate, No,2400000,5200000,2,368,5900000,3200000,8600000,1400000, Rejected
9379,0, Not Graduate, Yes,9100000,23100000,12,385,23000000,17500000,29400000,6800000, Rejected
9380,2, Graduate, Yes,6500000,18900000,18,429,15300000,7200000,18600000,5600000, Rejected
9381,2, Graduate, Yes,1600000,3900000,12,544,3500000,1500000,5800000,1000000, Rejected
9382,0, Not Graduate, Yes,2900000,7900000,8,356,8000000,5700000,9600000,3000000, Rejected
9383,3, Graduate, Yes,1200000,2800000,18,302,2600000,1600000,3200000,1600000, Rejected
9384,3, Graduate, No,7200000,23000000,12,764,8800000,2200000,18600000,8700000, Approved
9385,3, Graduate, Yes,9500000,28700000,12,477,7800000,14900000,29200000,11100000, Rejected
9386,1, Not Graduate, Yes,500000,1800000,18,617,400000,0,1600000,600000, Approved
9387,0, Not Graduate, No,8000000,27000000,20,337,5900000,5500000,24300000,6000000, Rejected
9388,4, Graduate, Yes,4200000,10500000,12,732,11100000,5900000,17500000,4600000, Approved
9389,1, Not Graduate, No,5100000,12400000,2,628,15000000,6600000,13600000,4900000, Approved
9390,3, Not Graduate, Yes,8800000,27100000,12,688,15200000,15000000,24700000,9200000, Approved
9391,4, Graduate, Yes,8200000,24500000,4,612,22000000,4200000,24700000,5600000, Approved
9392,3, Not Graduate, No,8600000,24300000,20,372,27000000,8600000,29300000,4600000, Rejected
9393,1, Graduate, No,5900000,16700000,4,789,11800000,9200000,22500000,7400000, Approved
9394,4, Graduate, Yes,1300000,3200000,16,361,1300000,2400000,3500000,1700000, Rejected
9395,4, Graduate, No,5500000,21800000,20,339,3800000,5600000,16900000,6900000, Rejected
9396,2, Not Graduate, Yes,8600000,33400000,16,383,20700000,10500000,25900000,10900000, Rejected
9397,4, Not Graduate, Yes,7200000,17800000,20,372,200000,12600000,23100000,10500000, Rejected
9398,1, Not Graduate, No,8500000,20300000,2,654,13000000,600000,18100000,9100000, Rejected
9399,2, Not Graduate, Yes,7200000,15100000,20,764,13700000,10500000,26500000,4100000, Approved
9400,0, Not Graduate, No,2300000,8400000,4,556,1000000,900000,4400000,3000000, Approved
9401,5, Not Graduate, No,1600000,4100000,2,533,100000,300000,5900000,1500000, Rejected
9402,2, Not Graduate, Yes,5300000,20400000,2,726,0,4500000,13000000,6000000, Approved
9403,3, Graduate, Yes,5000000,14900000,12,565,11200000,700000,9500000,2400000, Rejected
9404,4, Not Graduate, No,3900000,10700000,10,533,11800000,200000,12400000,2000000, Rejected
9405,2, Not Graduate, No,2500000,9100000,8,825,2500000,4000000,7800000,1400000, Approved
9406,5, Graduate, No,4800000,10100000,16,849,11100000,7500000,10300000,7100000, Approved
9407,3, Graduate, No,8100000,27900000,6,600,17000000,8600000,28800000,11900000, Approved
9408,5, Not Graduate, Yes,4400000,17000000,12,432,5300000,2000000,13200000,5800000, Rejected
9409,0, Not Graduate, No,400000,1700000,2,641,700000,0,1600000,300000, Approved
9410,2, Not Graduate, No,3700000,12600000,14,843,3800000,6400000,14900000,5200000, Approved
9411,3, Not Graduate, Yes,4100000,9500000,16,848,8300000,300000,15700000,4600000, Approved
9412,2, Graduate, No,4200000,10300000,18,746,5300000,300000,9500000,6900000, Approved
9413,2, Not Graduate, Yes,3700000,8100000,6,334,11800000,1000000,14800000,3900000, Rejected
9414,3, Not Graduate, No,7100000,23000000,16,740,20700000,3200000,21100000,9000000, Approved
9415,2, Not Graduate, No,9400000,23300000,10,767,1400000,9600000,26600000,12100000, Approved
9416,2, Not Graduate, Yes,7500000,29400000,10,807,21900000,3000000,15500000,4500000, Approved
9417,3, Graduate, No,8700000,18700000,6,800,2200000,16800000,28400000,10300000, Approved
9418,3, Not Graduate, No,1300000,3000000,4,890,3500000,500000,5100000,1200000, Approved
9419,4, Not Graduate, No,5200000,19200000,14,609,13900000,5500000,14900000,7600000, Approved
9420,2, Not Graduate, No,1600000,4300000,14,831,100000,1600000,4800000,1500000, Approved
9421,4, Graduate, Yes,2600000,8000000,8,458,4100000,3000000,9100000,2800000, Rejected
9422,5, Not Graduate, No,3200000,8200000,18,527,400000,6500000,10700000,4000000, Rejected
9423,4, Graduate, No,3500000,13000000,12,698,10600000,1100000,7900000,5400000, Approved
9424,0, Graduate, No,6500000,15600000,18,516,1700000,6800000,13400000,9500000, Rejected
9425,3, Graduate, Yes,6900000,18400000,14,363,4200000,3600000,17900000,4900000, Rejected
9426,5, Not Graduate, Yes,6500000,22600000,14,850,2900000,3300000,19800000,7800000, Approved
9427,5, Not Graduate, Yes,1400000,5500000,4,423,800000,1200000,2800000,1300000, Approved
9428,5, Not Graduate, No,5800000,17100000,2,371,1200000,4800000,19500000,5200000, Approved
9429,5, Not Graduate, No,7900000,23900000,18,686,22800000,10100000,22600000,6400000, Approved
9430,0, Graduate, Yes,6700000,23500000,16,468,8600000,6200000,25100000,6000000, Rejected
9431,4, Not Graduate, No,200000,800000,10,599,500000,100000,600000,100000, Approved
9432,2, Not Graduate, No,8000000,20500000,20,790,4100000,15400000,16800000,10400000, Approved
9433,4, Not Graduate, No,7900000,23500000,8,682,2600000,1600000,19400000,6700000, Approved
9434,5, Graduate, No,7100000,18700000,6,863,11500000,200000,24000000,9800000, Approved
9435,4, Not Graduate, No,10000000,28800000,6,789,17900000,7100000,30300000,11600000, Approved
9436,2, Graduate, Yes,3600000,11400000,14,499,1100000,6800000,13000000,3200000, Rejected
9437,4, Not Graduate, No,7800000,22100000,12,758,2000000,14000000,19600000,6600000, Approved
9438,0, Graduate, No,3000000,9700000,16,380,5300000,4100000,8800000,2400000, Rejected
9439,0, Graduate, No,7600000,21600000,12,539,4300000,5800000,31300000,7000000, Approved
9440,3, Graduate, Yes,1400000,4200000,18,391,700000,900000,5000000,1100000, Rejected
9441,3, Graduate, No,9200000,21300000,14,722,8600000,5700000,36400000,5300000, Approved
9442,2, Graduate, No,1500000,4600000,4,357,2200000,800000,4600000,1400000, Approved
9443,0, Graduate, Yes,3000000,11200000,18,700,6500000,400000,10900000,2100000, Approved
9444,2, Not Graduate, No,8700000,22500000,14,642,22000000,5600000,19600000,11300000, Approved
9445,0, Not Graduate, No,9400000,38800000,8,443,1500000,14400000,32900000,14100000, Rejected
9446,1, Not Graduate, Yes,7600000,27900000,20,760,21900000,9900000,18200000,8800000, Approved
9447,2, Not Graduate, No,8100000,24200000,6,627,5500000,13800000,26700000,7000000, Approved
9448,3, Not Graduate, Yes,7200000,15100000,2,683,10100000,13000000,21400000,4000000, Approved
9449,4, Not Graduate, No,200000,1100000,10,819,600000,300000,1000000,300000, Approved
9450,0, Graduate, Yes,7200000,19500000,8,767,3900000,4500000,21800000,5000000, Approved
9451,5, Graduate, No,8300000,25100000,8,807,15100000,12400000,21400000,7500000, Approved
9452,4, Graduate, Yes,9600000,31900000,4,371,10800000,5300000,37900000,9700000, Approved
9453,5, Graduate, No,700000,1500000,20,864,1300000,900000,1700000,200000, Approved
9454,0, Not Graduate, No,2300000,8400000,4,548,700000,800000,4300000,2600000, Approved
9455,4, Not Graduate, No,2800000,8200000,14,366,4600000,2700000,6900000,3600000, Rejected
9456,0, Graduate, No,6700000,18900000,2,812,4000000,900000,20800000,9200000, Approved
9457,0, Graduate, No,10000000,31800000,10,452,24900000,2100000,32600000,5400000, Rejected
9458,1, Graduate, No,2300000,7800000,12,396,5300000,4200000,7000000,1200000, Rejected
9459,4, Graduate, No,8300000,16300000,4,699,6400000,4400000,29100000,7900000, Approved
9460,0, Graduate, No,9100000,28800000,18,332,12900000,15500000,20100000,8400000, Rejected
9461,2, Graduate, Yes,4600000,12900000,8,731,8700000,1100000,10300000,3500000, Approved
9462,0, Not Graduate, No,7100000,15800000,12,388,12800000,13000000,22400000,3700000, Rejected
9463,0, Not Graduate, No,6300000,26100000,6,715,12100000,11700000,22300000,8900000, Approved
9464,4, Graduate, No,9900000,33700000,14,354,5900000,8800000,30000000,4800000, Rejected
9465,0, Graduate, Yes,3500000,11400000,4,389,7500000,5000000,8500000,2400000, Approved
9466,3, Not Graduate, Yes,7900000,30700000,10,327,17500000,14000000,28000000,11100000, Rejected
9467,0, Graduate, Yes,2400000,8700000,10,825,4700000,4600000,6800000,1600000, Approved
9468,1, Graduate, No,600000,1400000,14,637,1500000,0,2000000,600000, Approved
9469,0, Graduate, Yes,3600000,9800000,14,685,5500000,2100000,9300000,4700000, Approved
9470,2, Graduate, Yes,7600000,29000000,14,654,1700000,1700000,17800000,11200000, Approved
9471,1, Not Graduate, Yes,4800000,17700000,6,701,5800000,7500000,16700000,3100000, Approved
9472,2, Graduate, Yes,2500000,5400000,18,644,4800000,2900000,7100000,1900000, Approved
9473,3, Not Graduate, Yes,4100000,13700000,20,844,4600000,5700000,8800000,4600000, Approved
9474,4, Not Graduate, Yes,2300000,8300000,14,750,6500000,2700000,8000000,1500000, Approved
9475,4, Graduate, No,3200000,12600000,12,700,10000000,1200000,8000000,5100000, Approved
9476,5, Not Graduate, No,800000,2900000,2,556,900000,400000,1800000,700000, Approved
9477,2, Graduate, Yes,4100000,16000000,14,645,9600000,6500000,18400000,4800000, Approved
9478,2, Not Graduate, No,1300000,3900000,8,512,2500000,700000,3700000,1200000, Rejected
9479,5, Graduate, Yes,4000000,16200000,12,456,9400000,5300000,7500000,4500000, Rejected
9480,5, Not Graduate, Yes,2400000,9700000,2,866,3600000,300000,7400000,3400000, Approved
9481,4, Not Graduate, Yes,4300000,15400000,18,836,3800000,6100000,18100000,6400000, Approved
9482,3, Not Graduate, Yes,8500000,26000000,18,462,8500000,9100000,30600000,11300000, Rejected
9483,1, Not Graduate, No,6700000,13300000,10,802,4500000,12900000,27300000,8900000, Approved
9484,2, Graduate, Yes,4300000,10100000,14,414,5900000,4700000,12100000,2500000, Rejected
9485,0, Graduate, Yes,5400000,12800000,16,353,10800000,2900000,17200000,7100000, Rejected
9486,2, Graduate, No,7100000,16900000,6,564,14000000,3000000,17300000,9400000, Approved
9487,1, Graduate, No,9700000,29000000,14,666,17500000,8800000,28700000,11800000, Approved
9488,3, Not Graduate, Yes,5800000,13300000,12,320,1700000,3600000,21600000,3700000, Rejected
9489,0, Not Graduate, Yes,1700000,5300000,6,747,200000,2200000,5200000,1200000, Approved
9490,5, Not Graduate, No,3000000,9000000,2,748,5800000,1800000,10700000,3900000, Rejected
9491,4, Graduate, Yes,8800000,20800000,14,468,5600000,2600000,27600000,13100000, Rejected
9492,5, Not Graduate, No,800000,2200000,2,423,700000,1700000,3000000,800000, Rejected
9493,5, Not Graduate, No,9600000,27600000,14,735,7900000,13100000,33100000,5100000, Rejected
9494,1, Graduate, No,5300000,12500000,14,386,5300000,7200000,16900000,5800000, Rejected
9495,1, Not Graduate, Yes,4500000,17900000,18,453,2200000,100000,10100000,4300000, Rejected
9496,1, Not Graduate, No,9900000,38500000,6,655,18400000,12800000,36600000,6700000, Approved
9497,1, Graduate, Yes,3900000,10500000,12,725,1600000,6100000,12500000,2400000, Approved
9498,1, Not Graduate, Yes,3200000,8400000,10,682,8900000,4200000,8800000,2100000, Approved
9499,0, Not Graduate, Yes,8000000,18500000,16,416,12900000,5700000,29900000,10900000, Rejected
9500,5, Graduate, Yes,2600000,8600000,20,683,2600000,1300000,9300000,1200000, Approved
9501,3, Graduate, No,5400000,21500000,6,497,6200000,10200000,22100000,3700000, Rejected
9502,5, Not Graduate, No,1100000,2900000,10,632,2700000,1800000,4200000,1200000, Approved
9503,0, Graduate, No,6700000,16400000,4,822,17100000,10300000,19500000,6400000, Approved
9504,0, Graduate, Yes,8100000,31600000,14,543,22900000,12500000,28800000,13800000, Rejected
9505,0, Not Graduate, No,4300000,14600000,20,522,9700000,5700000,12300000,2800000, Rejected
9506,2, Graduate, Yes,6300000,23200000,12,589,7200000,8800000,25600000,5300000, Approved
9507,5, Not Graduate, No,8400000,30700000,6,564,6200000,12600000,15500000,9400000, Approved
9508,0, Not Graduate, No,2700000,5700000,20,677,6900000,500000,6900000,2100000, Approved
9509,0, Graduate, Yes,8000000,27800000,18,557,400000,3800000,22800000,7100000, Rejected
9510,5, Not Graduate, No,10000000,27800000,4,480,5100000,12300000,24700000,9900000, Rejected
9511,4, Graduate, No,3900000,11600000,20,867,3900000,1000000,13100000,3300000, Approved
9512,5, Graduate, No,8800000,24200000,10,371,8100000,8200000,18600000,4800000, Rejected
9513,5, Not Graduate, No,2000000,8300000,4,391,300000,0,4900000,2500000, Rejected
9514,1, Not Graduate, Yes,5100000,21300000,10,404,1100000,3500000,17800000,4000000, Rejected
9515,3, Not Graduate, Yes,3300000,11100000,4,711,8400000,5700000,8300000,1600000, Approved
9516,0, Graduate, No,5300000,16300000,12,600,5200000,7500000,14300000,7800000, Approved
9517,0, Graduate, No,10000000,28000000,8,644,4800000,14500000,28000000,4900000, Approved
9518,5, Graduate, Yes,9900000,30300000,16,812,18900000,10100000,33200000,8400000, Approved
9519,0, Graduate, Yes,8000000,19500000,16,524,13800000,2700000,21300000,5200000, Rejected
9520,3, Graduate, Yes,6300000,25200000,18,310,13000000,1800000,19600000,8500000, Rejected
9521,2, Graduate, No,1900000,4400000,8,787,4800000,1200000,4100000,2200000, Approved
9522,5, Not Graduate, Yes,5800000,12300000,12,675,11700000,5300000,13900000,7300000, Approved
9523,1, Graduate, Yes,5700000,11200000,4,327,6000000,9100000,18200000,6600000, Rejected
9524,4, Not Graduate, Yes,2900000,9300000,14,809,3200000,3000000,6900000,4000000, Approved
9525,4, Graduate, Yes,7600000,26600000,4,686,1100000,2200000,23700000,8300000, Approved
9526,0, Not Graduate, No,4000000,14800000,2,728,9200000,4000000,14800000,5300000, Approved
9527,4, Graduate, No,6100000,16600000,6,587,14800000,3400000,23200000,3200000, Approved
9528,1, Graduate, Yes,6000000,20500000,14,872,5100000,8100000,23600000,8200000, Approved
9529,4, Graduate, No,1200000,2700000,8,894,1500000,2100000,2800000,800000, Approved
9530,2, Not Graduate, No,8100000,22500000,4,545,23100000,600000,24000000,4600000, Rejected
9531,4, Graduate, No,500000,2400000,14,718,0,100000,2000000,700000, Approved
9532,0, Not Graduate, No,2200000,8700000,4,394,1500000,2200000,8200000,2000000, Approved
9533,2, Not Graduate, Yes,5200000,12000000,18,668,200000,4800000,11900000,7700000, Approved
9534,0, Not Graduate, No,3300000,8800000,16,322,6600000,6200000,8000000,2800000, Rejected
9535,0, Not Graduate, Yes,3500000,13400000,12,821,8900000,3600000,12200000,4300000, Approved
9536,5, Not Graduate, No,7300000,23800000,18,706,21900000,11700000,24600000,6800000, Rejected
9537,2, Not Graduate, No,7000000,19500000,6,658,16800000,5000000,26700000,9000000, Approved
9538,5, Not Graduate, No,5200000,15100000,4,575,6600000,7400000,12600000,6700000, Approved
9539,5, Not Graduate, No,6800000,22700000,4,623,8000000,7000000,15100000,10400000, Approved
9540,3, Not Graduate, No,3400000,7700000,20,600,1600000,5700000,10700000,2800000, Approved
9541,3, Not Graduate, No,8700000,26100000,18,348,24600000,8400000,29900000,4400000, Rejected
9542,2, Not Graduate, Yes,8200000,30800000,12,752,10900000,2400000,22200000,9000000, Approved
9543,3, Graduate, No,200000,1000000,16,738,300000,300000,300000,0, Approved
9544,4, Not Graduate, No,6100000,15300000,18,585,6700000,4900000,13000000,6100000, Approved
9545,4, Graduate, Yes,7400000,23500000,14,654,13400000,3500000,19400000,4300000, Rejected
9546,5, Graduate, No,9600000,29700000,18,840,17500000,11100000,32100000,9200000, Approved
9547,5, Graduate, Yes,7200000,19400000,8,731,21700000,8000000,21200000,4900000, Approved
9548,1, Graduate, Yes,200000,400000,8,561,300000,100000,700000,300000, Approved
9549,3, Graduate, Yes,2200000,4200000,2,830,1300000,2400000,4400000,2300000, Approved
9550,5, Graduate, No,1900000,6000000,2,420,1800000,1800000,4700000,2000000, Approved
9551,5, Graduate, No,7000000,20200000,6,556,10200000,7400000,16500000,7500000, Approved
9552,0, Graduate, No,3100000,8800000,10,372,7300000,200000,8000000,1600000, Rejected
9553,2, Graduate, Yes,10300000,37400000,14,391,7400000,15800000,28200000,8000000, Rejected
9554,5, Graduate, Yes,3900000,15700000,12,427,9700000,5600000,7900000,4700000, Rejected
9555,2, Graduate, Yes,5100000,11600000,2,572,7100000,4900000,11100000,7500000, Approved
9556,1, Not Graduate, No,8200000,31200000,6,723,16600000,800000,27600000,5000000, Approved
9557,4, Graduate, No,7700000,28700000,2,734,500000,12600000,29900000,10600000, Approved
9558,5, Graduate, Yes,7800000,26000000,6,350,6000000,400000,15900000,7100000, Rejected
9559,3, Graduate, No,6800000,24200000,12,579,19100000,2800000,21100000,6600000, Approved
9560,1, Not Graduate, No,6500000,22900000,6,482,1400000,4700000,16600000,8400000, Rejected
9561,0, Not Graduate, Yes,8600000,23400000,14,456,400000,13700000,29400000,9600000, Rejected
9562,0, Graduate, Yes,3900000,8800000,6,526,3600000,3400000,11300000,5500000, Rejected
9563,4, Graduate, Yes,3300000,11100000,20,850,6800000,3700000,9300000,2400000, Approved
9564,3, Graduate, No,2200000,5100000,8,791,5300000,3900000,6100000,1100000, Approved
9565,4, Not Graduate, Yes,3900000,9000000,2,887,6200000,5300000,9900000,5500000, Approved
9566,2, Graduate, Yes,9200000,22100000,20,627,4400000,300000,31400000,13500000, Approved
9567,4, Not Graduate, No,5500000,13500000,20,525,10000000,4000000,22300000,3500000, Rejected
9568,5, Graduate, Yes,1000000,2400000,14,885,2300000,0,2300000,1100000, Approved
9569,1, Not Graduate, No,8800000,25600000,16,384,17900000,18000000,32600000,8900000, Rejected
9570,3, Graduate, Yes,3900000,15200000,6,674,2700000,1500000,15500000,4000000, Approved
9571,4, Graduate, Yes,8300000,27900000,8,480,25500000,1700000,33000000,11800000, Rejected
9572,0, Graduate, Yes,3100000,8500000,18,768,300000,1500000,11900000,2400000, Approved
9573,5, Not Graduate, Yes,8600000,34000000,10,622,18500000,10800000,22600000,9000000, Approved
9574,0, Graduate, No,8400000,20700000,16,785,12700000,7300000,17500000,8900000, Approved
9575,1, Graduate, No,6900000,21500000,18,386,700000,8400000,15500000,5400000, Rejected
9576,1, Graduate, No,4600000,12600000,8,484,10300000,0,13700000,4300000, Rejected
9577,2, Graduate, No,4900000,13600000,10,540,4500000,10800000,20200000,3000000, Rejected
9578,3, Not Graduate, No,9100000,28000000,18,642,7800000,7200000,31400000,7100000, Approved
9579,3, Not Graduate, No,5800000,15100000,10,475,6500000,3500000,17900000,6200000, Rejected
9580,0, Not Graduate, Yes,1700000,6100000,20,745,800000,3300000,5300000,1800000, Rejected
9581,0, Not Graduate, Yes,9600000,19900000,12,482,20800000,600000,37900000,10400000, Rejected
9582,2, Not Graduate, Yes,5000000,10500000,4,769,10100000,8900000,11100000,5300000, Approved
9583,3, Not Graduate, No,5800000,18800000,2,789,7700000,8800000,17300000,4600000, Approved
9584,2, Not Graduate, No,8400000,19400000,6,512,600000,14800000,20000000,8300000, Approved
9585,1, Graduate, No,4900000,17600000,6,850,12000000,8200000,13000000,5600000, Approved
9586,4, Graduate, Yes,1300000,3500000,16,694,2600000,400000,3500000,600000, Approved
9587,3, Not Graduate, No,8900000,28800000,16,565,4300000,13100000,28500000,13300000, Approved
9588,3, Graduate, Yes,8900000,19600000,12,807,11900000,2200000,22500000,7400000, Approved
9589,4, Graduate, Yes,9600000,19300000,2,859,25300000,4300000,34100000,10000000, Rejected
9590,5, Not Graduate, Yes,7500000,15100000,14,659,11900000,5800000,32500000,4100000, Rejected
9591,4, Graduate, No,700000,1800000,16,738,200000,1300000,2200000,800000, Approved
9592,2, Not Graduate, Yes,8900000,32300000,14,887,3800000,9200000,31300000,6800000, Approved
9593,3, Not Graduate, No,3300000,11200000,16,447,4900000,2300000,10200000,3200000, Rejected
9594,5, Graduate, No,700000,2700000,6,586,0,100000,3000000,1000000, Approved
9595,3, Graduate, Yes,4800000,10100000,14,750,5200000,10100000,19100000,2600000, Approved
9596,2, Graduate, Yes,3600000,11700000,8,569,1500000,5200000,11000000,3000000, Approved
9597,5, Not Graduate, Yes,7300000,26800000,12,511,16500000,2800000,23400000,6100000, Rejected
9598,3, Graduate, No,400000,1600000,6,440,1400000,200000,1700000,500000, Rejected
9599,1, Not Graduate, Yes,7600000,20000000,20,900,14900000,3900000,22200000,4000000, Approved
9600,5, Not Graduate, Yes,8100000,19600000,20,697,2400000,6800000,28900000,10200000, Approved
9601,3, Graduate, No,600000,1000000,2,726,1000000,400000,2200000,800000, Approved
9602,4, Graduate, No,3900000,12900000,8,548,8500000,2400000,12100000,4200000, Rejected
9603,5, Graduate, No,4900000,15200000,16,900,9300000,4700000,9500000,3500000, Approved
9604,0, Graduate, No,6600000,22000000,14,300,100000,9500000,16600000,9200000, Rejected
9605,5, Not Graduate, Yes,7800000,22400000,18,878,17900000,10900000,20000000,10400000, Approved
9606,5, Graduate, No,10000000,38000000,18,311,18200000,5300000,20600000,5300000, Rejected
9607,3, Not Graduate, Yes,9600000,26700000,10,564,22900000,14400000,35100000,6300000, Approved
9608,5, Graduate, No,2100000,5600000,20,702,5700000,1300000,4800000,1300000, Approved
9609,5, Not Graduate, No,7100000,27400000,12,326,13500000,9100000,20900000,10500000, Rejected
9610,4, Graduate, No,1500000,4100000,16,875,3600000,1800000,2800000,2100000, Approved
9611,3, Graduate, No,5300000,14900000,6,692,6300000,4500000,17300000,5500000, Approved
9612,2, Not Graduate, Yes,2800000,10400000,10,323,7800000,500000,6700000,1400000, Rejected
9613,3, Graduate, No,8000000,23100000,10,497,7400000,6300000,28600000,8500000, Rejected
9614,2, Not Graduate, No,4300000,11700000,20,421,8700000,3000000,16300000,3400000, Rejected
9615,3, Graduate, No,4900000,11100000,8,584,9700000,1200000,19100000,5300000, Approved
9616,4, Not Graduate, Yes,8700000,19000000,14,900,22100000,6200000,22500000,11400000, Approved
9617,2, Graduate, No,7600000,19100000,14,537,1900000,13300000,16800000,4200000, Approved
9618,0, Not Graduate, No,3000000,6900000,8,323,5000000,500000,7700000,1400000, Rejected
9619,0, Graduate, Yes,4500000,16400000,16,787,8700000,9100000,13600000,3700000, Approved
9620,1, Graduate, No,7500000,16400000,2,669,3200000,11800000,20800000,9800000, Approved
9621,5, Not Graduate, Yes,4900000,16700000,2,311,1200000,4600000,18800000,5400000, Approved
9622,2, Not Graduate, Yes,9300000,27800000,12,683,7600000,6800000,30000000,4900000, Rejected
9623,0, Graduate, Yes,9600000,32400000,10,719,7200000,12100000,30900000,5200000, Approved
9624,4, Graduate, No,3100000,6200000,4,350,8300000,4200000,8900000,2800000, Rejected
9625,1, Not Graduate, No,9900000,23600000,16,653,26800000,4100000,30000000,7900000, Approved
9626,1, Graduate, No,8000000,23200000,6,356,11100000,15700000,26000000,9600000, Rejected
9627,1, Not Graduate, Yes,2000000,5100000,6,568,1100000,1900000,6500000,1300000, Rejected
9628,1, Graduate, No,6800000,23800000,2,527,15200000,8400000,20400000,9000000, Approved
9629,5, Graduate, Yes,9200000,21600000,6,461,17900000,10600000,22400000,12400000, Rejected
9630,0, Graduate, Yes,7200000,21200000,20,487,7200000,5400000,15200000,3800000, Rejected
9631,4, Graduate, Yes,8000000,25300000,12,358,10400000,13800000,27400000,7700000, Rejected
9632,2, Graduate, No,5500000,15800000,10,319,5700000,1300000,17700000,4400000, Rejected
9633,1, Graduate, No,4600000,14100000,6,419,12300000,6500000,15800000,6100000, Rejected
9634,4, Not Graduate, No,6600000,24100000,12,626,8400000,3200000,20800000,6900000, Approved
9635,0, Not Graduate, Yes,7500000,18500000,20,763,17900000,13100000,24200000,5200000, Approved
9636,3, Graduate, Yes,8300000,29900000,10,673,24400000,4200000,29000000,10500000, Approved
9637,3, Not Graduate, No,4000000,10700000,4,308,6100000,4100000,9400000,4200000, Approved
9638,0, Graduate, No,9600000,35500000,14,480,2900000,2200000,23000000,10300000, Rejected
9639,2, Graduate, Yes,7700000,26800000,18,554,12200000,500000,27300000,9000000, Rejected
9640,0, Not Graduate, Yes,4800000,14700000,12,565,13400000,1400000,12100000,6400000, Approved
9641,5, Not Graduate, Yes,1100000,3700000,4,867,1200000,200000,3400000,800000, Approved
9642,5, Not Graduate, No,4900000,15300000,2,616,6200000,8100000,13200000,7300000, Rejected
9643,1, Not Graduate, No,400000,1100000,4,362,700000,200000,1100000,100000, Approved
9644,4, Graduate, Yes,5700000,16300000,20,689,13100000,7800000,18300000,7300000, Approved
9645,2, Graduate, No,2300000,6900000,20,548,4700000,100000,4200000,2300000, Rejected
9646,0, Not Graduate, Yes,4200000,15000000,20,534,9000000,5600000,11800000,2400000, Rejected
9647,5, Not Graduate, No,6100000,18400000,20,340,15800000,10200000,17000000,5500000, Rejected
9648,4, Not Graduate, Yes,2300000,8000000,18,400,0,0,8000000,3200000, Rejected
9649,2, Graduate, Yes,1700000,3800000,8,649,1200000,3100000,6400000,1600000, Approved
9650,3, Not Graduate, Yes,7900000,25400000,8,755,16400000,8300000,25200000,11800000, Approved
9651,0, Graduate, Yes,4200000,13300000,20,588,7800000,2200000,11600000,6200000, Rejected
9652,3, Graduate, Yes,8200000,21000000,14,742,4600000,8300000,16400000,9100000, Approved
9653,4, Graduate, Yes,5500000,21500000,20,622,4600000,11000000,12400000,7600000, Approved
9654,3, Graduate, Yes,2800000,5600000,12,348,8100000,2500000,10000000,3300000, Rejected
9655,3, Graduate, No,1100000,2900000,4,739,2500000,200000,3800000,1000000, Approved
9656,5, Not Graduate, No,2400000,8900000,10,766,4200000,1700000,8200000,2700000, Approved
9657,1, Graduate, No,900000,2000000,6,688,2100000,800000,2300000,1200000, Approved
9658,2, Not Graduate, Yes,8900000,23600000,18,553,2800000,16000000,25600000,4100000, Rejected
9659,3, Not Graduate, Yes,4300000,14100000,20,427,2000000,2200000,15400000,3800000, Rejected
9660,2, Graduate, No,3700000,8800000,16,372,9100000,600000,9500000,2300000, Rejected
9661,0, Graduate, No,8100000,20200000,16,670,400000,11900000,27100000,10400000, Approved
9662,5, Not Graduate, No,6600000,24100000,10,611,13600000,13700000,22700000,4500000, Approved
9663,0, Not Graduate, Yes,7100000,15900000,2,380,3000000,2500000,20200000,6200000, Rejected
9664,4, Not Graduate, Yes,5900000,19300000,10,800,12200000,7700000,21100000,8700000, Approved
9665,5, Graduate, No,2900000,6700000,14,807,3900000,3700000,9000000,4000000, Approved
9666,1, Graduate, Yes,2000000,6600000,10,871,1400000,100000,6200000,2200000, Approved
9667,3, Graduate, No,5200000,14300000,4,621,11200000,2800000,19700000,5700000, Approved
9668,0, Not Graduate, Yes,2600000,6000000,6,560,5500000,3200000,7500000,3800000, Approved
9669,5, Graduate, Yes,4200000,9800000,4,300,7400000,7000000,11700000,5700000, Rejected
9670,5, Graduate, Yes,500000,700000,18,610,1400000,800000,1300000,500000, Approved
9671,5, Graduate, Yes,6400000,17400000,14,829,11900000,300000,18100000,5700000, Approved
9672,0, Not Graduate, No,6000000,18200000,16,650,14000000,3000000,25000000,8600000, Rejected
9673,5, Not Graduate, Yes,4400000,13900000,12,569,13200000,5600000,12200000,4600000, Rejected
9674,4, Graduate, No,1700000,5600000,8,380,2500000,700000,3600000,2400000, Approved
9675,2, Graduate, No,8700000,28400000,12,567,17800000,5200000,26300000,9400000, Approved
9676,1, Graduate, Yes,7300000,27100000,10,591,7900000,400000,23000000,11100000, Approved
9677,0, Not Graduate, No,7800000,31200000,14,854,20100000,10200000,24800000,11200000, Approved
9678,2, Graduate, Yes,5000000,16900000,12,783,2400000,5500000,14900000,7100000, Approved
9679,1, Not Graduate, No,7000000,21000000,6,570,3200000,1800000,26200000,4700000, Approved
9680,4, Graduate, No,6600000,12100000,20,557,14100000,10400000,17700000,8200000, Rejected
9681,3, Not Graduate, No,2700000,8400000,12,417,7600000,1900000,6700000,2200000, Rejected
9682,2, Graduate, Yes,1000000,2300000,20,377,0,1300000,3400000,1300000, Rejected
9683,3, Graduate, Yes,9300000,25900000,10,371,22400000,6800000,35000000,11700000, Rejected
9684,0, Graduate, No,9800000,23600000,14,463,1000000,13500000,20900000,7300000, Rejected
9685,5, Graduate, Yes,4900000,10200000,8,799,4700000,6600000,11000000,4500000, Approved
9686,5, Not Graduate, No,8600000,18600000,14,842,18500000,9600000,33200000,5300000, Approved
9687,4, Graduate, No,9600000,29700000,12,580,27000000,15200000,37200000,7000000, Approved
9688,3, Graduate, No,2700000,8700000,4,770,600000,3800000,11000000,2700000, Approved
9689,2, Graduate, No,4200000,10900000,8,398,700000,3100000,9900000,3600000, Rejected
9690,4, Graduate, Yes,500000,1300000,2,502,300000,200000,1000000,200000, Approved
9691,0, Not Graduate, Yes,6700000,22300000,10,300,5700000,9500000,24700000,7900000, Rejected
9692,3, Not Graduate, No,2000000,5900000,8,822,3200000,3200000,5600000,1100000, Approved
9693,0, Graduate, No,7300000,19000000,16,888,16300000,13500000,14100000,9700000, Rejected
9694,4, Graduate, No,3300000,12900000,14,739,9300000,1000000,7800000,4800000, Approved
9695,5, Graduate, Yes,5700000,14900000,20,852,16800000,9600000,14200000,3400000, Approved
9696,0, Graduate, Yes,400000,1300000,14,898,1000000,200000,800000,500000, Approved
9697,5, Not Graduate, Yes,7900000,22700000,20,769,7100000,7900000,24900000,10400000, Approved
9698,4, Graduate, No,3800000,12000000,20,376,4000000,5400000,12300000,2800000, Approved
9699,4, Not Graduate, Yes,5600000,13400000,12,754,10800000,4600000,15000000,8900000, Approved
9700,5, Not Graduate, Yes,5800000,15300000,20,811,15100000,9700000,14100000,3600000, Approved
9701,3, Graduate, No,3200000,10300000,18,547,3500000,100000,9700000,2100000, Rejected
9702,1, Not Graduate, No,8400000,30400000,18,474,15400000,2600000,32800000,8100000, Rejected
9703,4, Graduate, No,9800000,25800000,6,502,25700000,100000,22400000,14500000, Rejected
9704,2, Not Graduate, No,7800000,16600000,20,708,9800000,9600000,26600000,7100000, Approved
9705,4, Not Graduate, No,6700000,13800000,8,450,3900000,1300000,23900000,7400000, Rejected
9706,4, Graduate, Yes,2600000,8300000,12,763,6200000,1300000,8700000,1500000, Approved
9707,1, Not Graduate, No,4700000,16500000,10,355,2000000,6500000,12300000,2900000, Rejected
9708,3, Not Graduate, Yes,4800000,15400000,12,385,3200000,300000,14100000,2900000, Rejected
9709,4, Graduate, Yes,9200000,19000000,2,857,27600000,4500000,32100000,9800000, Approved
9710,5, Graduate, No,700000,1900000,4,781,500000,800000,2100000,600000, Approved
9711,0, Graduate, Yes,1400000,4300000,12,783,4600000,2100000,3500000,1400000, Approved
9712,3, Graduate, No,5400000,11700000,6,763,9300000,8100000,12900000,5300000, Approved
9713,5, Not Graduate, No,9100000,28000000,8,517,18100000,7600000,24100000,6300000, Rejected
9714,3, Graduate, Yes,4900000,17900000,10,458,1600000,3300000,13000000,6500000, Rejected
9715,1, Not Graduate, Yes,2400000,9100000,18,425,4000000,2100000,7100000,2500000, Rejected
9716,3, Graduate, Yes,6300000,20000000,4,818,14100000,5700000,24500000,5400000, Approved
9717,2, Graduate, Yes,4300000,13200000,4,858,8900000,7900000,12000000,2500000, Approved
9718,5, Graduate, Yes,700000,2500000,14,684,0,200000,1900000,600000, Approved
9719,1, Graduate, No,4200000,11100000,18,323,2200000,3400000,12200000,5100000, Rejected
9720,5, Graduate, Yes,6000000,15900000,2,711,13400000,5200000,17300000,5900000, Approved
9721,3, Not Graduate, No,3800000,7700000,8,897,1000000,6000000,6900000,2800000, Approved
9722,1, Graduate, Yes,2100000,4200000,8,698,2900000,2700000,3800000,1700000, Approved
9723,2, Not Graduate, Yes,400000,500000,6,762,400000,0,400000,0, Approved
9724,2, Not Graduate, Yes,3000000,7800000,14,579,6800000,2700000,10300000,1700000, Approved
9725,2, Not Graduate, No,8200000,17800000,20,473,15300000,600000,18500000,4600000, Rejected
9726,2, Graduate, Yes,6400000,21500000,14,328,8300000,100000,23800000,4900000, Rejected
9727,0, Not Graduate, Yes,3200000,7800000,12,786,8200000,2100000,8100000,4400000, Approved
9728,4, Not Graduate, Yes,5300000,11000000,12,717,16100000,1800000,20800000,2600000, Approved
9729,1, Not Graduate, Yes,3000000,6600000,20,855,1800000,6000000,6400000,4100000, Approved
9730,5, Graduate, Yes,9200000,20100000,6,441,4900000,11700000,27700000,9100000, Rejected
9731,1, Graduate, Yes,9400000,21600000,20,652,4300000,300000,30100000,13700000, Approved
9732,3, Graduate, No,2000000,4000000,12,831,4600000,1100000,5100000,2200000, Approved
9733,4, Not Graduate, Yes,2800000,8400000,12,523,1400000,1200000,8700000,3500000, Rejected
9734,5, Graduate, Yes,3100000,12100000,14,470,6100000,4700000,12700000,4300000, Rejected
9735,1, Graduate, Yes,7400000,17800000,6,623,22800000,7400000,27500000,9400000, Approved
9736,4, Graduate, Yes,5500000,13100000,14,728,16300000,9000000,16500000,7100000, Approved
9737,4, Not Graduate, Yes,9400000,24300000,16,410,16300000,0,26100000,5000000, Rejected
9738,5, Graduate, Yes,8300000,26700000,10,803,400000,16500000,25400000,9600000, Approved
9739,3, Graduate, No,4400000,17400000,18,381,4000000,6300000,15000000,3200000, Rejected
9740,1, Not Graduate, No,7200000,19500000,18,484,12200000,5600000,27000000,4300000, Rejected
9741,3, Not Graduate, Yes,8300000,29200000,10,603,18600000,7300000,17100000,12100000, Approved
9742,4, Graduate, Yes,2500000,7200000,16,893,6900000,400000,8300000,3500000, Approved
9743,4, Graduate, No,3500000,11600000,4,746,2900000,6600000,7500000,3600000, Approved
9744,4, Not Graduate, No,2900000,7100000,2,687,900000,3400000,9900000,1500000, Approved
9745,1, Graduate, Yes,3900000,10200000,10,798,10100000,2000000,11000000,3500000, Approved
9746,0, Graduate, No,3000000,7300000,10,348,4900000,500000,7400000,1600000, Rejected
9747,1, Not Graduate, No,3500000,8600000,16,321,6500000,6100000,8200000,3200000, Approved
9748,4, Not Graduate, Yes,1700000,3100000,20,369,1500000,2200000,4800000,1000000, Rejected
9749,1, Not Graduate, No,8000000,20800000,10,340,23600000,11200000,17500000,4800000, Rejected
9750,4, Graduate, No,1900000,7400000,14,766,2600000,900000,4500000,1400000, Approved
9751,2, Graduate, No,1100000,2400000,20,632,2800000,1800000,2200000,1300000, Rejected
9752,1, Not Graduate, No,2600000,8500000,2,499,1700000,1900000,5200000,2700000, Approved
9753,0, Graduate, No,4700000,15900000,10,793,11500000,8200000,10200000,3600000, Approved
9754,5, Not Graduate, No,9000000,31100000,14,383,21300000,14600000,28900000,8800000, Rejected
9755,4, Graduate, Yes,200000,700000,2,342,500000,0,1300000,500000, Rejected
9756,4, Graduate, Yes,8400000,25400000,4,316,8400000,8800000,28800000,10700000, Approved
9757,1, Graduate, Yes,9500000,30000000,18,491,18200000,14100000,35400000,9700000, Rejected
9758,1, Not Graduate, No,5600000,12900000,6,764,10900000,11600000,13800000,6700000, Approved
9759,0, Not Graduate, Yes,8300000,32200000,4,878,3000000,500000,32400000,8600000, Approved
9760,0, Graduate, No,7500000,28700000,20,555,11800000,3000000,27800000,6300000, Approved
9761,3, Graduate, Yes,6600000,21000000,10,532,15600000,5500000,25100000,8100000, Rejected
9762,2, Not Graduate, No,8000000,23900000,6,576,11100000,1200000,22600000,10600000, Approved
9763,1, Graduate, Yes,6600000,18100000,14,721,9400000,3900000,23700000,8200000, Approved
9764,1, Graduate, No,7400000,24800000,16,713,4200000,9500000,18300000,8900000, Approved
9765,2, Not Graduate, No,3100000,9100000,20,869,4600000,5200000,6900000,3700000, Approved
9766,0, Graduate, No,2600000,8700000,2,670,3900000,2000000,9300000,3200000, Approved
9767,5, Not Graduate, Yes,5400000,18800000,20,333,9600000,10100000,14600000,3100000, Rejected
9768,5, Graduate, Yes,9400000,23200000,16,335,25300000,13300000,27200000,12800000, Approved
9769,0, Not Graduate, No,2300000,4800000,14,547,6200000,4300000,5700000,3100000, Approved
9770,5, Not Graduate, Yes,4000000,7800000,18,599,3700000,400000,10600000,6100000, Approved
9771,3, Not Graduate, Yes,4900000,13000000,16,768,2200000,9200000,11400000,6200000, Approved
9772,3, Graduate, Yes,7300000,18100000,4,339,14300000,12800000,17400000,10100000, Approved
9773,0, Not Graduate, No,7900000,31100000,14,855,20100000,11100000,27400000,12000000, Approved
9774,3, Not Graduate, No,1100000,2200000,12,459,3000000,100000,3100000,1800000, Rejected
9775,0, Not Graduate, No,900000,2600000,2,708,800000,1200000,2900000,300000, Approved
9776,0, Not Graduate, Yes,8700000,33700000,18,575,16200000,12000000,29300000,6200000, Approved
9777,3, Not Graduate, No,8700000,19000000,8,683,19000000,4600000,30300000,6900000, Approved
9778,1, Not Graduate, Yes,3600000,11100000,14,741,3800000,2900000,13300000,4000000, Approved
9779,0, Graduate, Yes,3200000,9000000,18,750,6400000,4000000,6800000,4500000, Approved
9780,4, Not Graduate, No,9200000,30100000,2,772,21100000,13100000,22100000,9400000, Approved
9781,2, Graduate, No,8300000,25700000,4,424,23500000,8000000,29200000,5800000, Approved
9782,1, Graduate, Yes,8000000,26300000,20,672,15200000,2800000,17300000,9100000, Rejected
9783,4, Not Graduate, Yes,8000000,27600000,18,319,22700000,12500000,30900000,9700000, Rejected
9784,3, Not Graduate, Yes,8900000,28900000,4,312,8900000,3000000,27700000,5200000, Approved
9785,0, Graduate, Yes,2500000,8400000,18,447,3700000,2200000,7500000,2500000, Rejected
9786,3, Graduate, Yes,5100000,14700000,16,649,1500000,5700000,13400000,4300000, Approved
9787,5, Not Graduate, No,4800000,10900000,10,372,12900000,5100000,14800000,6100000, Rejected
9788,5, Not Graduate, No,6600000,22900000,18,658,1600000,6300000,21700000,5500000, Approved
9789,1, Not Graduate, No,1500000,5000000,12,565,2200000,2700000,3700000,800000, Rejected
9790,1, Graduate, No,2200000,8800000,12,564,500000,1800000,5900000,2300000, Approved
9791,3, Not Graduate, Yes,7500000,25500000,4,319,8400000,300000,18800000,10600000, Rejected
9792,0, Graduate, Yes,2900000,7000000,16,300,3700000,5800000,7000000,3700000, Rejected
9793,3, Graduate, No,1200000,2000000,8,728,3000000,1900000,2400000,900000, Approved
9794,1, Graduate, No,2100000,8200000,6,795,4600000,2600000,5100000,2900000, Approved
9795,1, Graduate, Yes,3500000,7900000,2,900,4500000,3300000,11500000,4300000, Approved
9796,2, Graduate, No,7900000,18800000,20,553,1500000,9100000,22800000,9000000, Rejected
9797,3, Graduate, Yes,7900000,21000000,18,687,100000,800000,15700000,5500000, Approved
9798,0, Graduate, Yes,1700000,5700000,18,358,700000,700000,6000000,1900000, Rejected
9799,2, Graduate, No,4700000,17600000,6,857,13100000,7400000,12300000,5300000, Approved
9800,1, Not Graduate, No,7800000,25000000,12,652,11200000,15400000,22800000,5800000, Approved
9801,2, Not Graduate, Yes,2300000,6900000,2,555,700000,1500000,7900000,1000000, Approved
9802,1, Graduate, Yes,6300000,16300000,2,358,11400000,7800000,23700000,7300000, Rejected
9803,2, Not Graduate, Yes,10000000,32400000,16,730,13500000,14600000,32300000,6200000, Approved
9804,1, Graduate, Yes,5300000,19600000,18,690,11900000,800000,17000000,3500000, Approved
9805,2, Graduate, No,6300000,16600000,12,743,2200000,4000000,15000000,7900000, Approved
9806,4, Not Graduate, No,800000,3900000,2,587,1800000,1900000,2500000,600000, Approved
9807,4, Not Graduate, No,1600000,3100000,6,884,100000,2700000,3700000,1700000, Rejected
9808,0, Not Graduate, No,4800000,18500000,12,657,6800000,1100000,14400000,4700000, Approved
9809,1, Graduate, No,10000000,25100000,8,881,10500000,13900000,38400000,11200000, Approved
9810,2, Not Graduate, No,3100000,7000000,2,778,8800000,2900000,8800000,3600000, Approved
9811,4, Not Graduate, No,2300000,6400000,2,677,6100000,3100000,5100000,3000000, Approved
9812,1, Graduate, Yes,4900000,16800000,12,446,7100000,1300000,9900000,7100000, Rejected
9813,3, Not Graduate, Yes,4600000,17800000,8,588,1200000,3100000,9200000,5200000, Approved
9814,4, Graduate, No,9500000,34600000,12,798,13900000,14900000,36900000,6300000, Approved
9815,3, Not Graduate, Yes,6100000,20600000,18,470,600000,8500000,17300000,7100000, Rejected
9816,5, Not Graduate, Yes,3300000,11500000,16,475,9700000,5100000,11300000,2400000, Rejected
9817,1, Not Graduate, Yes,4600000,17400000,10,381,300000,8600000,17200000,3000000, Rejected
9818,5, Not Graduate, Yes,5900000,15100000,2,713,12100000,4600000,16100000,6300000, Approved
9819,4, Graduate, Yes,600000,2600000,20,472,600000,600000,2000000,400000, Rejected
9820,3, Not Graduate, Yes,2200000,6300000,20,687,6400000,3800000,8300000,2900000, Approved
9821,4, Not Graduate, No,2700000,8900000,10,664,4300000,4400000,11000000,1500000, Approved
9822,4, Not Graduate, Yes,10000000,24300000,8,605,12600000,9600000,37700000,6400000, Approved
9823,3, Graduate, No,1400000,3500000,8,756,2100000,2000000,3700000,1900000, Approved
9824,4, Not Graduate, No,600000,2300000,14,692,0,100000,2000000,600000, Approved
9825,2, Not Graduate, Yes,3500000,11200000,8,819,6300000,700000,12300000,5000000, Approved
9826,2, Not Graduate, Yes,4500000,16300000,2,730,0,3900000,12500000,4700000, Approved
9827,1, Graduate, Yes,5500000,19800000,20,693,13300000,600000,15700000,3500000, Approved
9828,0, Graduate, Yes,2700000,8500000,20,603,6300000,0,8200000,3400000, Approved
9829,2, Graduate, Yes,2400000,5400000,8,386,4400000,500000,7200000,2100000, Rejected
9830,1, Not Graduate, Yes,9800000,23700000,14,711,25600000,7000000,29700000,5700000, Approved
9831,5, Graduate, Yes,7000000,24800000,16,841,10300000,9000000,17800000,4000000, Approved
9832,1, Not Graduate, Yes,2800000,9400000,18,726,5600000,2300000,6600000,2400000, Approved
9833,3, Not Graduate, Yes,600000,1700000,14,501,0,900000,1600000,700000, Rejected
9834,5, Graduate, Yes,7400000,20900000,14,750,14900000,8800000,20200000,10900000, Approved
9835,1, Graduate, Yes,6100000,15900000,4,878,0,12300000,24400000,4100000, Approved
9836,1, Not Graduate, Yes,3300000,11000000,8,777,6000000,600000,11200000,5300000, Approved
9837,4, Graduate, Yes,300000,1300000,2,506,400000,400000,1100000,400000, Approved
9838,5, Not Graduate, No,3900000,13500000,16,554,9800000,8600000,12500000,3300000, Rejected
9839,1, Graduate, Yes,7600000,30000000,4,645,18300000,11800000,29600000,10100000, Approved
9840,1, Not Graduate, Yes,3500000,10600000,4,469,200000,2000000,14200000,3300000, Rejected
9841,1, Graduate, No,6000000,17500000,6,832,10700000,9000000,21900000,6800000, Approved
9842,2, Not Graduate, Yes,9000000,19500000,20,367,8800000,10200000,27200000,6400000, Rejected
9843,2, Graduate, Yes,7800000,28400000,20,431,1400000,1600000,33200000,9800000, Rejected
9844,5, Graduate, Yes,1500000,4900000,6,619,3400000,1000000,3000000,900000, Approved
9845,1, Graduate, Yes,6700000,25100000,4,481,19100000,1100000,22200000,10700000, Approved
9846,3, Not Graduate, Yes,700000,1700000,8,728,1100000,700000,2500000,300000, Approved
9847,1, Not Graduate, Yes,8700000,33800000,16,652,5600000,11300000,17900000,7700000, Approved
9848,1, Graduate, Yes,5000000,15600000,4,613,7000000,3200000,18000000,2600000, Approved
9849,3, Graduate, No,500000,1700000,10,499,500000,300000,1400000,400000, Rejected
9850,2, Graduate, Yes,6000000,15400000,18,328,5900000,3800000,17000000,5900000, Rejected
9851,4, Graduate, Yes,4900000,13300000,12,448,9900000,100000,10900000,7000000, Rejected
9852,5, Graduate, Yes,5300000,17900000,12,597,3400000,800000,21300000,4500000, Approved
9853,3, Not Graduate, No,6800000,18000000,6,763,21300000,9800000,23300000,5800000, Approved
9854,4, Not Graduate, No,1600000,5000000,8,703,2200000,800000,5100000,2000000, Approved
9855,0, Not Graduate, No,2600000,6900000,10,595,3800000,900000,6400000,2700000, Approved
9856,3, Graduate, Yes,900000,2400000,12,491,700000,0,2800000,400000, Rejected
9857,5, Not Graduate, Yes,8900000,26400000,18,351,7900000,10100000,25700000,13400000, Rejected
9858,2, Graduate, No,5400000,19000000,8,459,13400000,5200000,16500000,7300000, Rejected
9859,3, Graduate, Yes,8100000,27900000,4,440,2000000,8100000,25700000,5400000, Rejected
9860,2, Not Graduate, Yes,7000000,24200000,12,649,11800000,4600000,20300000,4900000, Approved
9861,4, Not Graduate, Yes,8800000,28900000,20,446,15100000,5700000,23000000,9100000, Rejected
9862,0, Graduate, No,700000,1700000,12,417,1400000,1100000,2200000,300000, Rejected
9863,3, Graduate, No,4300000,8300000,8,829,9500000,5100000,15900000,5200000, Rejected
9864,2, Not Graduate, Yes,1700000,3500000,20,669,2200000,1400000,4500000,1800000, Approved
9865,2, Not Graduate, No,5000000,17400000,10,474,2100000,8800000,12600000,2700000, Rejected
9866,2, Not Graduate, Yes,3900000,7500000,8,413,9900000,7000000,13100000,2100000, Rejected
9867,4, Not Graduate, Yes,6300000,19300000,10,793,12200000,7200000,21100000,7700000, Approved
9868,5, Graduate, Yes,7900000,29100000,8,355,6500000,500000,15800000,7000000, Rejected
9869,0, Graduate, No,4400000,10400000,4,663,12300000,2000000,17200000,2100000, Approved
9870,5, Not Graduate, Yes,2800000,6600000,8,716,7600000,1500000,7900000,1600000, Approved
9871,5, Not Graduate, Yes,2600000,8200000,14,748,2100000,2900000,6600000,3500000, Approved
9872,4, Not Graduate, Yes,1200000,2900000,4,746,400000,600000,3800000,1100000, Approved
9873,5, Graduate, Yes,7500000,17700000,16,788,6700000,8200000,20100000,5600000, Approved
9874,3, Graduate, Yes,800000,2500000,20,378,1500000,200000,1600000,500000, Rejected
9875,1, Graduate, Yes,4200000,10100000,2,795,4000000,4600000,15500000,4900000, Rejected
9876,1, Graduate, Yes,800000,1600000,6,771,1100000,500000,2900000,600000, Approved
9877,3, Graduate, No,7100000,18500000,2,695,6200000,7600000,14300000,3800000, Rejected
9878,3, Not Graduate, Yes,1700000,3800000,18,430,700000,400000,5700000,2500000, Rejected
9879,5, Not Graduate, Yes,7700000,24900000,20,592,5300000,8600000,25300000,10400000, Approved
9880,1, Not Graduate, Yes,200000,700000,2,524,400000,100000,900000,300000, Approved
9881,4, Not Graduate, Yes,600000,1700000,6,471,1400000,600000,1800000,200000, Rejected
9882,2, Not Graduate, No,2600000,6500000,8,390,7500000,700000,8600000,2300000, Rejected
9883,1, Not Graduate, No,7400000,24800000,14,678,3700000,11500000,15800000,5900000, Approved
9884,3, Graduate, No,4300000,11100000,6,550,10800000,4000000,14700000,5300000, Approved
9885,3, Graduate, Yes,10000000,25900000,18,459,17700000,14300000,28500000,10000000, Rejected
9886,1, Not Graduate, No,4500000,13900000,6,441,10600000,1700000,10100000,4600000, Rejected
9887,0, Graduate, Yes,8200000,17600000,20,724,22600000,0,30100000,7700000, Approved
9888,4, Not Graduate, No,2900000,9900000,2,859,800000,2500000,7500000,4400000, Approved
9889,3, Graduate, Yes,1300000,3100000,14,327,1600000,700000,4200000,700000, Rejected
9890,2, Graduate, No,2900000,9600000,16,671,7500000,2600000,6500000,3500000, Approved
9891,3, Not Graduate, No,7100000,21300000,4,724,10200000,3500000,25000000,5700000, Approved
9892,5, Graduate, No,7100000,27300000,16,354,19300000,10200000,17000000,9100000, Rejected
9893,3, Not Graduate, No,3400000,13200000,12,334,8400000,3800000,7600000,4600000, Rejected
9894,0, Not Graduate, No,8100000,20700000,4,625,13700000,11300000,26800000,7800000, Approved
9895,3, Not Graduate, No,5000000,11100000,16,822,11100000,2700000,12600000,2800000, Approved
9896,0, Graduate, Yes,5600000,12300000,6,322,8000000,7700000,10700000,2900000, Rejected
9897,3, Not Graduate, No,3900000,13300000,18,398,3200000,200000,13400000,2500000, Rejected
9898,5, Graduate, Yes,2900000,9100000,14,402,6200000,5500000,9100000,4100000, Rejected
9899,0, Graduate, Yes,6700000,27200000,14,595,14600000,0,14600000,6000000, Approved
9900,3, Not Graduate, Yes,9700000,29900000,18,476,13200000,3700000,38500000,9500000, Rejected
9901,5, Graduate, No,4100000,9100000,12,870,3100000,2700000,11400000,6000000, Approved
9902,1, Graduate, No,10000000,39600000,4,811,21500000,12200000,25100000,8900000, Approved
9903,3, Graduate, No,5900000,19300000,16,318,11200000,8600000,21600000,6100000, Rejected
9904,5, Graduate, No,3600000,13800000,20,539,1000000,4400000,8800000,4200000, Rejected
9905,5, Graduate, No,4300000,9800000,12,757,3200000,8500000,17700000,4400000, Approved
9906,0, Graduate, No,8900000,27200000,12,742,25300000,2800000,35100000,9100000, Approved
9907,2, Graduate, Yes,1700000,5200000,14,656,1000000,900000,5600000,2500000, Approved
9908,5, Not Graduate, Yes,5900000,14700000,18,465,15300000,9700000,14100000,3400000, Rejected
9909,1, Not Graduate, No,8900000,23700000,4,419,16600000,7400000,26700000,7600000, Rejected
9910,4, Not Graduate, Yes,6400000,18900000,16,345,19200000,3300000,14100000,8900000, Rejected
9911,0, Graduate, No,2700000,7200000,6,818,7700000,1200000,10100000,2300000, Approved
9912,2, Graduate, No,3400000,10400000,10,543,9100000,5500000,11000000,4600000, Approved
9913,3, Graduate, Yes,1000000,2300000,20,603,500000,1400000,1800000,500000, Approved
9914,4, Graduate, No,8400000,27300000,8,531,16900000,11500000,26100000,8600000, Rejected
9915,4, Graduate, Yes,9300000,26200000,12,363,23600000,7900000,27000000,11900000, Rejected
9916,2, Graduate, Yes,7400000,17900000,20,719,7400000,14300000,27400000,9900000, Approved
9917,1, Not Graduate, Yes,7400000,17100000,8,900,17300000,9800000,18100000,4900000, Approved
9918,5, Not Graduate, No,400000,500000,16,399,0,0,400000,300000, Rejected
9919,2, Graduate, No,6000000,23200000,2,472,4800000,2600000,22700000,3900000, Approved
9920,1, Graduate, No,5700000,15200000,8,542,9700000,9300000,21500000,7700000, Rejected
9921,5, Graduate, No,8500000,33000000,4,680,20900000,15100000,29700000,4300000, Approved
9922,4, Graduate, Yes,10200000,23600000,4,540,10000000,11300000,31400000,14700000, Rejected
9923,4, Not Graduate, No,400000,800000,10,576,500000,0,400000,200000, Approved
9924,3, Not Graduate, Yes,7600000,26200000,2,363,15000000,1900000,26000000,11600000, Approved
9925,1, Not Graduate, Yes,4400000,16900000,18,373,800000,5400000,13500000,5200000, Rejected
9926,5, Not Graduate, Yes,6300000,22900000,10,352,18100000,10500000,23500000,9000000, Rejected
9927,4, Graduate, Yes,3200000,11100000,20,875,8800000,5200000,12300000,4200000, Approved
9928,2, Not Graduate, Yes,700000,1300000,2,899,200000,200000,1100000,600000, Approved
9929,2, Not Graduate, No,7600000,18800000,20,543,2500000,9100000,28600000,12100000, Rejected
9930,0, Graduate, Yes,7100000,26400000,20,521,9900000,2600000,16400000,9000000, Rejected
9931,0, Graduate, Yes,8200000,24900000,10,602,12700000,9100000,26300000,9700000, Approved
9932,5, Not Graduate, Yes,7100000,20800000,6,615,100000,13400000,19600000,8700000, Approved
9933,4, Graduate, No,3600000,10300000,10,840,7000000,2400000,13500000,4400000, Approved
9934,3, Not Graduate, Yes,7000000,25700000,10,702,21400000,5300000,15700000,9200000, Approved
9935,0, Not Graduate, Yes,4700000,19300000,16,583,7600000,8500000,17900000,5200000, Approved
9936,4, Not Graduate, Yes,400000,1300000,10,655,400000,300000,1600000,100000, Approved
9937,1, Not Graduate, No,4700000,14000000,4,475,10800000,7600000,16900000,3700000, Rejected
9938,2, Graduate, No,9300000,28400000,14,696,11400000,15600000,20600000,10600000, Approved
9939,5, Not Graduate, No,5300000,13800000,20,888,3300000,7400000,20600000,5700000, Approved
9940,5, Graduate, Yes,4300000,8800000,6,578,5900000,900000,8400000,2600000, Approved
9941,3, Not Graduate, Yes,2900000,6900000,4,812,5700000,5500000,5600000,3100000, Approved
9942,3, Graduate, Yes,6700000,15300000,18,470,10000000,9100000,14800000,9900000, Rejected
9943,2, Not Graduate, Yes,9500000,28500000,20,756,22100000,11900000,27900000,10800000, Approved
9944,2, Graduate, No,2300000,7900000,8,739,6400000,1800000,6700000,1500000, Approved
9945,5, Not Graduate, Yes,1300000,4600000,2,580,1300000,600000,2900000,1600000, Approved
9946,3, Not Graduate, No,6200000,23000000,6,391,6800000,11400000,17800000,5200000, Rejected
9947,5, Not Graduate, No,3200000,9700000,14,620,2600000,4100000,8500000,3800000, Approved
9948,2, Graduate, No,3500000,8300000,6,653,4700000,3100000,8700000,4700000, Approved
9949,1, Not Graduate, Yes,1000000,2700000,16,351,2000000,400000,2100000,900000, Rejected
9950,0, Graduate, Yes,2600000,9900000,20,600,6400000,0,8300000,3600000, Approved
9951,3, Not Graduate, No,1500000,2500000,8,629,3500000,1700000,3400000,800000, Approved
9952,2, Not Graduate, No,8500000,20400000,2,480,4100000,2400000,32000000,10300000, Rejected
9953,1, Graduate, No,7400000,23600000,20,329,12800000,3700000,17400000,9300000, Approved
9954,0, Not Graduate, Yes,4200000,15800000,18,421,6400000,1400000,9700000,4800000, Rejected
9955,4, Not Graduate, Yes,3000000,9100000,14,784,2700000,2900000,6500000,4200000, Approved
9956,5, Not Graduate, Yes,5200000,12100000,6,796,7900000,500000,11000000,3900000, Approved
9957,5, Graduate, No,3600000,13000000,2,488,3700000,600000,7700000,2900000, Approved
9958,1, Not Graduate, Yes,7500000,22300000,12,451,13100000,9800000,16400000,4200000, Rejected
9959,1, Graduate, Yes,7500000,28700000,14,669,14500000,3900000,30700000,8800000, Approved
9960,0, Graduate, Yes,9900000,31900000,10,718,7000000,12100000,33200000,4900000, Approved
9961,3, Graduate, Yes,2400000,4900000,12,893,7000000,300000,6800000,3500000, Approved
9962,3, Graduate, No,7500000,20800000,6,732,13000000,11100000,18800000,8400000, Approved
9963,4, Graduate, No,1300000,4400000,10,329,1700000,700000,3100000,800000, Rejected
9964,1, Graduate, No,2600000,5200000,2,360,5900000,3000000,8500000,1400000, Rejected
9965,5, Not Graduate, No,800000,2900000,2,539,900000,400000,1900000,800000, Approved
9966,3, Not Graduate, Yes,9100000,27000000,20,856,18500000,10200000,27600000,12600000, Approved
9967,0, Graduate, No,6700000,15800000,2,770,18100000,10200000,20000000,6100000, Approved
9968,3, Not Graduate, Yes,5500000,20100000,14,584,14600000,2900000,20100000,4900000, Approved
9969,4, Graduate, No,3600000,10200000,12,823,7400000,2400000,14000000,4400000, Approved
9970,3, Not Graduate, No,400000,700000,6,900,400000,500000,500000,200000, Approved
9971,1, Not Graduate, Yes,3600000,10300000,12,550,6500000,400000,11400000,2800000, Rejected
9972,5, Not Graduate, Yes,4100000,9000000,2,876,6700000,5400000,11100000,6100000, Approved
9973,4, Graduate, Yes,4000000,9900000,2,424,400000,7600000,15300000,2500000, Rejected
9974,1, Not Graduate, No,8600000,31100000,6,869,13300000,9600000,31000000,8900000, Approved
9975,4, Not Graduate, Yes,8000000,22600000,14,736,11100000,11600000,19500000,5300000, Approved
9976,4, Graduate, Yes,8200000,23900000,4,611,22100000,4200000,25400000,5700000, Approved
9977,2, Not Graduate, Yes,300000,1100000,2,709,300000,100000,400000,200000, Approved
9978,3, Graduate, No,4400000,11200000,6,590,11300000,4300000,15400000,5200000, Approved
9979,4, Not Graduate, No,1400000,3600000,12,529,3000000,1700000,3200000,900000, Rejected
9980,4, Not Graduate, No,7000000,25200000,12,566,16200000,3900000,22500000,4900000, Approved
9981,5, Not Graduate, No,900000,3300000,20,821,1000000,900000,1900000,1300000, Approved
9982,1, Graduate, Yes,5000000,11900000,4,762,4700000,9300000,14400000,7100000, Approved
9983,1, Not Graduate, Yes,9000000,32100000,12,900,3900000,9200000,30300000,6400000, Approved
9984,5, Not Graduate, No,700000,2800000,12,470,1400000,400000,2900000,500000, Rejected
9985,1, Not Graduate, Yes,5800000,22600000,2,535,3300000,6300000,21600000,6800000, Approved
9986,1, Graduate, No,5300000,10700000,6,720,13800000,8500000,18500000,2800000, Rejected
9987,0, Not Graduate, Yes,2500000,8200000,10,644,6200000,4800000,7500000,2000000, Approved
9988,3, Graduate, Yes,800000,3200000,12,363,1400000,100000,1600000,500000, Rejected
9989,0, Not Graduate, Yes,2400000,9500000,8,381,2300000,300000,5900000,3200000, Rejected
9990,3, Not Graduate, Yes,9200000,19800000,14,836,400000,10600000,22700000,6400000, Approved
9991,1, Not Graduate, Yes,4300000,14300000,16,387,12500000,1300000,12800000,4700000, Rejected
9992,5, Not Graduate, No,3800000,7600000,4,693,8800000,0,9400000,3100000, Approved
9993,2, Graduate, Yes,7200000,19300000,6,539,5100000,9500000,28100000,8700000, Rejected
9994,2, Graduate, No,1500000,5200000,16,405,0,2400000,3800000,1200000, Rejected
9995,3, Graduate, Yes,5400000,15000000,8,664,11400000,7700000,19900000,3200000, Approved
9996,5, Not Graduate, Yes,6900000,25400000,6,347,2500000,11300000,30100000,9000000, Rejected
9997,3, Not Graduate, Yes,700000,1900000,18,537,700000,1300000,1400000,500000, Rejected
9998,3, Graduate, Yes,600000,1700000,4,640,200000,800000,1500000,100000, Rejected
9999,0, Graduate, Yes,1500000,3400000,18,462,2200000,600000,2300000,1200000, Rejected
10000,0, Graduate, No,4400000,11100000,20,836,6400000,2500000,11900000,5600000, Approved
